event_time;symbol;timeframe;origin;signal_class;direction;signal_entry_price;signal_exit_time;signal_exit_price;signal_move_pts;signal_duration_bars;signal_result;signal_exit_reason;position_exit_time;position_exit_price;position_move_pts;position_duration_bars;position_result;position_exit_reason;executed;skip_reason;block_reason;bre_reason;atr;spread;ema_fast;slow_ma;ma_gap_pts;slow_angle_deg;vline_state;vline_dir;sw_state;sw_score;adx;di_plus;di_minus;sl;tp1;tp2;tp3;tp4;tp5
2026.01.02 03:15:00;XAUUSD;PERIOD_M5;LIVE;VALID;SELL;4349.05;2026.01.02 03:45:00;4352.09;-304.0;6;LOSS;NEXT_SIGNAL;2026.01.02 03:50:01;4352.48;-343.0;7;LOSS;REV;YES;;;;4.64;34;4348.54;4348.55;-0.3;14.0;NO_DATA;NONE;OFF;0.82;29.52;19.27;15.97;4354.86;4344.41;4339.76;4335.12;4330.47;4325.83
2026.01.02 03:45:00;XAUUSD;PERIOD_M5;LIVE;VALID;BUY;4352.09;2026.01.02 04:05:00;4347.64;-445.0;4;LOSS;NEXT_SIGNAL;2026.01.02 04:10:01;4347.66;-443.0;5;LOSS;REV;YES;;;;4.49;34;4349.03;4348.85;17.6;0.0;BEAR;SELL;OFF;0.77;18.71;20.54;18.70;4346.47;4356.58;4361.08;4365.57;4370.06;4374.56
2026.01.02 04:05:00;XAUUSD;PERIOD_M5;LIVE;VALID;SELL;4347.64;2026.01.02 04:35:00;4352.06;-442.0;6;LOSS;NEXT_SIGNAL;2026.01.02 04:40:00;4352.37;-473.0;7;LOSS;REV;YES;;;;4.49;34;4348.86;4348.93;-7.1;0.0;BEAR;SELL;OFF;0.77;14.33;19.70;22.71;4353.25;4343.15;4338.67;4334.18;4329.69;4325.20
2026.01.02 04:35:00;XAUUSD;PERIOD_M5;LIVE;VALID;BUY;4352.06;2026.01.02 06:50:00;4372.48;2042.0;27;WIN;NEXT_SIGNAL;2026.01.02 06:55:00;4372.36;2030.0;28;WIN;REV;YES;;;;3.76;34;4348.60;4348.43;16.5;14.0;BEAR;SELL;OFF;0.81;16.10;21.00;14.96;4347.36;4355.82;4359.57;4363.33;4367.09;4370.84
2026.01.02 06:50:00;XAUUSD;PERIOD_M5;LIVE;VALID;SELL;4372.48;2026.01.02 07:05:00;4377.46;-498.0;3;LOSS;NEXT_SIGNAL;2026.01.02 07:10:00;4377.82;-534.0;4;LOSS;REV;YES;;;;2.85;34;4373.66;4373.83;-17.3;0.0;BULL;BUY;OFF;0.92;31.94;18.79;17.43;4376.04;4369.63;4366.78;4363.93;4361.08;4358.23
2026.01.02 07:05:00;XAUUSD;PERIOD_M5;LIVE;VALID;BUY;4377.46;2026.01.02 08:10:00;4375.06;-240.0;13;LOSS;NEXT_SIGNAL;2026.01.02 08:15:01;4375.02;-244.0;14;LOSS;REV;YES;;;;3.00;34;4374.06;4374.04;1.3;14.0;BULL;BUY;OFF;0.88;25.58;22.81;16.74;4373.71;4380.46;4383.46;4386.46;4389.47;4392.47
2026.01.02 08:10:00;XAUUSD;PERIOD_M5;LIVE;VALID;SELL;4375.06;2026.01.02 09:35:00;4379.65;-459.0;17;LOSS;NEXT_SIGNAL;2026.01.02 09:40:00;4380.01;-495.0;18;LOSS;REV;YES;;;;2.91;34;4377.31;4377.59;-27.8;-14.0;BULL;BUY;OFF;0.87;24.01;15.66;20.33;4378.69;4372.15;4369.25;4366.34;4363.43;4360.53
2026.01.02 09:35:00;XAUUSD;PERIOD_M5;LIVE;VALID;BUY;4379.65;2026.01.02 11:30:00;4388.21;856.0;23;WIN;NEXT_SIGNAL;2026.01.02 11:35:00;4388.16;851.0;24;WIN;REV;YES;;;;3.29;34;4376.36;4375.81;55.6;0.0;BULL;BUY;OFF;0.92;22.76;17.13;12.45;4375.54;4382.94;4386.23;4389.51;4392.80;4396.09
2026.01.02 11:30:00;XAUUSD;PERIOD_M5;LIVE;VALID;SELL;4388.21;2026.01.02 12:35:00;4394.45;-624.0;13;LOSS;NEXT_SIGNAL;2026.01.02 12:40:00;4394.78;-657.0;14;LOSS;REV;YES;;;;3.88;34;4388.44;4388.57;-12.1;0.0;BULL;BUY;OFF;0.80;23.65;22.45;16.78;4393.05;4384.34;4380.46;4376.59;4372.71;4368.84
2026.01.02 12:35:00;XAUUSD;PERIOD_M5;LIVE;VALID;BUY;4394.45;2026.01.02 13:45:00;4394.23;-22.0;14;LOSS;NEXT_SIGNAL;2026.01.02 13:50:00;4394.26;-19.0;15;LOSS;REV;YES;;;;3.03;34;4389.29;4388.44;84.8;14.0;BULL;BUY;OFF;0.82;17.24;24.00;13.52;4390.66;4397.48;4400.52;4403.55;4406.58;4409.62
2026.01.02 13:45:00;XAUUSD;PERIOD_M5;LIVE;VALID;SELL;4394.23;2026.01.02 14:15:00;4397.42;-319.0;6;LOSS;NEXT_SIGNAL;2026.01.02 14:20:00;4397.68;-345.0;7;LOSS;REV;YES;;;;2.84;34;4394.62;4394.66;-3.8;0.0;BULL;BUY;OFF;0.87;16.78;16.01;16.56;4397.78;4391.39;4388.54;4385.70;4382.86;4380.01
2026.01.02 14:15:00;XAUUSD;PERIOD_M5;LIVE;VALID;BUY;4397.42;2026.01.02 14:30:00;4393.85;-357.0;3;LOSS;NEXT_SIGNAL;2026.01.02 14:35:02;4393.88;-354.0;4;LOSS;REV;YES;;;;3.06;34;4394.88;4394.71;17.0;0.0;BULL;BUY;OFF;0.86;17.93;18.38;12.53;4393.59;4400.48;4403.54;4406.60;4409.67;4412.73
2026.01.02 14:30:00;XAUUSD;PERIOD_M5;LIVE;VALID;SELL;4393.85;2026.01.02 15:00:00;4397.48;-363.0;6;LOSS;NEXT_SIGNAL;2026.01.02 15:05:00;4397.85;-400.0;7;LOSS;REV;YES;;;;3.18;34;4394.45;4394.48;-3.5;0.0;BULL;BUY;OFF;0.75;19.80;12.83;22.89;4397.83;4390.67;4387.49;4384.31;4381.13;4377.95
2026.01.02 15:00:00;XAUUSD;PERIOD_M5;LIVE;VALID;BUY;4397.48;2026.01.02 15:20:00;4381.57;-1591.0;4;LOSS;NEXT_SIGNAL;2026.01.02 15:25:00;4381.42;-1606.0;5;LOSS;REV;YES;;;;3.67;34;4393.16;4393.12;3.8;14.0;BULL;BUY;OFF;0.78;26.34;28.13;17.89;4392.89;4401.15;4404.83;4408.50;4412.17;4415.85
2026.01.02 15:20:00;XAUUSD;PERIOD_M5;LIVE;VALID;SELL;4381.57;2026.01.02 19:00:00;4332.16;4941.0;44;WIN;NEXT_SIGNAL;2026.01.02 19:05:00;4332.09;4948.0;45;WIN;REV;YES;;;;4.94;34;4392.88;4393.35;-47.6;-14.0;BEAR;SELL;OFF;0.82;27.53;26.79;22.62;4387.74;4376.63;4371.70;4366.76;4361.83;4356.89
2026.01.02 19:00:00;XAUUSD;PERIOD_M5;LIVE;VALID;BUY;4332.16;2026.01.02 19:50:00;4325.14;-702.0;10;LOSS;NEXT_SIGNAL;2026.01.02 19:55:00;4325.19;-697.0;11;LOSS;REV;YES;;;;7.25;34;4326.17;4326.03;14.4;0.0;BEAR;SELL;OFF;0.88;27.86;20.94;15.81;4323.09;4339.41;4346.67;4353.92;4361.17;4368.43
2026.01.02 19:50:00;XAUUSD;PERIOD_M5;LIVE;VALID;SELL;4325.14;2026.01.02 21:10:00;4321.45;369.0;16;WIN;NEXT_SIGNAL;2026.01.02 21:15:00;4322.03;311.0;17;WIN;REV;YES;;;;4.82;34;4326.45;4326.53;-7.8;0.0;BEAR;SELL;OFF;0.74;16.62;13.90;18.73;4331.16;4320.32;4315.51;4310.69;4305.87;4301.05
2026.01.02 21:10:00;XAUUSD;PERIOD_M5;LIVE;VALID;BUY;4321.45;2026.01.02 22:10:00;4319.87;-158.0;12;LOSS;NEXT_SIGNAL;2026.01.02 22:15:00;4319.91;-154.0;13;LOSS;REV;YES;;;;4.51;34;4318.40;4317.80;60.1;14.0;BEAR;SELL;OFF;0.85;32.96;21.30;15.21;4315.81;4325.96;4330.47;4334.99;4339.50;4344.01
2026.01.02 22:10:00;XAUUSD;PERIOD_M5;LIVE;VALID;SELL;4319.87;2026.01.02 22:15:00;4322.17;-230.0;1;LOSS;NEXT_SIGNAL;2026.01.02 22:20:00;4322.57;-270.0;2;LOSS;REV;YES;;;;3.39;34;4319.65;4319.67;-1.9;0.0;BEAR;SELL;OFF;0.79;17.67;19.95;16.04;4324.10;4316.48;4313.10;4309.71;4306.32;4302.93
2026.01.02 22:15:00;XAUUSD;PERIOD_M5;LIVE;VALID;BUY;4322.17;2026.01.05 04:05:00;4390.93;6876.0;58;WIN;NEXT_SIGNAL;2026.01.05 04:10:00;4390.92;6875.0;59;WIN;REV;YES;;;;3.35;34;4320.21;4320.00;21.1;0.0;BEAR;SELL;OFF;0.78;17.86;20.48;13.90;4317.98;4325.52;4328.88;4332.23;4335.59;4338.94
2026.01.05 04:05:00;XAUUSD;PERIOD_M5;LIVE;VALID;SELL;4390.93;2026.01.05 04:30:00;4402.68;-1175.0;5;LOSS;NEXT_SIGNAL;2026.01.05 04:35:00;4402.91;-1198.0;6;LOSS;REV;YES;;;;11.00;34;4397.92;4399.14;-122.1;-14.0;BULL;BUY;OFF;0.89;38.22;19.49;19.21;4404.69;4379.93;4368.92;4357.92;4346.91;4335.91
2026.01.05 04:30:00;XAUUSD;PERIOD_M5;LIVE;VALID;BUY;4402.68;2026.01.05 05:55:00;4399.88;-280.0;17;LOSS;NEXT_SIGNAL;2026.01.05 06:00:00;4399.84;-284.0;18;LOSS;REV;YES;;;;7.41;34;4398.95;4398.87;7.7;14.0;BULL;BUY;OFF;0.80;36.43;35.80;9.39;4393.42;4410.09;4417.49;4424.90;4432.30;4439.71
2026.01.05 05:55:00;XAUUSD;PERIOD_M5;LIVE;VALID;SELL;4399.88;2026.01.05 06:40:00;4405.77;-589.0;9;LOSS;NEXT_SIGNAL;2026.01.05 06:45:00;4406.07;-619.0;10;LOSS;REV;YES;;;;4.59;34;4405.70;4406.62;-92.3;0.0;BULL NOISE;BUY;OFF;0.78;23.93;13.78;26.01;4405.61;4395.29;4390.71;4386.12;4381.53;4376.95
2026.01.05 06:40:00;XAUUSD;PERIOD_M5;LIVE;VALID;BUY;4405.77;2026.01.05 10:05:00;4420.53;1476.0;41;WIN;NEXT_SIGNAL;2026.01.05 10:10:00;4420.73;1496.0;42;WIN;REV;YES;;;;3.55;34;4404.70;4404.63;6.9;0.0;BULL;BUY;OFF;0.88;22.52;25.78;12.52;4401.33;4409.32;4412.87;4416.42;4419.98;4423.53
2026.01.05 10:05:00;XAUUSD;PERIOD_M5;LIVE;VALID;SELL;4420.53;2026.01.05 10:10:00;4424.14;-361.0;1;LOSS;NEXT_SIGNAL;2026.01.05 10:15:00;4424.52;-399.0;2;LOSS;REV;YES;;;;3.47;34;4421.29;4421.32;-2.7;0.0;BULL;BUY;OFF;0.94;32.58;18.05;8.72;4424.87;4417.06;4413.58;4410.11;4406.64;4403.17
2026.01.05 10:10:00;XAUUSD;PERIOD_M5;LIVE;VALID;BUY;4424.14;2026.01.05 12:25:00;4433.11;897.0;27;WIN;NEXT_SIGNAL;2026.01.05 12:30:00;4432.99;885.0;28;WIN;REV;YES;;;;3.61;34;4421.93;4421.60;32.8;0.0;BULL;BUY;OFF;0.94;34.72;21.89;7.56;4419.63;4427.75;4431.36;4434.97;4438.58;4442.19
2026.01.05 12:25:00;XAUUSD;PERIOD_M5;LIVE;VALID;SELL;4433.11;2026.01.05 12:30:00;4436.43;-332.0;1;LOSS;NEXT_SIGNAL;2026.01.05 12:35:00;4436.87;-376.0;2;LOSS;REV;YES;;;;2.99;34;4433.14;4433.14;-0.7;14.0;BULL;BUY;OFF;0.78;20.68;20.11;12.52;4436.85;4430.12;4427.13;4424.14;4421.15;4418.16
2026.01.05 12:30:00;XAUUSD;PERIOD_M5;LIVE;VALID;BUY;4436.43;2026.01.05 13:05:00;4431.37;-506.0;7;LOSS;NEXT_SIGNAL;2026.01.05 13:10:00;4431.36;-507.0;8;LOSS;REV;YES;;;;3.07;34;4433.87;4433.53;34.3;0.0;BULL;BUY;OFF;0.77;21.49;18.77;10.85;4432.60;4439.50;4442.56;4445.63;4448.69;4451.76
2026.01.05 13:05:00;XAUUSD;PERIOD_M5;LIVE;VALID;SELL;4431.37;2026.01.05 15:45:00;4413.86;1751.0;32;WIN;NEXT_SIGNAL;2026.01.05 15:50:00;4414.37;1700.0;33;WIN;REV;YES;;;;3.24;34;4434.15;4434.42;-26.9;-14.0;BULL;BUY;OFF;0.82;23.38;19.15;23.40;4435.42;4428.13;4424.89;4421.65;4418.41;4415.17
2026.01.05 15:45:00;XAUUSD;PERIOD_M5;LIVE;VALID;BUY;4413.86;2026.01.05 18:05:00;4441.61;2775.0;28;WIN;NEXT_SIGNAL;2026.01.05 18:10:00;4441.52;2766.0;29;WIN;REV;YES;;;;7.01;34;4410.40;4410.16;24.0;14.0;BEAR NOISE;SELL;OFF;0.95;29.77;21.77;13.01;4405.09;4420.88;4427.89;4434.90;4441.92;4448.93
2026.01.05 18:05:00;XAUUSD;PERIOD_M5;LIVE;VALID;SELL;4441.61;2026.01.05 18:45:00;4450.83;-922.0;8;LOSS;NEXT_SIGNAL;2026.01.05 18:50:00;4451.06;-945.0;9;LOSS;REV;YES;;;;7.73;34;4444.94;4445.03;-8.8;0.0;BULL;BUY;OFF;0.80;23.92;22.76;23.13;4451.28;4433.88;4426.14;4418.41;4410.67;4402.94
2026.01.05 18:45:00;XAUUSD;PERIOD_M5;LIVE;VALID;BUY;4450.83;2026.01.05 19:00:00;4433.53;-1730.0;3;LOSS;NEXT_SIGNAL;2026.01.05 19:05:00;4433.48;-1735.0;4;LOSS;REV;YES;;;;5.68;34;4445.90;4445.34;56.2;0.0;BULL;BUY;OFF;0.83;16.09;23.23;16.24;4443.73;4456.51;4462.20;4467.88;4473.56;4479.24
2026.01.05 19:00:00;XAUUSD;PERIOD_M5;LIVE;VALID;SELL;4433.53;2026.01.05 19:25:00;4445.72;-1219.0;5;LOSS;NEXT_SIGNAL;2026.01.05 19:30:00;4446.07;-1254.0;6;LOSS;REV;YES;;;;5.80;34;4443.32;4444.49;-116.9;-26.6;BULL NOISE;BUY;OFF;0.83;17.22;24.58;31.56;4440.78;4427.73;4421.92;4416.12;4410.32;4404.52
2026.01.05 19:25:00;XAUUSD;PERIOD_M5;LIVE;VALID;BUY;4445.72;2026.01.05 19:40:00;4439.50;-622.0;3;LOSS;NEXT_SIGNAL;2026.01.05 19:45:00;4439.51;-621.0;4;LOSS;REV;YES;;;;5.30;34;4444.29;4444.22;6.6;0.0;BULL;BUY;OFF;0.77;19.65;33.83;16.27;4439.09;4451.02;4456.33;4461.63;4466.93;4472.24
2026.01.05 19:40:00;XAUUSD;PERIOD_M5;LIVE;VALID;SELL;4439.50;2026.01.05 20:05:00;4445.33;-583.0;5;LOSS;NEXT_SIGNAL;2026.01.05 20:10:00;4445.71;-621.0;6;LOSS;REV;YES;;;;5.48;34;4443.22;4443.68;-46.1;-14.0;BULL;BUY;OFF;0.75;17.01;22.03;26.33;4446.34;4434.02;4428.55;4423.07;4417.60;4412.12
2026.01.05 20:05:00;XAUUSD;PERIOD_M5;LIVE;VALID;BUY;4445.33;2026.01.05 20:30:00;4442.46;-287.0;5;LOSS;NEXT_SIGNAL;2026.01.05 20:35:00;4442.45;-288.0;6;LOSS;REV;YES;;;;4.86;34;4443.95;4443.78;16.4;14.0;BULL;BUY;OFF;0.87;12.46;22.19;18.01;4439.25;4450.19;4455.05;4459.92;4464.78;4469.64
2026.01.05 20:30:00;XAUUSD;PERIOD_M5;LIVE;VALID;SELL;4442.46;2026.01.05 20:45:00;4445.42;-296.0;3;LOSS;NEXT_SIGNAL;2026.01.05 20:50:00;4445.59;-313.0;4;LOSS;REV;YES;;;;4.27;34;4443.83;4443.94;-10.9;0.0;BULL;BUY;OFF;0.89;12.81;14.39;19.06;4447.80;4438.19;4433.92;4429.65;4425.38;4421.11
2026.01.05 20:45:00;XAUUSD;PERIOD_M5;LIVE;VALID;BUY;4445.42;2026.01.05 21:05:00;4437.36;-806.0;4;LOSS;NEXT_SIGNAL;2026.01.05 21:10:00;4437.44;-798.0;5;LOSS;REV;YES;;;;4.09;34;4444.22;4444.20;1.4;0.0;BULL;BUY;OFF;0.91;9.36;13.83;13.46;4440.31;4449.51;4453.59;4457.68;4461.76;4465.85
2026.01.05 21:05:00;XAUUSD;PERIOD_M5;LIVE;VALID;SELL;4437.36;2026.01.05 22:15:00;4444.94;-758.0;14;LOSS;NEXT_SIGNAL;2026.01.05 22:20:00;4445.25;-789.0;15;LOSS;REV;YES;;;;4.40;34;4444.19;4444.46;-27.0;-14.0;BULL NOISE;BUY;OFF;0.88;15.14;18.19;19.02;4442.86;4432.96;4428.56;4424.16;4419.76;4415.36
2026.01.05 22:15:00;XAUUSD;PERIOD_M5;LIVE;VALID;BUY;4444.94;2026.01.05 22:40:00;4437.98;-696.0;5;LOSS;NEXT_SIGNAL;2026.01.05 22:45:00;4438.08;-686.0;6;LOSS;REV;YES;;;;3.50;34;4443.01;4442.75;26.0;0.0;BULL;BUY;OFF;0.78;14.98;13.51;13.01;4440.56;4448.44;4451.94;4455.45;4458.95;4462.45
2026.01.05 22:40:00;XAUUSD;PERIOD_M5;LIVE;VALID;SELL;4437.98;2026.01.05 23:00:00;4446.25;-827.0;4;LOSS;NEXT_SIGNAL;2026.01.05 23:05:00;4446.72;-874.0;5;LOSS;REV;YES;;;;3.38;34;4441.75;4442.36;-60.0;0.0;BULL NOISE;BUY;OFF;0.91;20.22;10.52;23.00;4442.20;4434.60;4431.22;4427.85;4424.47;4421.09
2026.01.05 23:00:00;XAUUSD;PERIOD_M5;LIVE;VALID;BUY;4446.25;2026.01.06 01:30:00;4441.29;-496.0;18;LOSS;NEXT_SIGNAL;2026.01.06 01:35:00;4441.30;-495.0;19;LOSS;REV;YES;;;;3.76;40;4443.18;4442.78;40.3;0.0;BULL;BUY;OFF;0.91;20.66;24.03;12.97;4441.55;4450.01;4453.76;4457.52;4461.28;4465.03
2026.01.06 01:30:00;XAUUSD;PERIOD_M5;LIVE;VALID;SELL;4441.29;2026.01.06 03:15:00;4440.79;50.0;21;WIN;NEXT_SIGNAL;2026.01.06 03:20:00;4441.07;22.0;22;WIN;REV;YES;;;;3.82;34;4448.50;4448.91;-41.1;-14.0;BEAR NOISE;SELL;OFF;0.82;37.48;21.28;29.51;4446.06;4437.47;4433.65;4429.83;4426.01;4422.19
2026.01.06 03:15:00;XAUUSD;PERIOD_M5;LIVE;VALID;BUY;4440.79;2026.01.06 03:25:00;4434.89;-590.0;2;LOSS;NEXT_SIGNAL;2026.01.06 03:30:00;4435.08;-571.0;3;LOSS;REV;YES;;;;4.70;34;4438.33;4438.04;29.1;0.0;BEAR;SELL;OFF;0.85;19.50;21.89;18.85;4434.91;4445.49;4450.20;4454.90;4459.61;4464.31
2026.01.06 03:25:00;XAUUSD;PERIOD_M5;LIVE;VALID;SELL;4434.89;2026.01.06 03:35:00;4440.06;-517.0;2;LOSS;NEXT_SIGNAL;2026.01.06 03:40:00;4440.41;-552.0;3;LOSS;REV;YES;;;;4.98;34;4437.13;4437.42;-28.8;-14.0;BEAR;SELL;OFF;0.86;19.38;16.44;27.54;4441.11;4429.91;4424.94;4419.96;4414.99;4410.01
2026.01.06 03:35:00;XAUUSD;PERIOD_M5;LIVE;VALID;BUY;4440.06;2026.01.06 06:30:00;4465.85;2579.0;35;WIN;NEXT_SIGNAL;2026.01.06 06:35:00;4465.75;2569.0;36;WIN;REV;YES;;;;5.41;34;4437.61;4437.44;17.9;0.0;BEAR;SELL;OFF;0.87;19.35;20.65;24.19;4433.29;4445.47;4450.89;4456.30;4461.71;4467.12
2026.01.06 06:30:00;XAUUSD;PERIOD_M5;LIVE;VALID;SELL;4465.85;2026.01.06 06:55:00;4467.35;-150.0;5;LOSS;NEXT_SIGNAL;2026.01.06 07:00:00;4467.68;-183.0;6;LOSS;REV;YES;;;;2.51;34;4465.42;4465.45;-3.3;0.0;BEAR;SELL;OFF;0.83;24.56;22.76;21.56;4468.98;4463.34;4460.84;4458.33;4455.82;4453.31
2026.01.06 06:55:00;XAUUSD;PERIOD_M5;LIVE;VALID;BUY;4467.35;2026.01.06 07:40:00;4463.02;-433.0;9;LOSS;NEXT_SIGNAL;2026.01.06 07:45:00;4463.28;-407.0;10;LOSS;REV;YES;;;;2.41;34;4465.97;4465.80;17.2;0.0;BEAR;SELL;OFF;0.83;19.72;26.45;16.78;4464.33;4469.77;4472.18;4474.60;4477.01;4479.43
2026.01.06 07:40:00;XAUUSD;PERIOD_M5;LIVE;VALID;SELL;4463.02;2026.01.06 08:35:00;4464.15;-113.0;11;LOSS;NEXT_SIGNAL;2026.01.06 08:40:00;4464.41;-139.0;12;LOSS;REV;YES;;;;3.14;34;4466.55;4466.87;-31.3;0.0;BEAR;SELL;OFF;0.76;28.02;21.02;18.75;4466.95;4459.88;4456.73;4453.59;4450.44;4447.30
2026.01.06 08:35:00;XAUUSD;PERIOD_M5;LIVE;VALID;BUY;4464.15;2026.01.06 09:50:00;4461.17;-298.0;15;LOSS;NEXT_SIGNAL;2026.01.06 09:55:00;4461.09;-306.0;16;LOSS;REV;YES;;;;4.79;34;4460.92;4460.56;36.0;14.0;BEAR;SELL;OFF;0.95;27.72;28.51;11.21;4458.16;4468.94;4473.73;4478.52;4483.30;4488.09
2026.01.06 09:50:00;XAUUSD;PERIOD_M5;LIVE;VALID;SELL;4461.17;2026.01.06 10:20:00;4469.06;-789.0;6;LOSS;NEXT_SIGNAL;2026.01.06 10:25:00;4469.53;-836.0;7;LOSS;REV;YES;;;;3.49;34;4464.28;4464.83;-54.8;0.0;BEAR;SELL;OFF;0.92;21.57;14.02;22.37;4465.53;4457.68;4454.19;4450.70;4447.21;4443.72
2026.01.06 10:20:00;XAUUSD;PERIOD_M5;LIVE;VALID;BUY;4469.06;2026.01.06 11:05:00;4461.51;-755.0;9;LOSS;NEXT_SIGNAL;2026.01.06 11:10:00;4461.42;-764.0;10;LOSS;REV;YES;;;;3.57;34;4464.58;4464.29;28.5;0.0;BEAR NOISE;SELL;OFF;0.86;21.86;33.19;16.57;4464.60;4472.63;4476.20;4479.77;4483.34;4486.91
2026.01.06 11:05:00;XAUUSD;PERIOD_M5;LIVE;VALID;SELL;4461.51;2026.01.06 12:40:00;4451.02;1049.0;19;WIN;NEXT_SIGNAL;2026.01.06 12:45:00;4451.34;1017.0;20;WIN;REV;YES;;;;3.91;34;4465.13;4465.41;-28.6;0.0;BEAR;SELL;OFF;0.91;17.86;19.25;28.35;4466.40;4457.60;4453.69;4449.78;4445.87;4441.96
2026.01.06 12:40:00;XAUUSD;PERIOD_M5;LIVE;VALID;BUY;4451.02;2026.01.06 14:45:00;4460.34;932.0;25;WIN;NEXT_SIGNAL;2026.01.06 14:50:00;4460.40;938.0;26;WIN;REV;YES;;;;4.53;34;4451.31;4451.20;11.0;0.0;BEAR;SELL;OFF;0.89;26.18;20.30;17.19;4445.35;4455.55;4460.08;4464.62;4469.15;4473.68
2026.01.06 14:45:00;XAUUSD;PERIOD_M5;LIVE;VALID;SELL;4460.34;2026.01.06 14:55:00;4463.56;-322.0;2;LOSS;NEXT_SIGNAL;2026.01.06 15:00:00;4463.91;-357.0;3;LOSS;REV;YES;;;;3.07;34;4461.51;4461.56;-4.8;0.0;BULL;BUY;OFF;0.74;28.29;16.00;14.28;4464.18;4457.27;4454.20;4451.12;4448.05;4444.98
2026.01.06 14:55:00;XAUUSD;PERIOD_M5;LIVE;VALID;BUY;4463.56;2026.01.06 15:25:00;4459.04;-452.0;6;LOSS;NEXT_SIGNAL;2026.01.06 15:30:00;4459.24;-432.0;7;LOSS;REV;YES;;;;3.01;34;4462.15;4462.09;6.2;14.0;BULL;BUY;OFF;0.75;25.26;22.50;13.34;4459.80;4466.57;4469.57;4472.58;4475.58;4478.59
2026.01.06 15:25:00;XAUUSD;PERIOD_M5;LIVE;VALID;SELL;4459.04;2026.01.06 15:55:00;4467.91;-887.0;6;LOSS;NEXT_SIGNAL;2026.01.06 16:00:00;4468.26;-922.0;7;LOSS;REV;YES;;;;4.18;34;4462.58;4462.86;-27.6;0.0;BULL;BUY;OFF;0.85;21.19;21.45;21.78;4464.26;4454.86;4450.69;4446.51;4442.33;4438.15
2026.01.06 15:55:00;XAUUSD;PERIOD_M5;LIVE;VALID;BUY;4467.91;2026.01.06 17:30:00;4469.80;189.0;19;WIN;NEXT_SIGNAL;2026.01.06 17:35:00;4469.82;191.0;20;WIN;REV;YES;;;;5.19;34;4462.83;4462.37;45.8;14.0;BULL;BUY;OFF;0.87;15.57;26.67;16.75;4461.42;4473.10;4478.30;4483.49;4488.69;4493.88
2026.01.06 17:30:00;XAUUSD;PERIOD_M5;LIVE;VALID;SELL;4469.80;2026.01.06 18:20:00;4481.98;-1218.0;10;LOSS;NEXT_SIGNAL;2026.01.06 18:25:00;4482.33;-1253.0;11;LOSS;REV;YES;;;;7.59;34;4477.58;4478.51;-92.7;-14.0;BULL NOISE;BUY;OFF;0.74;22.04;17.01;22.91;4479.29;4462.21;4454.62;4447.02;4439.43;4431.84
2026.01.06 18:20:00;XAUUSD;PERIOD_M5;LIVE;VALID;BUY;4481.98;2026.01.06 19:40:00;4483.83;185.0;16;WIN;NEXT_SIGNAL;2026.01.06 19:45:00;4483.89;191.0;17;WIN;REV;YES;;;;6.72;34;4478.58;4477.94;63.6;0.0;BULL;BUY;OFF;0.77;16.60;30.74;16.44;4473.58;4488.70;4495.42;4502.14;4508.85;4515.57
2026.01.06 19:40:00;XAUUSD;PERIOD_M5;LIVE;VALID;SELL;4483.83;2026.01.06 19:55:00;4489.46;-563.0;3;LOSS;NEXT_SIGNAL;2026.01.06 20:00:00;4489.54;-571.0;4;LOSS;REV;YES;;;;3.75;34;4486.72;4486.88;-16.6;0.0;BULL;BUY;OFF;0.86;39.15;12.63;18.79;4488.52;4480.08;4476.33;4472.57;4468.82;4465.07
2026.01.06 19:55:00;XAUUSD;PERIOD_M5;LIVE;VALID;BUY;4489.46;2026.01.06 20:30:00;4484.09;-537.0;7;LOSS;NEXT_SIGNAL;2026.01.06 20:35:00;4484.06;-540.0;8;LOSS;REV;YES;;;;3.68;34;4487.78;4487.59;19.1;0.0;BULL;BUY;OFF;0.85;32.85;21.65;12.23;4484.85;4493.14;4496.83;4500.51;4504.20;4507.88
2026.01.06 20:30:00;XAUUSD;PERIOD_M5;LIVE;VALID;SELL;4484.09;2026.01.06 22:10:00;4485.35;-126.0;20;LOSS;NEXT_SIGNAL;2026.01.06 22:15:01;4485.70;-161.0;21;LOSS;REV;YES;;;;3.92;34;4487.45;4487.96;-51.1;-14.0;BULL NOISE;BUY;OFF;0.81;22.04;21.06;25.31;4488.99;4480.17;4476.24;4472.32;4468.40;4464.48
2026.01.06 22:10:00;XAUUSD;PERIOD_M5;LIVE;VALID;BUY;4485.35;2026.01.07 01:45:00;4493.42;807.0;31;WIN;NEXT_SIGNAL;2026.01.07 01:50:00;4493.49;814.0;32;WIN;REV;YES;;;;3.25;34;4483.19;4482.84;35.7;0.0;BULL;BUY;OFF;0.83;17.73;24.36;16.17;4481.28;4488.60;4491.86;4495.11;4498.36;4501.62
2026.01.07 01:45:00;XAUUSD;PERIOD_M5;LIVE;VALID;SELL;4493.42;2026.01.07 04:25:00;4473.73;1969.0;32;WIN;NEXT_SIGNAL;2026.01.07 04:30:00;4474.05;1937.0;33;WIN;REV;YES;;;;2.22;34;4496.23;4496.68;-45.1;0.0;BULL NOISE;BUY;OFF;0.83;33.52;17.62;33.47;4496.19;4491.20;4488.98;4486.77;4484.55;4482.33
2026.01.07 04:25:00;XAUUSD;PERIOD_M5;LIVE;VALID;BUY;4473.73;2026.01.07 05:55:00;4474.61;88.0;18;WIN;NEXT_SIGNAL;2026.01.07 06:00:00;4474.60;87.0;19;WIN;REV;YES;;;;6.03;34;4471.18;4470.93;25.1;0.0;BEAR;SELL;OFF;0.87;30.47;22.72;19.91;4466.20;4479.76;4485.78;4491.81;4497.84;4503.87
2026.01.07 05:55:00;XAUUSD;PERIOD_M5;LIVE;VALID;SELL;4474.61;2026.01.07 07:20:00;4469.61;500.0;17;WIN;NEXT_SIGNAL;2026.01.07 07:25:00;4469.92;469.0;18;WIN;REV;YES;;;;3.45;34;4476.38;4476.62;-24.4;0.0;BEAR;SELL;OFF;0.90;18.74;8.40;20.19;4478.92;4471.16;4467.72;4464.27;4460.82;4457.38
2026.01.07 07:20:00;XAUUSD;PERIOD_M5;LIVE;VALID;BUY;4469.61;2026.01.07 07:30:00;4453.78;-1583.0;2;LOSS;NEXT_SIGNAL;2026.01.07 07:35:00;4453.91;-1570.0;3;LOSS;REV;YES;;;;3.66;34;4467.04;4466.96;8.4;14.0;BEAR;SELL;OFF;0.84;41.57;14.01;10.17;4465.04;4473.26;4476.92;4480.57;4484.23;4487.89
2026.01.07 07:30:00;XAUUSD;PERIOD_M5;LIVE;VALID;SELL;4453.78;2026.01.07 09:25:00;4454.82;-104.0;23;LOSS;NEXT_SIGNAL;2026.01.07 09:30:00;4455.21;-143.0;24;LOSS;REV;YES;;;;4.36;34;4464.36;4465.59;-122.5;-26.6;BEAR;SELL;OFF;0.87;36.93;12.46;19.48;4459.23;4449.42;4445.06;4440.69;4436.33;4431.97
2026.01.07 09:25:00;XAUUSD;PERIOD_M5;LIVE;VALID;BUY;4454.82;2026.01.07 11:05:00;4461.25;643.0;20;WIN;NEXT_SIGNAL;2026.01.07 11:10:00;4461.26;644.0;21;WIN;REV;YES;;;;4.73;34;4450.94;4450.49;44.4;14.0;BEAR;SELL;OFF;0.87;26.00;33.13;14.53;4448.91;4459.55;4464.28;4469.01;4473.73;4478.46
2026.01.07 11:05:00;XAUUSD;PERIOD_M5;LIVE;VALID;SELL;4461.25;2026.01.07 12:15:00;4464.96;-371.0;14;LOSS;NEXT_SIGNAL;2026.01.07 12:20:02;4465.31;-406.0;15;LOSS;REV;YES;;;;4.33;34;4465.66;4465.90;-24.1;-14.0;BEAR;SELL;OFF;0.81;41.15;16.66;26.00;4466.66;4456.92;4452.60;4448.27;4443.94;4439.62
2026.01.07 12:15:00;XAUUSD;PERIOD_M5;LIVE;VALID;BUY;4464.96;2026.01.07 12:25:00;4459.80;-516.0;2;LOSS;NEXT_SIGNAL;2026.01.07 12:30:00;4459.76;-520.0;3;LOSS;REV;YES;;;;3.24;34;4464.12;4464.03;8.7;0.0;BEAR;SELL;OFF;0.88;19.61;22.49;14.66;4460.91;4468.20;4471.43;4474.67;4477.91;4481.14
2026.01.07 12:25:00;XAUUSD;PERIOD_M5;LIVE;VALID;SELL;4459.80;2026.01.07 12:40:00;4465.96;-616.0;3;LOSS;NEXT_SIGNAL;2026.01.07 12:45:00;4466.20;-640.0;4;LOSS;REV;YES;;;;3.21;34;4463.20;4463.55;-35.0;-14.0;BEAR;SELL;OFF;0.87;18.41;16.90;28.25;4463.81;4456.59;4453.39;4450.18;4446.98;4443.77
2026.01.07 12:40:00;XAUUSD;PERIOD_M5;LIVE;VALID;BUY;4465.96;2026.01.07 13:05:00;4462.25;-371.0;5;LOSS;NEXT_SIGNAL;2026.01.07 13:10:00;4462.27;-369.0;6;LOSS;REV;YES;;;;3.21;34;4464.10;4463.79;31.3;0.0;BEAR;SELL;OFF;0.87;17.09;25.04;18.39;4461.95;4469.17;4472.38;4475.59;4478.80;4482.01
2026.01.07 13:05:00;XAUUSD;PERIOD_M5;LIVE;VALID;SELL;4462.25;2026.01.07 14:45:00;4453.28;897.0;20;WIN;NEXT_SIGNAL;2026.01.07 14:50:00;4453.59;866.0;21;WIN;REV;YES;;;;2.89;34;4463.97;4464.03;-6.3;0.0;BEAR;SELL;OFF;0.83;21.69;13.81;31.11;4465.87;4459.36;4456.47;4453.57;4450.68;4447.79
2026.01.07 14:45:00;XAUUSD;PERIOD_M5;LIVE;VALID;BUY;4453.28;2026.01.07 14:55:00;4444.92;-836.0;2;LOSS;NEXT_SIGNAL;2026.01.07 15:00:00;4444.66;-862.0;3;LOSS;REV;YES;;;;5.07;34;4450.65;4450.15;50.8;0.0;BEAR;SELL;OFF;0.90;36.69;13.14;20.03;4446.95;4458.35;4463.41;4468.48;4473.54;4478.61
2026.01.07 14:55:00;XAUUSD;PERIOD_M5;LIVE;VALID;SELL;4444.92;2026.01.07 15:45:00;4447.07;-215.0;10;LOSS;NEXT_SIGNAL;2026.01.07 15:50:00;4446.95;-203.0;11;LOSS;REV;YES;;;;5.24;34;4448.99;4449.19;-20.9;-26.6;BEAR;SELL;OFF;0.88;37.33;9.87;29.36;4451.47;4439.68;4434.44;4429.20;4423.95;4418.71
2026.01.07 15:45:00;XAUUSD;PERIOD_M5;LIVE;VALID;BUY;4447.07;2026.01.07 16:35:00;4441.04;-603.0;10;LOSS;NEXT_SIGNAL;2026.01.07 16:40:00;4440.95;-612.0;11;LOSS;REV;YES;;;;7.34;34;4443.57;4443.31;26.0;0.0;BEAR;SELL;OFF;0.72;25.65;18.79;16.57;4437.89;4454.41;4461.76;4469.10;4476.44;4483.79
2026.01.07 16:35:00;XAUUSD;PERIOD_M5;LIVE;VALID;SELL;4441.04;2026.01.07 17:35:00;4448.41;-737.0;12;LOSS;NEXT_SIGNAL;2026.01.07 17:40:00;4448.79;-775.0;13;LOSS;REV;YES;;;;6.83;34;4446.09;4446.23;-13.7;-14.0;BEAR;SELL;OFF;0.78;15.48;15.25;17.77;4449.58;4434.21;4427.38;4420.55;4413.71;4406.88
2026.01.07 17:35:00;XAUUSD;PERIOD_M5;LIVE;VALID;BUY;4448.41;2026.01.07 19:30:00;4459.44;1103.0;23;WIN;NEXT_SIGNAL;2026.01.07 19:35:00;4459.42;1101.0;24;WIN;REV;YES;;;;8.97;34;4441.38;4441.04;33.7;14.0;BEAR;SELL;OFF;0.90;21.74;32.70;16.68;4437.20;4457.38;4466.35;4475.31;4484.28;4493.25
2026.01.07 19:30:00;XAUUSD;PERIOD_M5;LIVE;VALID;SELL;4459.44;2026.01.07 20:40:00;4456.12;332.0;14;WIN;NEXT_SIGNAL;2026.01.07 20:45:02;4456.55;289.0;15;WIN;REV;YES;;;;4.47;34;4460.26;4460.69;-42.6;14.0;BEAR;SELL;OFF;0.80;21.75;16.65;21.99;4465.03;4454.97;4450.50;4446.02;4441.55;4437.08
2026.01.07 20:40:00;XAUUSD;PERIOD_M5;LIVE;VALID;BUY;4456.12;2026.01.07 20:55:00;4452.00;-412.0;3;LOSS;NEXT_SIGNAL;2026.01.07 21:00:00;4451.99;-413.0;4;LOSS;REV;YES;;;;4.15;34;4454.65;4454.30;35.0;0.0;BEAR;SELL;OFF;0.92;29.93;19.67;12.87;4450.93;4460.27;4464.42;4468.57;4472.73;4476.88
2026.01.07 20:55:00;XAUUSD;PERIOD_M5;LIVE;VALID;SELL;4452.00;2026.01.07 21:00:00;4454.95;-295.0;1;LOSS;NEXT_SIGNAL;2026.01.07 21:05:00;4455.25;-325.0;2;LOSS;REV;YES;;;;4.03;34;4453.57;4453.57;-0.1;-14.0;BEAR;SELL;OFF;0.89;28.88;12.81;26.11;4457.04;4447.97;4443.93;4439.90;4435.86;4431.83
2026.01.07 21:00:00;XAUUSD;PERIOD_M5;LIVE;VALID;BUY;4454.95;2026.01.07 21:05:00;4450.33;-462.0;1;LOSS;NEXT_SIGNAL;2026.01.07 21:10:00;4450.32;-463.0;2;LOSS;REV;YES;;;;4.01;34;4453.88;4453.62;26.0;14.0;BEAR;SELL;OFF;0.91;26.51;18.09;22.63;4449.94;4458.96;4462.96;4466.97;4470.97;4474.98
2026.01.07 21:05:00;XAUUSD;PERIOD_M5;LIVE;VALID;SELL;4450.33;2026.01.07 21:35:00;4455.04;-471.0;6;LOSS;NEXT_SIGNAL;2026.01.07 21:40:00;4455.33;-500.0;7;LOSS;REV;YES;;;;4.07;34;4453.09;4453.25;-15.7;-14.0;BEAR;SELL;OFF;0.92;25.26;15.67;22.15;4455.41;4446.26;4442.20;4438.13;4434.07;4430.00
2026.01.07 21:35:00;XAUUSD;PERIOD_M5;LIVE;VALID;BUY;4455.04;2026.01.07 22:55:00;4451.85;-319.0;16;LOSS;NEXT_SIGNAL;2026.01.07 23:00:00;4452.15;-289.0;17;LOSS;REV;YES;;;;3.91;34;4452.49;4452.36;13.1;14.0;BEAR;SELL;OFF;0.82;24.96;21.88;16.89;4450.15;4458.95;4462.87;4466.78;4470.69;4474.61
2026.01.07 22:55:00;XAUUSD;PERIOD_M5;LIVE;VALID;SELL;4451.85;2026.01.08 02:25:00;4456.86;-501.0;30;LOSS;NEXT_SIGNAL;2026.01.08 01:00:00;4457.20;-535.0;13;LOSS;REV;YES;;;;3.49;34;4456.45;4456.88;-42.6;-14.0;BEAR;SELL;OFF;0.83;13.72;16.51;24.56;4456.22;4448.36;4444.87;4441.37;4437.88;4434.39
2026.01.08 02:25:00;XAUUSD;PERIOD_M5;LIVE;VALID;SELL;4456.86;2026.01.08 03:20:00;4457.45;-59.0;11;LOSS;NEXT_SIGNAL;2026.01.08 03:25:00;4457.76;-90.0;12;LOSS;REV;NO;POSITION_ACTIVE;;;2.72;34;4461.18;4461.78;-59.5;-14.0;BULL NOISE;BUY;OFF;0.87;29.11;15.10;32.26;4460.26;4454.14;4451.43;4448.71;4445.99;4443.27
2026.01.08 03:20:00;XAUUSD;PERIOD_M5;LIVE;VALID;BUY;4457.45;2026.01.08 03:30:00;4452.11;-534.0;2;LOSS;NEXT_SIGNAL;2026.01.08 03:35:00;4452.12;-533.0;3;LOSS;REV;YES;;;;4.88;34;4456.06;4456.01;5.2;0.0;BEAR;SELL;OFF;0.87;29.17;19.01;20.05;4451.35;4462.33;4467.21;4472.10;4476.98;4481.86
2026.01.08 03:30:00;XAUUSD;PERIOD_M5;LIVE;VALID;SELL;4452.11;2026.01.08 03:35:00;4455.65;-354.0;1;LOSS;NEXT_SIGNAL;2026.01.08 03:40:00;4455.98;-387.0;2;LOSS;REV;YES;;;;5.09;34;4455.01;4455.24;-23.3;-14.0;BEAR;SELL;OFF;0.86;29.08;14.28;29.57;4458.48;4447.02;4441.93;4436.83;4431.74;4426.65
2026.01.08 03:35:00;XAUUSD;PERIOD_M5;LIVE;VALID;BUY;4455.65;2026.01.08 03:40:00;4447.49;-816.0;1;LOSS;NEXT_SIGNAL;2026.01.08 03:45:00;4447.44;-821.0;2;LOSS;REV;YES;;;;5.13;34;4455.15;4455.11;3.7;0.0;BEAR;SELL;OFF;0.85;29.85;12.38;25.63;4449.23;4460.78;4465.92;4471.05;4476.18;4481.31
2026.01.08 03:40:00;XAUUSD;PERIOD_M5;LIVE;VALID;SELL;4447.49;2026.01.08 05:20:00;4443.52;397.0;20;WIN;NEXT_SIGNAL;2026.01.08 05:25:00;4443.90;359.0;21;WIN;REV;YES;;;;5.63;34;4453.45;4454.25;-79.8;-26.6;BEAR;SELL;OFF;0.83;31.89;10.73;28.42;4454.53;4441.86;4436.23;4430.59;4424.96;4419.33
2026.01.08 05:20:00;XAUUSD;PERIOD_M5;LIVE;VALID;BUY;4443.52;2026.01.08 05:55:00;4440.20;-332.0;7;LOSS;NEXT_SIGNAL;2026.01.08 06:00:00;4440.13;-339.0;8;LOSS;REV;YES;;;;4.78;34;4442.02;4441.76;26.5;0.0;BEAR;SELL;OFF;0.83;30.68;18.38;17.96;4437.55;4448.30;4453.08;4457.86;4462.64;4467.42
2026.01.08 05:55:00;XAUUSD;PERIOD_M5;LIVE;VALID;SELL;4440.20;2026.01.08 08:25:00;4426.11;1409.0;30;WIN;NEXT_SIGNAL;2026.01.08 08:30:00;4426.51;1369.0;31;WIN;REV;YES;;;;3.75;34;4441.37;4441.57;-19.3;0.0;BEAR;SELL;OFF;0.77;22.67;12.99;25.21;4444.88;4436.45;4432.70;4428.96;4425.21;4421.46
2026.01.08 08:25:00;XAUUSD;PERIOD_M5;LIVE;VALID;BUY;4426.11;2026.01.08 09:40:00;4431.30;519.0;15;WIN;NEXT_SIGNAL;2026.01.08 09:45:00;4431.31;520.0;16;WIN;REV;YES;;;;6.37;34;4423.17;4423.04;13.4;0.0;BEAR;SELL;OFF;0.88;37.27;23.97;12.30;4418.14;4432.48;4438.86;4445.23;4451.61;4457.98
2026.01.08 09:40:00;XAUUSD;PERIOD_M5;LIVE;VALID;SELL;4431.30;2026.01.08 11:00:00;4431.31;-1.0;16;LOSS;NEXT_SIGNAL;2026.01.08 11:05:00;4431.72;-42.0;17;LOSS;REV;YES;;;;4.32;34;4433.37;4433.38;-1.0;0.0;BEAR;SELL;OFF;0.80;27.13;8.80;19.57;4436.70;4426.98;4422.66;4418.34;4414.02;4409.70
2026.01.08 11:00:00;XAUUSD;PERIOD_M5;LIVE;VALID;BUY;4431.31;2026.01.08 12:10:00;4429.24;-207.0;14;LOSS;NEXT_SIGNAL;2026.01.08 12:15:00;4429.19;-212.0;15;LOSS;REV;YES;;;;4.99;34;4427.83;4427.44;38.9;14.0;BEAR;SELL;OFF;0.67;38.22;25.57;15.31;4425.07;4436.30;4441.30;4446.29;4451.28;4456.27
2026.01.08 12:10:00;XAUUSD;PERIOD_M5;LIVE;VALID;SELL;4429.24;2026.01.08 12:40:00;4432.53;-329.0;6;LOSS;NEXT_SIGNAL;2026.01.08 12:45:00;4432.86;-362.0;7;LOSS;REV;YES;;;;3.22;34;4430.32;4430.51;-19.1;0.0;BEAR;SELL;OFF;0.87;22.51;14.61;28.30;4433.26;4426.02;4422.80;4419.58;4416.36;4413.14
2026.01.08 12:40:00;XAUUSD;PERIOD_M5;LIVE;VALID;BUY;4432.53;2026.01.08 13:15:00;4428.75;-378.0;7;LOSS;NEXT_SIGNAL;2026.01.08 13:20:00;4428.76;-377.0;8;LOSS;REV;YES;;;;3.38;34;4429.88;4429.74;13.9;0.0;BEAR;SELL;OFF;0.89;23.74;26.29;18.10;4428.30;4435.91;4439.30;4442.68;4446.06;4449.44
2026.01.08 13:15:00;XAUUSD;PERIOD_M5;LIVE;VALID;SELL;4428.75;2026.01.08 14:35:00;4428.08;67.0;16;WIN;NEXT_SIGNAL;2026.01.08 14:40:00;4428.40;35.0;17;WIN;REV;YES;;;;3.48;34;4429.88;4429.92;-3.8;0.0;BEAR;SELL;OFF;0.92;19.38;12.78;25.87;4433.11;4425.27;4421.78;4418.30;4414.81;4411.33
2026.01.08 14:35:00;XAUUSD;PERIOD_M5;LIVE;VALID;BUY;4428.08;2026.01.08 15:55:00;4423.75;-433.0;16;LOSS;NEXT_SIGNAL;2026.01.08 16:00:00;4423.39;-469.0;17;LOSS;REV;YES;;;;5.05;34;4421.55;4421.48;6.7;14.0;BEAR NOISE;SELL;OFF;0.89;37.07;27.79;19.91;4421.76;4433.13;4438.19;4443.24;4448.30;4453.35
2026.01.08 15:55:00;XAUUSD;PERIOD_M5;LIVE;VALID;SELL;4423.75;2026.01.08 16:30:00;4430.72;-697.0;7;LOSS;NEXT_SIGNAL;2026.01.08 16:35:00;4431.07;-732.0;8;LOSS;REV;YES;;;;5.68;34;4427.15;4427.18;-3.0;-14.0;BEAR;SELL;OFF;0.85;20.78;17.89;30.23;4430.85;4418.07;4412.39;4406.71;4401.03;4395.35
2026.01.08 16:30:00;XAUUSD;PERIOD_M5;LIVE;VALID;BUY;4430.72;2026.01.08 20:00:00;4457.59;2687.0;42;WIN;NEXT_SIGNAL;2026.01.08 20:05:00;4457.60;2688.0;43;WIN;REV;YES;;;;6.84;34;4427.61;4427.17;44.3;0.0;BEAR;SELL;OFF;0.87;17.03;14.61;21.21;4422.17;4437.56;4444.40;4451.24;4458.07;4464.91
2026.01.08 20:00:00;XAUUSD;PERIOD_M5;LIVE;VALID;SELL;4457.59;2026.01.08 21:40:00;4451.49;610.0;20;WIN;NEXT_SIGNAL;2026.01.08 21:45:00;4451.85;574.0;21;WIN;REV;YES;;;;3.46;34;4460.69;4460.89;-20.2;0.0;BEAR;SELL;OFF;0.91;18.33;17.55;21.74;4461.92;4454.13;4450.66;4447.20;4443.73;4440.27
2026.01.08 21:40:00;XAUUSD;PERIOD_M5;LIVE;VALID;BUY;4451.49;2026.01.08 23:40:00;4474.14;2265.0;24;WIN;NEXT_SIGNAL;2026.01.08 23:45:00;4474.05;2256.0;25;WIN;REV;YES;;;;2.86;34;4450.14;4450.08;5.8;0.0;BEAR;SELL;OFF;0.85;28.93;20.37;21.38;4447.92;4454.35;4457.20;4460.06;4462.91;4465.77
2026.01.08 23:40:00;XAUUSD;PERIOD_M5;LIVE;VALID;SELL;4474.14;2026.01.08 23:50:00;4477.39;-325.0;2;LOSS;NEXT_SIGNAL;2026.01.08 23:55:00;4477.94;-380.0;3;LOSS;REV;YES;;;;3.23;43;4474.23;4474.38;-14.3;0.0;BULL;BUY;OFF;0.93;27.19;14.69;12.71;4478.18;4470.91;4467.68;4464.44;4461.21;4457.98
2026.01.08 23:50:00;XAUUSD;PERIOD_M5;LIVE;VALID;BUY;4477.39;2026.01.09 01:45:00;4473.54;-385.0;11;LOSS;NEXT_SIGNAL;2026.01.09 01:50:00;4473.66;-373.0;12;LOSS;REV;YES;;;;3.09;43;4475.32;4475.23;8.7;14.0;BULL;BUY;OFF;0.93;29.57;25.22;9.54;4473.52;4480.48;4483.58;4486.67;4489.76;4492.86
2026.01.09 01:45:00;XAUUSD;PERIOD_M5;LIVE;VALID;SELL;4473.54;2026.01.09 03:50:00;4467.04;650.0;25;WIN;NEXT_SIGNAL;2026.01.09 03:55:00;4467.32;622.0;26;WIN;REV;YES;;;;2.85;34;4475.59;4475.91;-32.0;0.0;BULL NOISE;BUY;OFF;0.92;33.54;13.83;17.25;4477.10;4470.69;4467.85;4465.00;4462.15;4459.30
2026.01.09 03:50:00;XAUUSD;PERIOD_M5;LIVE;VALID;BUY;4467.04;2026.01.09 05:00:00;4466.38;-66.0;14;LOSS;NEXT_SIGNAL;2026.01.09 05:05:00;4466.28;-76.0;15;LOSS;REV;YES;;;;5.10;34;4462.14;4461.16;98.1;14.0;BULL;BUY;OFF;0.85;43.21;24.39;10.81;4460.67;4472.14;4477.23;4482.33;4487.43;4492.52
2026.01.09 05:00:00;XAUUSD;PERIOD_M5;LIVE;VALID;SELL;4466.38;2026.01.09 06:55:00;4464.68;170.0;23;WIN;NEXT_SIGNAL;2026.01.09 07:00:00;4464.95;143.0;24;WIN;REV;YES;;;;4.38;34;4469.05;4469.67;-62.6;-14.0;BULL;BUY;OFF;0.83;26.18;9.53;14.17;4471.85;4462.00;4457.63;4453.25;4448.88;4444.50
2026.01.09 06:55:00;XAUUSD;PERIOD_M5;LIVE;VALID;BUY;4464.68;2026.01.09 07:20:00;4458.71;-597.0;5;LOSS;NEXT_SIGNAL;2026.01.09 07:25:00;4458.69;-599.0;6;LOSS;REV;YES;;;;2.44;34;4463.59;4463.46;13.5;0.0;BULL;BUY;OFF;0.90;32.61;21.22;9.30;4461.63;4467.12;4469.56;4472.00;4474.44;4476.88
2026.01.09 07:20:00;XAUUSD;PERIOD_M5;LIVE;VALID;SELL;4458.71;2026.01.09 07:30:00;4470.78;-1207.0;2;LOSS;NEXT_SIGNAL;2026.01.09 07:35:00;4471.07;-1236.0;3;LOSS;REV;YES;;;;2.82;34;4462.51;4463.02;-51.0;-14.0;BULL NOISE;BUY;OFF;0.85;30.10;10.37;23.90;4462.24;4455.89;4453.06;4450.24;4447.42;4444.59
2026.01.09 07:30:00;XAUUSD;PERIOD_M5;LIVE;VALID;BUY;4470.78;2026.01.09 09:20:00;4470.55;-23.0;22;LOSS;NEXT_SIGNAL;2026.01.09 09:25:00;4470.45;-33.0;23;LOSS;REV;YES;;;;3.30;34;4464.69;4463.84;85.1;26.6;BULL;BUY;OFF;0.87;27.45;21.83;17.95;4466.65;4474.09;4477.39;4480.69;4484.00;4487.30
2026.01.09 09:20:00;XAUUSD;PERIOD_M5;LIVE;VALID;SELL;4470.55;2026.01.09 10:10:00;4474.30;-375.0;10;LOSS;NEXT_SIGNAL;2026.01.09 10:15:00;4474.69;-414.0;11;LOSS;REV;YES;;;;2.94;34;4472.52;4472.58;-5.6;0.0;BULL;BUY;OFF;0.84;27.73;11.30;20.43;4474.22;4467.61;4464.68;4461.74;4458.80;4455.87
2026.01.09 10:10:00;XAUUSD;PERIOD_M5;LIVE;VALID;BUY;4474.30;2026.01.09 10:35:00;4466.69;-761.0;5;LOSS;NEXT_SIGNAL;2026.01.09 10:40:00;4466.54;-776.0;6;LOSS;REV;YES;;;;3.36;34;4472.18;4472.00;17.7;0.0;BULL;BUY;OFF;0.79;18.32;15.21;15.27;4470.10;4477.66;4481.03;4484.39;4487.75;4491.12
2026.01.09 10:35:00;XAUUSD;PERIOD_M5;LIVE;VALID;SELL;4466.69;2026.01.09 11:10:00;4474.67;-798.0;7;LOSS;NEXT_SIGNAL;2026.01.09 11:15:00;4475.00;-831.0;8;LOSS;REV;YES;;;;3.38;34;4471.08;4471.60;-51.4;-14.0;BULL NOISE;BUY;OFF;0.77;23.21;10.29;34.40;4470.91;4463.31;4459.94;4456.56;4453.18;4449.80
2026.01.09 11:10:00;XAUUSD;PERIOD_M5;LIVE;VALID;BUY;4474.67;2026.01.09 12:00:00;4470.62;-405.0;10;LOSS;NEXT_SIGNAL;2026.01.09 12:05:01;4470.57;-410.0;11;LOSS;REV;YES;;;;3.16;34;4470.78;4470.52;25.8;14.0;BULL;BUY;OFF;0.70;30.55;36.24;17.85;4470.72;4477.83;4480.99;4484.15;4487.32;4490.48
2026.01.09 12:00:00;XAUUSD;PERIOD_M5;LIVE;VALID;SELL;4470.62;2026.01.09 12:05:00;4473.74;-312.0;1;LOSS;NEXT_SIGNAL;2026.01.09 12:10:00;4474.03;-341.0;2;LOSS;REV;YES;;;;2.42;34;4471.76;4471.85;-9.6;0.0;BULL;BUY;OFF;0.69;17.28;15.40;21.70;4473.65;4468.19;4465.77;4463.35;4460.92;4458.50
2026.01.09 12:05:00;XAUUSD;PERIOD_M5;LIVE;VALID;BUY;4473.74;2026.01.09 12:10:00;4471.94;-180.0;1;LOSS;NEXT_SIGNAL;2026.01.09 12:15:00;4471.92;-182.0;2;LOSS;REV;YES;;;;2.62;34;4472.20;4472.10;10.2;14.0;BULL;BUY;OFF;0.67;15.00;18.88;18.80;4470.47;4476.36;4478.97;4481.59;4484.21;4486.83
2026.01.09 12:10:00;XAUUSD;PERIOD_M5;LIVE;VALID;SELL;4471.94;2026.01.09 12:15:00;4473.59;-165.0;1;LOSS;NEXT_SIGNAL;2026.01.09 12:20:00;4473.92;-198.0;2;LOSS;REV;YES;;;;2.59;34;4472.14;4472.16;-2.4;0.0;BULL;BUY;OFF;0.70;13.72;18.16;16.30;4475.18;4469.35;4466.76;4464.17;4461.57;4458.98
2026.01.09 12:15:00;XAUUSD;PERIOD_M5;LIVE;VALID;BUY;4473.59;2026.01.09 12:20:00;4471.56;-203.0;1;LOSS;NEXT_SIGNAL;2026.01.09 12:25:00;4471.49;-210.0;2;LOSS;REV;YES;;;;2.54;34;4472.46;4472.38;7.9;0.0;BULL;BUY;OFF;0.68;12.38;15.74;16.94;4470.41;4476.14;4478.68;4481.22;4483.77;4486.31
2026.01.09 12:20:00;XAUUSD;PERIOD_M5;LIVE;VALID;SELL;4471.56;2026.01.09 13:00:00;4473.62;-206.0;8;LOSS;NEXT_SIGNAL;2026.01.09 13:05:00;4473.99;-243.0;9;LOSS;REV;YES;;;;2.48;34;4472.26;4472.38;-11.3;0.0;BULL;BUY;OFF;0.67;12.07;13.64;16.68;4474.66;4469.08;4466.61;4464.13;4461.65;4459.17
2026.01.09 13:00:00;XAUUSD;PERIOD_M5;LIVE;VALID;BUY;4473.62;2026.01.09 13:40:00;4470.59;-303.0;8;LOSS;NEXT_SIGNAL;2026.01.09 13:45:00;4470.24;-338.0;9;LOSS;REV;YES;;;;2.56;34;4471.55;4471.35;20.0;0.0;BULL;BUY;OFF;0.77;24.78;28.52;18.69;4470.42;4476.18;4478.74;4481.30;4483.86;4486.42
2026.01.09 13:40:00;XAUUSD;PERIOD_M5;LIVE;VALID;SELL;4470.59;2026.01.09 13:45:00;4472.27;-168.0;1;LOSS;NEXT_SIGNAL;2026.01.09 13:50:00;4472.66;-207.0;2;LOSS;REV;YES;;;;2.28;34;4471.24;4471.25;-0.7;0.0;BULL;BUY;OFF;0.83;15.28;16.16;20.86;4473.44;4468.31;4466.03;4463.76;4461.48;4459.20
2026.01.09 13:45:00;XAUUSD;PERIOD_M5;LIVE;VALID;BUY;4472.27;2026.01.09 14:25:00;4467.68;-459.0;8;LOSS;NEXT_SIGNAL;2026.01.09 14:30:00;4467.73;-454.0;9;LOSS;REV;YES;;;;2.40;34;4471.47;4471.34;13.2;0.0;BULL;BUY;OFF;0.83;15.66;14.00;20.21;4469.27;4474.67;4477.06;4479.46;4481.86;4484.25
2026.01.09 14:25:00;XAUUSD;PERIOD_M5;LIVE;VALID;SELL;4467.68;2026.01.09 15:25:00;4473.08;-540.0;12;LOSS;NEXT_SIGNAL;2026.01.09 15:30:00;4473.54;-586.0;13;LOSS;REV;YES;;;;2.88;34;4472.13;4472.68;-55.1;-14.0;BULL NOISE;BUY;OFF;0.79;21.57;21.03;34.17;4471.28;4464.80;4461.92;4459.03;4456.15;4453.27
2026.01.09 15:25:00;XAUUSD;PERIOD_M5;LIVE;BLOCKED;BUY;4473.08;2026.01.09 18:20:00;4502.23;2915.0;35;WIN;NEXT_SIGNAL;;;;;;;NO;MARKET;SPREAD;;4.99;46;4469.24;4468.71;53.0;0.0;BULL;BUY;OFF;0.84;14.29;22.52;20.56;4466.84;4478.07;4483.07;4488.06;4493.06;4498.05
2026.01.09 18:20:00;XAUUSD;PERIOD_M5;LIVE;VALID;SELL;4502.23;2026.01.09 19:05:00;4508.50;-627.0;9;LOSS;NEXT_SIGNAL;2026.01.09 19:10:00;4509.14;-691.0;10;LOSS;REV;YES;;;;6.76;34;4506.41;4506.88;-47.1;0.0;BULL;BUY;OFF;0.87;29.93;8.78;21.49;4510.68;4495.47;4488.71;4481.96;4475.20;4468.44
2026.01.09 19:05:00;XAUUSD;PERIOD_M5;LIVE;VALID;BUY;4508.50;2026.01.09 19:25:00;4503.78;-472.0;4;LOSS;NEXT_SIGNAL;2026.01.09 19:30:00;4503.82;-468.0;5;LOSS;REV;YES;;;;5.03;34;4506.59;4506.51;8.1;0.0;BULL;BUY;OFF;0.98;29.94;16.02;6.49;4502.21;4513.53;4518.56;4523.59;4528.61;4533.64
2026.01.09 19:25:00;XAUUSD;PERIOD_M5;LIVE;VALID;SELL;4503.78;2026.01.09 19:30:00;4508.06;-428.0;1;LOSS;NEXT_SIGNAL;2026.01.09 19:35:00;4508.38;-460.0;2;LOSS;REV;YES;;;;4.41;34;4505.99;4506.04;-4.2;-14.0;BULL;BUY;OFF;0.89;27.95;9.95;17.40;4509.29;4499.37;4494.96;4490.55;4486.14;4481.73
2026.01.09 19:30:00;XAUUSD;PERIOD_M5;LIVE;VALID;BUY;4508.06;2026.01.09 19:40:00;4501.88;-618.0;2;LOSS;NEXT_SIGNAL;2026.01.09 19:45:00;4501.85;-621.0;3;LOSS;REV;YES;;;;4.43;34;4506.45;4506.18;27.1;14.0;BULL;BUY;OFF;0.89;25.16;17.34;15.08;4502.52;4512.49;4516.92;4521.36;4525.79;4530.22
2026.01.09 19:40:00;XAUUSD;PERIOD_M5;LIVE;VALID;SELL;4501.88;2026.01.09 20:35:00;4503.68;-180.0;11;LOSS;NEXT_SIGNAL;2026.01.09 20:40:00;4504.05;-217.0;12;LOSS;REV;YES;;;;4.29;34;4505.37;4505.76;-38.7;0.0;BULL;BUY;OFF;0.89;23.18;13.03;22.21;4507.24;4497.59;4493.30;4489.01;4484.71;4480.42
2026.01.09 20:35:00;XAUUSD;PERIOD_M5;LIVE;VALID;BUY;4503.68;2026.01.12 03:35:00;4578.94;7526.0;72;WIN;NEXT_SIGNAL;2026.01.12 03:40:00;4578.99;7531.0;73;WIN;REV;YES;;;;5.97;34;4496.35;4495.86;49.0;14.0;BEAR NOISE;SELL;OFF;0.94;29.48;29.37;14.32;4496.22;4509.65;4515.62;4521.59;4527.56;4533.53
2026.01.12 03:35:00;XAUUSD;PERIOD_M5;LIVE;VALID;SELL;4578.94;2026.01.12 04:40:00;4578.81;13.0;13;WIN;NEXT_SIGNAL;2026.01.12 04:45:00;4579.28;-34.0;14;LOSS;REV;YES;;;;10.25;34;4580.37;4581.01;-64.0;0.0;BULL;BUY;OFF;0.85;42.41;15.30;15.81;4591.76;4568.69;4558.43;4548.18;4537.93;4527.68
2026.01.12 04:40:00;XAUUSD;PERIOD_M5;LIVE;VALID;BUY;4578.81;2026.01.12 05:45:00;4570.85;-796.0;13;LOSS;NEXT_SIGNAL;2026.01.12 05:50:00;4570.75;-806.0;14;LOSS;REV;YES;;;;6.33;34;4572.16;4571.94;22.4;0.0;BULL;BUY;OFF;0.73;24.85;23.85;13.41;4570.90;4585.14;4591.46;4597.79;4604.12;4610.45
2026.01.12 05:45:00;XAUUSD;PERIOD_M5;LIVE;VALID;SELL;4570.85;2026.01.12 07:10:00;4570.09;76.0;17;WIN;NEXT_SIGNAL;2026.01.12 07:15:00;4570.39;46.0;18;WIN;REV;YES;;;;4.10;34;4575.16;4575.93;-77.0;0.0;BULL NOISE;BUY;OFF;0.91;24.30;14.48;28.77;4575.98;4566.75;4562.65;4558.54;4554.44;4550.34
2026.01.12 07:10:00;XAUUSD;PERIOD_M5;LIVE;VALID;BUY;4570.09;2026.01.12 08:15:00;4572.46;237.0;13;WIN;NEXT_SIGNAL;2026.01.12 08:20:00;4572.51;242.0;14;WIN;REV;YES;;;;3.23;34;4568.84;4568.57;27.9;0.0;BULL;BUY;OFF;0.90;21.05;19.67;12.78;4566.05;4573.32;4576.55;4579.78;4583.01;4586.24
2026.01.12 08:15:00;XAUUSD;PERIOD_M5;LIVE;VALID;SELL;4572.46;2026.01.12 08:55:00;4578.36;-590.0;8;LOSS;NEXT_SIGNAL;2026.01.12 09:00:00;4579.01;-655.0;9;LOSS;REV;YES;;;;4.10;34;4575.61;4575.74;-12.9;0.0;BULL NOISE;BUY;OFF;0.78;36.73;12.86;32.29;4577.59;4568.36;4564.25;4560.15;4556.05;4551.95
2026.01.12 08:55:00;XAUUSD;PERIOD_M5;LIVE;VALID;BUY;4578.36;2026.01.12 10:25:00;4583.55;519.0;18;WIN;NEXT_SIGNAL;2026.01.12 10:30:00;4583.61;525.0;19;WIN;REV;YES;;;;3.42;34;4576.08;4575.99;8.6;14.0;BULL;BUY;OFF;0.90;20.47;17.21;13.57;4574.09;4581.78;4585.20;4588.62;4592.03;4595.45
2026.01.12 10:25:00;XAUUSD;PERIOD_M5;LIVE;VALID;SELL;4583.55;2026.01.12 10:35:00;4586.78;-323.0;2;LOSS;NEXT_SIGNAL;2026.01.12 10:40:00;4587.13;-358.0;3;LOSS;REV;YES;;;;4.03;34;4583.75;4583.88;-13.3;0.0;BULL;BUY;OFF;0.94;22.66;17.94;16.65;4588.59;4579.52;4575.48;4571.45;4567.41;4563.38
2026.01.12 10:35:00;XAUUSD;PERIOD_M5;LIVE;VALID;BUY;4586.78;2026.01.12 11:50:00;4590.09;331.0;15;WIN;NEXT_SIGNAL;2026.01.12 11:55:00;4590.11;333.0;16;WIN;REV;YES;;;;3.95;34;4584.39;4584.27;12.2;0.0;BULL;BUY;OFF;0.92;21.70;24.21;12.51;4581.84;4590.73;4594.68;4598.63;4602.59;4606.54
2026.01.12 11:50:00;XAUUSD;PERIOD_M5;LIVE;VALID;SELL;4590.09;2026.01.12 12:50:00;4593.56;-347.0;12;LOSS;NEXT_SIGNAL;2026.01.12 12:55:00;4593.92;-383.0;13;LOSS;REV;YES;;;;3.75;34;4593.44;4593.82;-38.1;0.0;BULL;BUY;OFF;0.86;30.82;9.28;25.80;4594.78;4586.34;4582.58;4578.83;4575.07;4571.32
2026.01.12 12:50:00;XAUUSD;PERIOD_M5;LIVE;VALID;BUY;4593.56;2026.01.12 13:20:00;4588.15;-541.0;6;LOSS;NEXT_SIGNAL;2026.01.12 13:25:00;4588.07;-549.0;7;LOSS;REV;YES;;;;4.11;34;4591.47;4591.25;22.7;0.0;BULL;BUY;OFF;0.79;23.12;22.13;13.94;4588.42;4597.67;4601.78;4605.89;4610.00;4614.11
2026.01.12 13:20:00;XAUUSD;PERIOD_M5;LIVE;VALID;SELL;4588.15;2026.01.12 14:45:00;4586.87;128.0;17;WIN;NEXT_SIGNAL;2026.01.12 14:50:00;4586.93;122.0;18;WIN;REV;YES;;;;3.52;34;4590.68;4591.00;-31.8;0.0;BULL;BUY;OFF;0.76;19.24;14.54;25.86;4592.55;4584.63;4581.12;4577.60;4574.08;4570.57
2026.01.12 14:45:00;XAUUSD;PERIOD_M5;LIVE;VALID;BUY;4586.87;2026.01.12 16:10:00;4596.37;950.0;17;WIN;NEXT_SIGNAL;2026.01.12 16:15:00;4595.93;906.0;18;WIN;REV;YES;;;;3.44;34;4584.99;4584.80;19.6;0.0;BULL;BUY;OFF;0.92;24.29;26.03;15.55;4582.57;4590.31;4593.76;4597.20;4600.64;4604.08
2026.01.12 16:10:00;XAUUSD;PERIOD_M5;LIVE;VALID;SELL;4596.37;2026.01.12 17:00:00;4607.10;-1073.0;10;LOSS;NEXT_SIGNAL;2026.01.12 17:05:00;4607.59;-1122.0;11;LOSS;REV;YES;;;;6.95;34;4604.34;4605.47;-113.5;-14.0;BULL NOISE;BUY;OFF;0.80;48.05;22.29;23.39;4605.06;4589.42;4582.46;4575.51;4568.56;4561.61
2026.01.12 17:00:00;XAUUSD;PERIOD_M5;LIVE;VALID;BUY;4607.10;2026.01.12 18:35:00;4613.38;628.0;19;WIN;NEXT_SIGNAL;2026.01.12 18:40:00;4613.37;627.0;20;WIN;REV;YES;;;;10.15;34;4603.33;4602.77;55.4;0.0;BULL;BUY;OFF;0.90;19.36;22.58;14.95;4594.41;4617.26;4627.41;4637.57;4647.72;4657.88
2026.01.12 18:35:00;XAUUSD;PERIOD_M5;LIVE;VALID;SELL;4613.38;2026.01.12 19:50:00;4617.13;-375.0;15;LOSS;NEXT_SIGNAL;2026.01.12 19:55:00;4617.38;-400.0;16;LOSS;REV;YES;;;;5.46;34;4620.87;4622.04;-117.4;-14.0;BULL NOISE;BUY;OFF;0.86;22.54;13.53;24.05;4620.21;4607.92;4602.45;4596.99;4591.52;4586.06
2026.01.12 19:50:00;XAUUSD;PERIOD_M5;LIVE;VALID;BUY;4617.13;2026.01.12 20:10:00;4608.57;-856.0;4;LOSS;NEXT_SIGNAL;2026.01.12 20:15:00;4607.56;-957.0;5;LOSS;REV;YES;;;;3.77;34;4615.71;4615.68;3.9;0.0;BULL;BUY;OFF;0.82;19.44;23.28;18.82;4612.42;4620.90;4624.66;4628.43;4632.20;4635.96
2026.01.12 20:10:00;XAUUSD;PERIOD_M5;LIVE;VALID;SELL;4608.57;2026.01.12 21:05:00;4612.04;-347.0;11;LOSS;NEXT_SIGNAL;2026.01.12 21:10:00;4612.28;-371.0;12;LOSS;REV;YES;;;;4.11;34;4613.98;4614.77;-78.7;-14.0;BULL NOISE;BUY;OFF;0.68;19.41;13.14;28.71;4613.71;4604.46;4600.35;4596.24;4592.14;4588.03
2026.01.12 21:05:00;XAUUSD;PERIOD_M5;LIVE;VALID;BUY;4612.04;2026.01.12 22:00:00;4604.26;-778.0;11;LOSS;NEXT_SIGNAL;2026.01.12 22:05:00;4604.25;-779.0;12;LOSS;REV;YES;;;;4.74;34;4609.38;4609.37;0.6;0.0;BEAR;SELL;OFF;0.70;24.45;19.60;17.91;4606.12;4616.78;4621.52;4626.26;4631.00;4635.74
2026.01.12 22:00:00;XAUUSD;PERIOD_M5;LIVE;VALID;SELL;4604.26;2026.01.13 01:10:00;4578.99;2527.0;26;WIN;NEXT_SIGNAL;2026.01.13 01:00:02;4603.98;28.0;24;WIN;REV;YES;;;;3.38;34;4611.32;4612.27;-94.2;-14.0;BEAR;SELL;OFF;0.82;27.07;14.37;33.46;4608.49;4600.88;4597.49;4594.11;4590.73;4587.34
2026.01.13 01:10:00;XAUUSD;PERIOD_M5;LIVE;VALID;SELL;4578.99;2026.01.13 01:55:00;4599.18;-2019.0;9;LOSS;NEXT_SIGNAL;2026.01.13 02:00:00;4599.69;-2070.0;10;LOSS;REV;NO;POSITION_ACTIVE;;;4.86;42;4591.16;4592.65;-149.3;-26.6;BEAR;SELL;OFF;0.83;18.09;22.88;33.31;4585.06;4574.13;4569.27;4564.41;4559.55;4554.69
2026.01.13 01:55:00;XAUUSD;PERIOD_M5;LIVE;VALID;BUY;4599.18;2026.01.13 02:35:00;4585.41;-1377.0;8;LOSS;NEXT_SIGNAL;2026.01.13 02:40:00;4585.53;-1365.0;9;LOSS;REV;YES;;;;6.69;34;4591.10;4590.12;97.5;14.0;BEAR NOISE;SELL;OFF;0.70;17.65;25.73;9.19;4590.82;4605.87;4612.56;4619.25;4625.93;4632.62
2026.01.13 02:35:00;XAUUSD;PERIOD_M5;LIVE;VALID;SELL;4585.41;2026.01.13 04:10:00;4586.39;-98.0;19;LOSS;NEXT_SIGNAL;2026.01.13 04:15:00;4586.72;-131.0;20;LOSS;REV;YES;;;;4.74;34;4589.67;4590.33;-66.1;0.0;BEAR;SELL;OFF;0.75;23.92;10.89;25.48;4591.34;4580.67;4575.92;4571.18;4566.44;4561.69
2026.01.13 04:10:00;XAUUSD;PERIOD_M5;LIVE;VALID;BUY;4586.39;2026.01.13 05:55:00;4594.07;768.0;21;WIN;NEXT_SIGNAL;2026.01.13 06:00:00;4594.09;770.0;22;WIN;REV;YES;;;;6.68;34;4584.27;4584.18;9.7;0.0;BEAR;SELL;OFF;0.79;17.93;21.09;17.51;4578.04;4593.07;4599.75;4606.43;4613.11;4619.79
2026.01.13 05:55:00;XAUUSD;PERIOD_M5;LIVE;VALID;SELL;4594.07;2026.01.13 06:10:00;4597.58;-351.0;3;LOSS;NEXT_SIGNAL;2026.01.13 06:15:00;4597.89;-382.0;4;LOSS;REV;YES;;;;2.69;34;4594.40;4594.45;-4.4;0.0;BEAR;SELL;OFF;0.79;39.32;21.44;11.29;4597.43;4591.38;4588.70;4586.01;4583.32;4580.64
2026.01.13 06:10:00;XAUUSD;PERIOD_M5;LIVE;VALID;BUY;4597.58;2026.01.13 07:05:00;4594.27;-331.0;11;LOSS;NEXT_SIGNAL;2026.01.13 07:10:00;4594.28;-330.0;12;LOSS;REV;YES;;;;2.49;34;4595.44;4595.23;21.1;14.0;BEAR;SELL;OFF;0.80;43.41;28.92;7.35;4594.47;4600.07;4602.55;4605.04;4607.53;4610.01
2026.01.13 07:05:00;XAUUSD;PERIOD_M5;LIVE;VALID;SELL;4594.27;2026.01.13 07:25:00;4601.23;-696.0;4;LOSS;NEXT_SIGNAL;2026.01.13 07:30:00;4601.62;-735.0;5;LOSS;REV;YES;;;;2.40;34;4596.46;4596.58;-12.2;0.0;BEAR;SELL;OFF;0.83;22.62;15.61;26.36;4597.27;4591.87;4589.47;4587.07;4584.67;4582.27
2026.01.13 07:25:00;XAUUSD;PERIOD_M5;LIVE;VALID;BUY;4601.23;2026.01.13 07:30:00;4590.53;-1070.0;1;LOSS;NEXT_SIGNAL;2026.01.13 07:35:00;4590.51;-1072.0;2;LOSS;REV;YES;;;;2.63;34;4597.37;4596.96;40.9;0.0;BEAR NOISE;SELL;OFF;0.82;21.97;32.67;14.87;4597.94;4603.86;4606.49;4609.13;4611.76;4614.39
2026.01.13 07:30:00;XAUUSD;PERIOD_M5;LIVE;VALID;SELL;4590.53;2026.01.13 09:30:00;4585.48;505.0;24;WIN;NEXT_SIGNAL;2026.01.13 09:35:00;4585.99;454.0;25;WIN;REV;YES;;;;3.69;34;4595.85;4596.38;-53.1;-14.0;BEAR;SELL;OFF;0.82;20.48;28.31;22.79;4595.15;4586.84;4583.15;4579.45;4575.76;4572.07
2026.01.13 09:30:00;XAUUSD;PERIOD_M5;LIVE;VALID;BUY;4585.48;2026.01.13 09:45:00;4579.02;-646.0;3;LOSS;NEXT_SIGNAL;2026.01.13 09:50:01;4579.01;-647.0;4;LOSS;REV;YES;;;;4.25;34;4583.23;4582.82;41.7;0.0;BEAR;SELL;OFF;0.83;21.67;28.76;22.92;4580.17;4589.73;4593.98;4598.23;4602.49;4606.74
2026.01.13 09:45:00;XAUUSD;PERIOD_M5;LIVE;VALID;SELL;4579.02;2026.01.13 10:00:00;4585.02;-600.0;3;LOSS;NEXT_SIGNAL;2026.01.13 10:05:00;4585.38;-636.0;4;LOSS;REV;YES;;;;3.70;34;4582.01;4582.14;-13.2;0.0;BEAR;SELL;OFF;0.74;19.60;18.72;30.81;4583.64;4575.32;4571.63;4567.93;4564.23;4560.53
2026.01.13 10:00:00;XAUUSD;PERIOD_M5;LIVE;VALID;BUY;4585.02;2026.01.13 11:25:00;4589.11;409.0;17;WIN;NEXT_SIGNAL;2026.01.13 11:30:00;4589.10;408.0;18;WIN;REV;YES;;;;3.73;34;4581.79;4581.78;0.6;14.0;BEAR;SELL;OFF;0.76;17.62;23.46;21.85;4580.36;4588.75;4592.48;4596.21;4599.95;4603.68
2026.01.13 11:25:00;XAUUSD;PERIOD_M5;LIVE;VALID;SELL;4589.11;2026.01.13 12:50:00;4585.89;322.0;17;WIN;NEXT_SIGNAL;2026.01.13 12:55:00;4586.22;289.0;18;WIN;REV;YES;;;;3.23;34;4591.43;4591.62;-19.4;0.0;BEAR;SELL;OFF;0.87;26.20;13.08;34.53;4593.14;4585.88;4582.66;4579.43;4576.20;4572.98
2026.01.13 12:50:00;XAUUSD;PERIOD_M5;LIVE;VALID;BUY;4585.89;2026.01.13 14:10:00;4583.45;-244.0;16;LOSS;NEXT_SIGNAL;2026.01.13 14:15:00;4583.46;-243.0;17;LOSS;REV;YES;;;;2.84;34;4585.43;4585.41;2.0;0.0;BEAR;SELL;OFF;0.85;27.49;17.13;21.90;4582.33;4588.73;4591.58;4594.42;4597.27;4600.11
2026.01.13 14:10:00;XAUUSD;PERIOD_M5;LIVE;VALID;SELL;4583.45;2026.01.13 14:45:00;4589.87;-642.0;7;LOSS;NEXT_SIGNAL;2026.01.13 14:50:00;4590.20;-675.0;8;LOSS;REV;YES;;;;2.97;34;4586.23;4586.46;-23.7;0.0;BEAR;SELL;OFF;0.91;20.29;15.35;24.37;4587.16;4580.48;4577.51;4574.54;4571.56;4568.59
2026.01.13 14:45:00;XAUUSD;PERIOD_M5;LIVE;VALID;BUY;4589.87;2026.01.13 17:15:00;4606.49;1662.0;30;WIN;NEXT_SIGNAL;2026.01.13 17:20:00;4606.63;1676.0;31;WIN;REV;YES;;;;3.37;34;4585.00;4584.94;5.7;0.0;BEAR NOISE;SELL;OFF;0.81;25.52;31.77;18.34;4585.66;4593.24;4596.61;4599.98;4603.34;4606.71
2026.01.13 17:15:00;XAUUSD;PERIOD_M5;LIVE;VALID;SELL;4606.49;2026.01.13 18:55:00;4613.30;-681.0;20;LOSS;NEXT_SIGNAL;2026.01.13 19:00:00;4613.57;-708.0;21;LOSS;REV;YES;;;;9.41;34;4618.48;4619.68;-120.3;-36.9;BULL NOISE;BUY;OFF;0.87;28.01;16.75;19.74;4618.25;4597.08;4587.68;4578.27;4568.86;4559.45
2026.01.13 18:55:00;XAUUSD;PERIOD_M5;LIVE;VALID;BUY;4613.30;2026.01.13 19:40:00;4604.44;-886.0;9;LOSS;NEXT_SIGNAL;2026.01.13 19:45:00;4604.35;-895.0;10;LOSS;REV;YES;;;;6.49;34;4610.23;4609.83;40.3;14.0;BULL;BUY;OFF;0.81;27.49;23.43;11.41;4605.19;4619.79;4626.28;4632.77;4639.25;4645.74
2026.01.13 19:40:00;XAUUSD;PERIOD_M5;LIVE;VALID;SELL;4604.44;2026.01.13 20:45:00;4599.86;458.0;13;WIN;NEXT_SIGNAL;2026.01.13 20:50:00;4600.19;425.0;14;WIN;REV;YES;;;;4.58;34;4608.98;4609.50;-51.6;-14.0;BULL;BUY;OFF;0.91;18.54;16.72;27.53;4610.17;4599.86;4595.28;4590.69;4586.11;4581.53
2026.01.13 20:45:00;XAUUSD;PERIOD_M5;LIVE;VALID;BUY;4599.86;2026.01.13 21:00:00;4587.43;-1243.0;3;LOSS;NEXT_SIGNAL;2026.01.13 21:05:00;4587.44;-1242.0;4;LOSS;REV;YES;;;;6.41;34;4596.65;4596.45;19.4;0.0;BEAR;SELL;OFF;0.83;34.32;33.30;16.54;4591.85;4606.27;4612.68;4619.09;4625.50;4631.91
2026.01.13 21:00:00;XAUUSD;PERIOD_M5;LIVE;VALID;SELL;4587.43;2026.01.13 21:10:00;4595.56;-813.0;2;LOSS;NEXT_SIGNAL;2026.01.13 21:15:00;4595.89;-846.0;3;LOSS;REV;YES;;;;6.50;34;4594.55;4594.93;-37.8;-36.9;BEAR;SELL;OFF;0.84;27.93;21.68;38.50;4595.56;4580.93;4574.43;4567.93;4561.43;4554.93
2026.01.13 21:10:00;XAUUSD;PERIOD_M5;LIVE;VALID;BUY;4595.56;2026.01.13 21:15:00;4591.07;-449.0;1;LOSS;NEXT_SIGNAL;2026.01.13 21:20:00;4591.08;-448.0;2;LOSS;REV;YES;;;;5.90;32;4594.58;4594.51;7.4;0.0;BEAR;SELL;OFF;0.77;26.57;19.77;28.92;4588.18;4601.46;4607.36;4613.27;4619.17;4625.07
2026.01.13 21:15:00;XAUUSD;PERIOD_M5;LIVE;VALID;SELL;4591.07;2026.01.13 21:30:00;4596.02;-495.0;3;LOSS;NEXT_SIGNAL;2026.01.13 21:35:00;4596.24;-517.0;4;LOSS;REV;YES;;;;6.24;34;4593.80;4594.08;-27.7;-14.0;BEAR;SELL;OFF;0.74;26.93;17.13;31.33;4598.86;4584.83;4578.60;4572.36;4566.13;4559.89
2026.01.13 21:30:00;XAUUSD;PERIOD_M5;LIVE;VALID;BUY;4596.02;2026.01.13 22:00:00;4592.29;-373.0;6;LOSS;NEXT_SIGNAL;2026.01.13 22:05:00;4592.28;-374.0;7;LOSS;REV;YES;;;;5.25;34;4594.05;4594.05;0.7;0.0;BEAR;SELL;OFF;0.74;22.02;24.29;20.40;4589.46;4601.27;4606.51;4611.76;4617.01;4622.25
2026.01.13 22:00:00;XAUUSD;PERIOD_M5;LIVE;VALID;SELL;4592.29;2026.01.13 23:25:00;4587.82;447.0;17;WIN;NEXT_SIGNAL;2026.01.13 23:30:00;4588.25;404.0;18;WIN;REV;YES;;;;5.77;34;4594.73;4594.77;-4.0;-14.0;BEAR;SELL;OFF;0.75;15.60;23.33;23.43;4599.51;4586.52;4580.74;4574.97;4569.19;4563.42
2026.01.13 23:25:00;XAUUSD;PERIOD_M5;LIVE;VALID;BUY;4587.82;2026.01.14 05:20:00;4618.83;3101.0;59;WIN;NEXT_SIGNAL;2026.01.14 05:25:00;4618.82;3100.0;60;WIN;REV;YES;;;;6.21;42;4586.45;4586.39;6.0;0.0;BEAR;SELL;OFF;0.90;16.56;21.88;15.49;4580.06;4594.03;4600.23;4606.44;4612.64;4618.85
2026.01.14 05:20:00;XAUUSD;PERIOD_M5;LIVE;VALID;SELL;4618.83;2026.01.14 05:35:00;4624.50;-567.0;3;LOSS;NEXT_SIGNAL;2026.01.14 05:40:00;4624.82;-599.0;4;LOSS;REV;YES;;;;3.03;34;4619.74;4619.80;-5.5;0.0;BULL;BUY;OFF;0.88;23.04;8.71;14.41;4622.62;4615.80;4612.77;4609.74;4606.71;4603.68
2026.01.14 05:35:00;XAUUSD;PERIOD_M5;LIVE;VALID;BUY;4624.50;2026.01.14 07:55:00;4619.84;-466.0;28;LOSS;NEXT_SIGNAL;2026.01.14 08:00:00;4619.81;-469.0;29;LOSS;REV;YES;;;;3.72;34;4620.39;4620.06;33.1;14.0;BULL;BUY;OFF;0.85;24.97;19.57;17.81;4619.84;4628.22;4631.95;4635.67;4639.40;4643.12
2026.01.14 07:55:00;XAUUSD;PERIOD_M5;LIVE;VALID;SELL;4619.84;2026.01.14 08:50:00;4633.55;-1371.0;11;LOSS;NEXT_SIGNAL;2026.01.14 08:55:00;4633.84;-1400.0;12;LOSS;REV;YES;;;;5.30;34;4632.09;4633.09;-100.6;-36.9;BEAR;SELL;OFF;0.97;22.46;14.40;22.56;4626.47;4614.54;4609.24;4603.94;4598.63;4593.33
2026.01.14 08:50:00;XAUUSD;PERIOD_M5;LIVE;VALID;BUY;4633.55;2026.01.14 10:00:00;4631.18;-237.0;14;LOSS;NEXT_SIGNAL;2026.01.14 10:05:00;4631.17;-238.0;15;LOSS;REV;YES;;;;5.91;34;4631.45;4631.40;4.4;0.0;BEAR;SELL;OFF;0.93;17.58;18.10;13.20;4626.16;4639.46;4645.37;4651.28;4657.19;4663.10
2026.01.14 10:00:00;XAUUSD;PERIOD_M5;LIVE;VALID;SELL;4631.18;2026.01.14 10:45:00;4635.20;-402.0;9;LOSS;NEXT_SIGNAL;2026.01.14 10:50:00;4635.61;-443.0;10;LOSS;REV;YES;;;;3.43;34;4634.00;4634.46;-45.7;-14.0;BEAR;SELL;OFF;0.92;23.77;12.71;28.96;4635.46;4627.75;4624.33;4620.90;4617.48;4614.05
2026.01.14 10:45:00;XAUUSD;PERIOD_M5;LIVE;VALID;BUY;4635.20;2026.01.14 11:40:00;4627.64;-756.0;11;LOSS;NEXT_SIGNAL;2026.01.14 11:45:00;4627.58;-762.0;12;LOSS;REV;YES;;;;4.16;34;4630.97;4630.82;15.0;14.0;BEAR NOISE;SELL;OFF;0.89;33.83;30.22;15.32;4630.00;4639.36;4643.53;4647.69;4651.85;4656.01
2026.01.14 11:40:00;XAUUSD;PERIOD_M5;LIVE;VALID;SELL;4627.64;2026.01.14 12:25:00;4635.11;-747.0;9;LOSS;NEXT_SIGNAL;2026.01.14 12:30:00;4635.44;-780.0;10;LOSS;REV;YES;;;;3.17;34;4633.04;4633.72;-67.7;-14.0;BEAR;SELL;OFF;0.75;31.38;13.65;36.58;4631.60;4624.47;4621.30;4618.14;4614.97;4611.80
2026.01.14 12:25:00;XAUUSD;PERIOD_M5;LIVE;VALID;BUY;4635.11;2026.01.14 13:25:00;4630.18;-493.0;12;LOSS;NEXT_SIGNAL;2026.01.14 13:30:00;4630.20;-491.0;13;LOSS;REV;YES;;;;3.32;34;4632.71;4632.54;16.2;14.0;BEAR;SELL;OFF;0.86;25.52;25.02;13.80;4630.95;4638.43;4641.76;4645.08;4648.41;4651.73
2026.01.14 13:25:00;XAUUSD;PERIOD_M5;LIVE;VALID;SELL;4630.18;2026.01.14 14:05:00;4636.58;-640.0;8;LOSS;NEXT_SIGNAL;2026.01.14 14:10:00;4636.93;-675.0;9;LOSS;REV;YES;;;;3.38;34;4633.67;4633.94;-26.9;-14.0;BEAR;SELL;OFF;0.91;16.83;17.51;24.59;4634.40;4626.80;4623.43;4620.05;4616.68;4613.30
2026.01.14 14:05:00;XAUUSD;PERIOD_M5;LIVE;VALID;BUY;4636.58;2026.01.14 15:05:00;4629.88;-670.0;12;LOSS;NEXT_SIGNAL;2026.01.14 15:10:00;4629.83;-675.0;13;LOSS;REV;YES;;;;3.94;34;4632.59;4632.33;25.7;14.0;BEAR NOISE;SELL;OFF;0.89;18.54;21.24;17.21;4631.65;4640.52;4644.46;4648.40;4652.34;4656.28
2026.01.14 15:05:00;XAUUSD;PERIOD_M5;LIVE;VALID;SELL;4629.88;2026.01.14 15:50:00;4635.39;-551.0;9;LOSS;NEXT_SIGNAL;2026.01.14 15:55:00;4635.86;-598.0;10;LOSS;REV;YES;;;;4.14;34;4634.63;4634.87;-23.7;-14.0;BEAR;SELL;OFF;0.94;14.00;16.84;18.58;4635.05;4625.74;4621.60;4617.46;4613.33;4609.19
2026.01.14 15:50:00;XAUUSD;PERIOD_M5;LIVE;VALID;BUY;4635.39;2026.01.14 16:30:00;4629.31;-608.0;8;LOSS;NEXT_SIGNAL;2026.01.14 16:35:00;4629.29;-610.0;9;LOSS;REV;YES;;;;5.98;34;4633.78;4633.53;25.5;14.0;BEAR;SELL;OFF;0.87;14.44;14.28;19.61;4627.91;4641.37;4647.36;4653.34;4659.32;4665.30
2026.01.14 16:30:00;XAUUSD;PERIOD_M5;LIVE;VALID;SELL;4629.31;2026.01.14 17:55:00;4617.82;1149.0;17;WIN;NEXT_SIGNAL;2026.01.14 18:00:00;4618.19;1112.0;18;WIN;REV;YES;;;;5.75;34;4633.67;4633.80;-13.3;-14.0;BEAR;SELL;OFF;0.78;12.67;17.61;26.20;4636.49;4623.56;4617.82;4612.07;4606.32;4600.57
2026.01.14 17:55:00;XAUUSD;PERIOD_M5;LIVE;VALID;BUY;4617.82;2026.01.14 18:45:00;4610.85;-697.0;10;LOSS;NEXT_SIGNAL;2026.01.14 18:50:00;4610.96;-686.0;11;LOSS;REV;YES;;;;9.06;34;4615.67;4615.53;13.3;0.0;BEAR;SELL;OFF;0.87;19.26;23.16;16.83;4606.50;4626.88;4635.94;4645.00;4654.05;4663.11
2026.01.14 18:45:00;XAUUSD;PERIOD_M5;LIVE;VALID;SELL;4610.85;2026.01.14 20:00:00;4620.97;-1012.0;15;LOSS;NEXT_SIGNAL;2026.01.14 20:05:00;4621.29;-1044.0;16;LOSS;REV;YES;;;;5.46;34;4616.48;4617.20;-72.1;-14.0;BEAR;SELL;OFF;0.96;22.87;14.99;21.82;4617.67;4605.39;4599.93;4594.47;4589.01;4583.55
2026.01.14 20:00:00;XAUUSD;PERIOD_M5;LIVE;VALID;BUY;4620.97;2026.01.14 22:05:00;4637.04;1607.0;25;WIN;NEXT_SIGNAL;2026.01.14 22:10:00;4636.96;1599.0;26;WIN;REV;YES;;;;6.18;34;4613.47;4612.57;90.2;14.0;BEAR NOISE;SELL;OFF;0.79;30.43;25.92;15.77;4613.24;4627.15;4633.34;4639.52;4645.71;4651.89
2026.01.14 22:05:00;XAUUSD;PERIOD_M5;LIVE;VALID;SELL;4637.04;2026.01.15 02:05:00;4617.14;1990.0;36;WIN;NEXT_SIGNAL;2026.01.15 02:10:00;4617.49;1955.0;37;WIN;REV;YES;;;;5.40;34;4636.91;4637.00;-8.4;0.0;BEAR;SELL;OFF;0.89;42.76;12.76;18.85;4643.79;4631.64;4626.23;4620.83;4615.43;4610.02
2026.01.15 02:05:00;XAUUSD;PERIOD_M5;LIVE;VALID;BUY;4617.14;2026.01.15 02:50:00;4613.49;-365.0;9;LOSS;NEXT_SIGNAL;2026.01.15 02:55:00;4613.47;-367.0;10;LOSS;REV;YES;;;;6.41;34;4613.94;4613.63;31.6;0.0;BEAR;SELL;OFF;0.81;24.43;20.79;17.21;4609.13;4623.55;4629.95;4636.36;4642.76;4649.17
2026.01.15 02:50:00;XAUUSD;PERIOD_M5;LIVE;VALID;SELL;4613.49;2026.01.15 04:05:00;4610.10;339.0;15;WIN;NEXT_SIGNAL;2026.01.15 04:10:00;4610.47;302.0;16;WIN;REV;YES;;;;3.96;34;4614.17;4614.28;-11.2;0.0;BEAR;SELL;OFF;0.66;25.50;7.00;21.38;4618.45;4609.53;4605.56;4601.60;4597.63;4593.67
2026.01.15 04:05:00;XAUUSD;PERIOD_M5;LIVE;VALID;BUY;4610.10;2026.01.15 04:50:00;4598.60;-1150.0;9;LOSS;NEXT_SIGNAL;2026.01.15 04:55:00;4598.61;-1149.0;10;LOSS;REV;YES;;;;8.52;34;4604.24;4604.17;6.9;0.0;BEAR NOISE;SELL;OFF;0.67;28.86;22.87;17.14;4599.45;4618.62;4627.14;4635.66;4644.19;4652.71
2026.01.15 04:50:00;XAUUSD;PERIOD_M5;LIVE;VALID;SELL;4598.60;2026.01.15 06:20:00;4595.94;266.0;18;WIN;NEXT_SIGNAL;2026.01.15 06:25:00;4596.23;237.0;19;WIN;REV;YES;;;;6.08;34;4605.28;4605.96;-67.3;-14.0;BEAR;SELL;OFF;0.74;22.77;12.84;29.12;4606.20;4592.52;4586.44;4580.37;4574.29;4568.21
2026.01.15 06:20:00;XAUUSD;PERIOD_M5;LIVE;VALID;BUY;4595.94;2026.01.15 07:00:00;4589.70;-624.0;8;LOSS;NEXT_SIGNAL;2026.01.15 07:05:00;4589.65;-629.0;9;LOSS;REV;YES;;;;5.83;34;4592.95;4592.55;40.2;0.0;BEAR;SELL;OFF;0.88;30.71;16.58;17.11;4588.66;4601.77;4607.59;4613.42;4619.25;4625.08
2026.01.15 07:00:00;XAUUSD;PERIOD_M5;LIVE;VALID;SELL;4589.70;2026.01.15 07:50:00;4596.69;-699.0;10;LOSS;NEXT_SIGNAL;2026.01.15 07:55:00;4597.11;-741.0;11;LOSS;REV;YES;;;;4.07;34;4592.36;4592.70;-33.8;0.0;BEAR;SELL;OFF;0.97;19.04;14.29;23.02;4594.79;4585.63;4581.56;4577.49;4573.42;4569.35
2026.01.15 07:50:00;XAUUSD;PERIOD_M5;LIVE;VALID;BUY;4596.69;2026.01.15 09:35:00;4603.49;680.0;21;WIN;NEXT_SIGNAL;2026.01.15 09:40:00;4603.54;685.0;22;WIN;REV;YES;;;;5.29;34;4590.62;4590.16;46.0;14.0;BEAR NOISE;SELL;OFF;0.94;24.30;29.55;16.30;4590.08;4601.98;4607.26;4612.55;4617.83;4623.12
2026.01.15 09:35:00;XAUUSD;PERIOD_M5;LIVE;VALID;SELL;4603.49;2026.01.15 10:40:00;4606.26;-277.0;13;LOSS;NEXT_SIGNAL;2026.01.15 10:45:00;4606.81;-332.0;14;LOSS;REV;YES;;;;3.98;34;4608.02;4608.20;-18.1;-14.0;BEAR;SELL;OFF;0.91;29.17;16.33;18.67;4608.46;4599.51;4595.54;4591.56;4587.59;4583.61
2026.01.15 10:40:00;XAUUSD;PERIOD_M5;LIVE;VALID;BUY;4606.26;2026.01.15 11:05:00;4601.61;-465.0;5;LOSS;NEXT_SIGNAL;2026.01.15 11:10:00;4601.56;-470.0;6;LOSS;REV;YES;;;;4.04;34;4604.19;4604.04;15.6;0.0;BEAR;SELL;OFF;0.79;21.92;21.89;15.91;4601.21;4610.30;4614.33;4618.37;4622.41;4626.44
2026.01.15 11:05:00;XAUUSD;PERIOD_M5;LIVE;VALID;SELL;4601.61;2026.01.15 11:10:00;4603.96;-235.0;1;LOSS;NEXT_SIGNAL;2026.01.15 11:15:00;4604.40;-279.0;2;LOSS;REV;YES;;;;3.84;34;4603.30;4603.34;-4.0;-14.0;BEAR;SELL;OFF;0.78;17.78;10.70;17.46;4606.41;4597.77;4593.93;4590.09;4586.25;4582.41
2026.01.15 11:10:00;XAUUSD;PERIOD_M5;LIVE;VALID;BUY;4603.96;2026.01.15 11:15:00;4602.58;-138.0;1;LOSS;NEXT_SIGNAL;2026.01.15 11:20:00;4602.53;-143.0;2;LOSS;REV;YES;;;;3.58;34;4603.44;4603.39;5.9;0.0;BEAR;SELL;OFF;0.81;16.61;12.65;15.13;4599.48;4607.54;4611.12;4614.70;4618.28;4621.86
2026.01.15 11:15:00;XAUUSD;PERIOD_M5;LIVE;VALID;SELL;4602.58;2026.01.15 11:25:00;4604.59;-201.0;2;LOSS;NEXT_SIGNAL;2026.01.15 11:30:00;4604.91;-233.0;3;LOSS;REV;YES;;;;3.36;34;4603.25;4603.33;-7.4;0.0;BEAR;SELL;OFF;0.83;15.59;10.96;13.12;4606.77;4599.22;4595.87;4592.51;4589.16;4585.80
2026.01.15 11:25:00;XAUUSD;PERIOD_M5;LIVE;VALID;BUY;4604.59;2026.01.15 13:50:00;4617.06;1247.0;29;WIN;NEXT_SIGNAL;2026.01.15 13:55:00;4617.13;1254.0;30;WIN;REV;YES;;;;3.24;34;4603.44;4603.42;1.9;0.0;BEAR;SELL;OFF;0.88;15.56;15.13;9.85;4600.54;4607.83;4611.07;4614.31;4617.56;4620.80
2026.01.15 13:50:00;XAUUSD;PERIOD_M5;LIVE;VALID;SELL;4617.06;2026.01.15 16:20:00;4603.39;1367.0;30;WIN;NEXT_SIGNAL;2026.01.15 16:25:00;4603.68;1338.0;31;WIN;REV;YES;;;;2.71;34;4618.30;4618.53;-23.0;0.0;BEAR;SELL;OFF;0.73;31.77;26.47;24.31;4620.44;4614.35;4611.65;4608.94;4606.23;4603.52
2026.01.15 16:20:00;XAUUSD;PERIOD_M5;LIVE;VALID;BUY;4603.39;2026.01.15 18:30:00;4609.54;615.0;26;WIN;NEXT_SIGNAL;2026.01.15 18:35:00;4609.45;606.0;27;WIN;REV;YES;;;;7.45;34;4597.99;4597.90;8.7;14.0;BEAR;SELL;OFF;0.82;35.16;27.59;16.68;4594.08;4610.84;4618.28;4625.73;4633.18;4640.62
2026.01.15 18:30:00;XAUUSD;PERIOD_M5;LIVE;VALID;SELL;4609.54;2026.01.15 19:20:00;4612.78;-324.0;10;LOSS;NEXT_SIGNAL;2026.01.15 19:25:01;4613.11;-357.0;11;LOSS;REV;YES;;;;5.48;34;4614.23;4614.71;-47.3;-14.0;BEAR;SELL;OFF;0.93;24.08;12.65;32.63;4616.39;4604.06;4598.58;4593.11;4587.63;4582.15
2026.01.15 19:20:00;XAUUSD;PERIOD_M5;LIVE;VALID;BUY;4612.78;2026.01.15 21:35:00;4616.08;330.0;27;WIN;NEXT_SIGNAL;2026.01.15 21:40:00;4616.03;325.0;28;WIN;REV;YES;;;;4.20;34;4609.99;4609.95;4.6;0.0;BEAR;SELL;OFF;0.86;26.73;20.02;19.92;4607.53;4616.98;4621.18;4625.38;4629.59;4633.79
2026.01.15 21:35:00;XAUUSD;PERIOD_M5;LIVE;VALID;SELL;4616.08;2026.01.15 23:05:00;4610.39;569.0;18;WIN;NEXT_SIGNAL;2026.01.15 23:10:00;4610.74;534.0;19;WIN;REV;YES;;;;2.98;34;4618.01;4618.22;-21.4;-14.0;BEAR;SELL;OFF;0.96;23.65;11.77;24.01;4619.80;4613.10;4610.12;4607.14;4604.16;4601.18
2026.01.15 23:05:00;XAUUSD;PERIOD_M5;LIVE;VALID;BUY;4610.39;2026.01.16 01:25:00;4608.93;-146.0;16;LOSS;NEXT_SIGNAL;2026.01.16 01:30:00;4608.94;-145.0;17;LOSS;REV;YES;;;;4.76;40;4607.64;4607.62;2.2;0.0;BEAR;SELL;OFF;0.92;32.51;19.21;13.03;4604.44;4615.15;4619.90;4624.66;4629.42;4634.17
2026.01.16 01:25:00;XAUUSD;PERIOD_M5;LIVE;VALID;SELL;4608.93;2026.01.16 03:25:00;4605.93;300.0;24;WIN;NEXT_SIGNAL;2026.01.16 03:30:00;4606.31;262.0;25;WIN;REV;YES;;;;2.63;34;4613.22;4614.01;-78.6;-14.0;BEAR;SELL;OFF;0.93;32.15;17.60;25.57;4612.22;4606.30;4603.67;4601.04;4598.41;4595.78
2026.01.16 03:25:00;XAUUSD;PERIOD_M5;LIVE;VALID;BUY;4605.93;2026.01.16 03:55:00;4600.49;-544.0;6;LOSS;NEXT_SIGNAL;2026.01.16 04:00:00;4600.46;-547.0;7;LOSS;REV;YES;;;;3.95;34;4603.75;4603.43;32.3;0.0;BEAR NOISE;SELL;OFF;0.86;26.02;19.47;18.85;4601.00;4609.88;4613.82;4617.77;4621.72;4625.67
2026.01.16 03:55:00;XAUUSD;PERIOD_M5;LIVE;VALID;SELL;4600.49;2026.01.16 06:00:00;4597.97;252.0;25;WIN;NEXT_SIGNAL;2026.01.16 06:05:01;4598.39;210.0;26;WIN;REV;YES;;;;4.41;34;4602.73;4602.91;-18.1;-14.0;BEAR;SELL;OFF;0.85;25.67;10.95;28.66;4606.00;4596.08;4591.67;4587.26;4582.84;4578.43
2026.01.16 06:00:00;XAUUSD;PERIOD_M5;LIVE;VALID;BUY;4597.97;2026.01.16 07:10:00;4596.44;-153.0;14;LOSS;NEXT_SIGNAL;2026.01.16 07:15:00;4596.38;-159.0;15;LOSS;REV;YES;;;;2.60;34;4596.65;4596.41;23.9;14.0;BEAR;SELL;OFF;0.91;18.92;18.54;13.82;4594.72;4600.57;4603.17;4605.77;4608.37;4610.97
2026.01.16 07:10:00;XAUUSD;PERIOD_M5;LIVE;VALID;SELL;4596.44;2026.01.16 07:25:00;4601.22;-478.0;3;LOSS;NEXT_SIGNAL;2026.01.16 07:30:00;4601.45;-501.0;4;LOSS;REV;YES;;;;1.87;34;4598.94;4598.99;-4.5;0.0;BEAR;SELL;OFF;0.80;24.40;21.32;28.65;4598.77;4594.57;4592.70;4590.84;4588.97;4587.10
2026.01.16 07:25:00;XAUUSD;PERIOD_M5;LIVE;VALID;BUY;4601.22;2026.01.16 08:40:00;4595.96;-526.0;15;LOSS;NEXT_SIGNAL;2026.01.16 08:45:00;4595.64;-558.0;16;LOSS;REV;YES;;;;2.02;34;4599.51;4599.33;18.3;14.0;BEAR NOISE;SELL;OFF;0.78;22.17;32.71;18.65;4598.69;4603.24;4605.26;4607.28;4609.30;4611.32
2026.01.16 08:40:00;XAUUSD;PERIOD_M5;LIVE;VALID;SELL;4595.96;2026.01.16 09:15:00;4608.98;-1302.0;7;LOSS;NEXT_SIGNAL;2026.01.16 09:20:00;4609.35;-1339.0;8;LOSS;REV;YES;;;;4.61;34;4603.80;4605.19;-138.8;-26.6;BEAR NOISE;SELL;OFF;0.79;18.01;15.49;29.66;4601.72;4591.35;4586.74;4582.13;4577.52;4572.91
2026.01.16 09:15:00;XAUUSD;PERIOD_M5;LIVE;VALID;BUY;4608.98;2026.01.16 10:35:00;4605.32;-366.0;16;LOSS;NEXT_SIGNAL;2026.01.16 10:40:00;4605.29;-369.0;17;LOSS;REV;YES;;;;4.47;34;4604.82;4604.03;78.7;14.0;BEAR;SELL;OFF;0.92;26.84;31.37;12.87;4603.39;4613.45;4617.92;4622.39;4626.86;4631.33
2026.01.16 10:35:00;XAUUSD;PERIOD_M5;LIVE;VALID;SELL;4605.32;2026.01.16 12:05:00;4604.30;102.0;18;WIN;NEXT_SIGNAL;2026.01.16 12:10:00;4604.66;66.0;19;WIN;REV;YES;;;;4.08;32;4606.60;4606.77;-16.9;0.0;BEAR;SELL;OFF;0.84;14.03;13.48;23.93;4610.42;4601.24;4597.17;4593.09;4589.01;4584.94
2026.01.16 12:05:00;XAUUSD;PERIOD_M5;LIVE;VALID;BUY;4604.30;2026.01.16 12:55:00;4600.16;-414.0;10;LOSS;NEXT_SIGNAL;2026.01.16 13:00:00;4600.24;-406.0;11;LOSS;REV;YES;;;;2.72;34;4602.79;4602.67;11.5;0.0;BEAR;SELL;OFF;0.86;18.98;21.43;16.70;4600.90;4607.02;4609.74;4612.46;4615.18;4617.90
2026.01.16 12:55:00;XAUUSD;PERIOD_M5;LIVE;VALID;SELL;4600.16;2026.01.16 13:20:00;4609.69;-953.0;5;LOSS;NEXT_SIGNAL;2026.01.16 13:25:00;4610.11;-995.0;6;LOSS;REV;YES;;;;2.92;34;4605.11;4605.49;-38.1;-14.0;BEAR;SELL;OFF;0.90;24.67;16.28;29.44;4603.81;4597.24;4594.32;4591.39;4588.47;4585.55
2026.01.16 13:20:00;XAUUSD;PERIOD_M5;LIVE;VALID;BUY;4609.69;2026.01.16 14:20:00;4605.77;-392.0;12;LOSS;NEXT_SIGNAL;2026.01.16 14:25:00;4605.78;-391.0;13;LOSS;REV;YES;;;;3.20;34;4606.31;4605.96;35.3;14.0;BEAR NOISE;SELL;OFF;0.87;24.18;31.93;16.63;4605.69;4612.89;4616.08;4619.28;4622.48;4625.67
2026.01.16 14:20:00;XAUUSD;PERIOD_M5;LIVE;VALID;SELL;4605.77;2026.01.16 15:50:00;4598.53;724.0;18;WIN;NEXT_SIGNAL;2026.01.16 15:55:00;4598.82;695.0;19;WIN;REV;YES;;;;3.00;34;4610.11;4610.42;-31.5;-14.0;BEAR;SELL;OFF;0.80;25.40;17.78;23.38;4609.52;4602.77;4599.78;4596.78;4593.78;4590.79
2026.01.16 15:50:00;XAUUSD;PERIOD_M5;LIVE;VALID;BUY;4598.53;2026.01.16 17:20:00;4589.35;-918.0;18;LOSS;NEXT_SIGNAL;2026.01.16 17:25:00;4589.63;-890.0;19;LOSS;REV;YES;;;;7.91;34;4596.89;4596.80;8.7;0.0;BEAR;SELL;OFF;0.93;26.24;13.24;11.99;4588.64;4606.44;4614.35;4622.26;4630.16;4638.07
2026.01.16 17:20:00;XAUUSD;PERIOD_M5;LIVE;VALID;SELL;4589.35;2026.01.16 18:15:00;4590.35;-100.0;11;LOSS;NEXT_SIGNAL;2026.01.16 18:20:00;4590.81;-146.0;12;LOSS;REV;YES;;;;8.11;34;4605.31;4606.96;-164.8;-56.3;BEAR;SELL;OFF;0.68;22.68;18.21;25.56;4599.49;4581.24;4573.13;4565.01;4556.90;4548.79
2026.01.16 18:15:00;XAUUSD;PERIOD_M5;LIVE;VALID;BUY;4590.35;2026.01.16 19:15:00;4584.31;-604.0;12;LOSS;NEXT_SIGNAL;2026.01.16 19:20:00;4584.23;-612.0;13;LOSS;REV;YES;;;;15.35;34;4581.93;4580.36;157.2;14.0;BEAR;SELL;OFF;0.76;29.55;29.81;11.09;4571.17;4605.70;4621.05;4636.39;4651.74;4667.09
2026.01.16 19:15:00;XAUUSD;PERIOD_M5;LIVE;VALID;SELL;4584.31;2026.01.16 20:15:00;4584.71;-40.0;12;LOSS;NEXT_SIGNAL;2026.01.16 20:20:00;4585.04;-73.0;13;LOSS;REV;YES;;;;7.69;34;4588.23;4588.31;-8.3;0.0;BEAR;SELL;OFF;0.85;20.79;11.57;20.48;4593.92;4576.62;4568.94;4561.25;4553.56;4545.87
2026.01.16 20:15:00;XAUUSD;PERIOD_M5;LIVE;VALID;BUY;4584.71;2026.01.16 21:05:00;4584.36;-35.0;10;LOSS;NEXT_SIGNAL;2026.01.16 21:10:00;4584.33;-38.0;11;LOSS;REV;YES;;;;5.47;32;4584.25;4584.23;2.4;0.0;BEAR;SELL;OFF;0.92;18.90;13.59;14.03;4577.87;4590.18;4595.65;4601.13;4606.60;4612.07
2026.01.16 21:05:00;XAUUSD;PERIOD_M5;LIVE;VALID;SELL;4584.36;2026.01.16 21:40:00;4589.13;-477.0;7;LOSS;NEXT_SIGNAL;2026.01.16 21:45:00;4589.75;-539.0;8;LOSS;REV;YES;;;;5.32;32;4586.78;4587.31;-53.1;0.0;BEAR;SELL;OFF;0.92;23.75;21.28;19.67;4591.01;4579.04;4573.72;4568.40;4563.07;4557.75
2026.01.16 21:40:00;XAUUSD;PERIOD_M5;LIVE;VALID;BUY;4589.13;2026.01.16 22:30:00;4583.89;-524.0;10;LOSS;NEXT_SIGNAL;2026.01.16 22:35:00;4583.92;-521.0;11;LOSS;REV;YES;;;;4.17;34;4587.04;4586.99;4.3;0.0;BEAR;SELL;OFF;0.89;24.57;30.53;12.18;4583.92;4593.30;4597.46;4601.63;4605.80;4609.97
2026.01.16 22:30:00;XAUUSD;PERIOD_M5;LIVE;VALID;SELL;4583.89;2026.01.16 23:15:00;4597.92;-1403.0;9;LOSS;NEXT_SIGNAL;2026.01.16 23:20:00;4598.29;-1440.0;10;LOSS;REV;YES;;;;3.46;34;4588.81;4589.20;-39.4;-14.0;BEAR;SELL;OFF;0.86;31.58;13.62;32.26;4588.22;4580.43;4576.97;4573.51;4570.04;4566.58
2026.01.16 23:15:00;XAUUSD;PERIOD_M5;LIVE;VALID;BUY;4597.92;2026.01.19 03:05:00;4671.44;7352.0;34;WIN;NEXT_SIGNAL;2026.01.19 03:10:00;4671.43;7351.0;35;WIN;REV;YES;;;;4.19;43;4588.00;4587.53;46.9;26.6;BULL NOISE;BUY;OFF;0.81;26.21;32.31;13.32;4592.68;4602.11;4606.30;4610.50;4614.69;4618.88
2026.01.19 03:05:00;XAUUSD;PERIOD_M5;LIVE;VALID;SELL;4671.44;2026.01.19 04:55:00;4662.43;901.0;22;WIN;NEXT_SIGNAL;2026.01.19 05:00:00;4662.73;871.0;23;WIN;REV;YES;;;;6.85;34;4673.12;4673.17;-5.3;0.0;BULL;BUY;OFF;0.80;18.50;11.00;18.43;4680.00;4664.59;4657.75;4650.90;4644.05;4637.20
2026.01.19 04:55:00;XAUUSD;PERIOD_M5;LIVE;VALID;BUY;4662.43;2026.01.19 05:45:00;4660.61;-182.0;10;LOSS;NEXT_SIGNAL;2026.01.19 05:50:00;4660.28;-215.0;11;LOSS;REV;YES;;;;5.09;34;4660.37;4660.09;27.7;0.0;BULL;BUY;OFF;0.82;17.51;24.19;16.52;4656.07;4667.52;4672.60;4677.69;4682.77;4687.86
2026.01.19 05:45:00;XAUUSD;PERIOD_M5;LIVE;VALID;SELL;4660.61;2026.01.19 06:45:00;4663.78;-317.0;12;LOSS;NEXT_SIGNAL;2026.01.19 06:50:00;4664.20;-359.0;13;LOSS;REV;YES;;;;3.83;34;4663.20;4663.34;-14.6;0.0;BULL;BUY;OFF;0.87;18.23;16.45;23.53;4665.40;4656.78;4652.94;4649.11;4645.27;4641.44
2026.01.19 06:45:00;XAUUSD;PERIOD_M5;LIVE;VALID;BUY;4663.78;2026.01.19 09:15:00;4664.36;58.0;30;WIN;NEXT_SIGNAL;2026.01.19 09:20:00;4664.38;60.0;31;WIN;REV;YES;;;;2.72;34;4662.07;4661.89;18.3;0.0;BULL;BUY;OFF;0.69;16.86;23.93;14.92;4660.38;4666.50;4669.22;4671.94;4674.67;4677.39
2026.01.19 09:15:00;XAUUSD;PERIOD_M5;LIVE;VALID;SELL;4664.36;2026.01.19 10:20:00;4669.82;-546.0;13;LOSS;NEXT_SIGNAL;2026.01.19 10:25:00;4670.12;-576.0;14;LOSS;REV;YES;;;;3.57;34;4671.63;4672.30;-67.4;-14.0;BEAR NOISE;SELL;OFF;0.88;27.68;21.46;30.65;4668.82;4660.79;4657.22;4653.65;4650.08;4646.51
2026.01.19 10:20:00;XAUUSD;PERIOD_M5;LIVE;VALID;BUY;4669.82;2026.01.19 10:50:00;4663.78;-604.0;6;LOSS;NEXT_SIGNAL;2026.01.19 10:55:00;4663.83;-599.0;7;LOSS;REV;YES;;;;3.66;34;4668.34;4668.00;34.5;0.0;BEAR;SELL;OFF;0.88;15.62;23.32;20.75;4665.25;4673.48;4677.14;4680.80;4684.46;4688.12
2026.01.19 10:50:00;XAUUSD;PERIOD_M5;LIVE;VALID;SELL;4663.78;2026.01.19 11:10:00;4670.70;-692.0;4;LOSS;NEXT_SIGNAL;2026.01.19 11:15:00;4671.07;-729.0;5;LOSS;REV;YES;;;;3.52;34;4667.11;4667.49;-38.4;-14.0;BEAR;SELL;OFF;0.89;18.80;11.35;25.34;4668.18;4660.26;4656.74;4653.22;4649.69;4646.17
2026.01.19 11:10:00;XAUUSD;PERIOD_M5;LIVE;VALID;BUY;4670.70;2026.01.19 12:20:00;4668.19;-251.0;14;LOSS;NEXT_SIGNAL;2026.01.19 12:25:01;4668.16;-254.0;15;LOSS;REV;YES;;;;3.40;34;4667.47;4667.42;5.0;0.0;BEAR NOISE;SELL;OFF;0.94;21.23;29.50;21.52;4666.45;4674.10;4677.50;4680.90;4684.30;4687.70
2026.01.19 12:20:00;XAUUSD;PERIOD_M5;LIVE;VALID;SELL;4668.19;2026.01.19 14:10:00;4665.52;267.0;22;WIN;NEXT_SIGNAL;2026.01.19 14:15:00;4666.07;212.0;23;WIN;REV;YES;;;;2.75;34;4668.38;4668.40;-2.8;0.0;BEAR;SELL;OFF;0.86;12.69;16.38;19.00;4671.63;4665.43;4662.68;4659.93;4657.17;4654.41
2026.01.19 14:10:00;XAUUSD;PERIOD_M5;LIVE;VALID;BUY;4665.52;2026.01.19 15:40:00;4668.37;285.0;18;WIN;NEXT_SIGNAL;2026.01.19 15:45:00;4668.29;277.0;19;WIN;REV;YES;;;;3.10;34;4663.79;4663.78;0.8;0.0;BEAR;SELL;OFF;0.85;21.75;21.36;17.21;4661.64;4668.62;4671.72;4674.83;4677.93;4681.03
2026.01.19 15:40:00;XAUUSD;PERIOD_M5;LIVE;VALID;SELL;4668.37;2026.01.19 16:50:00;4668.21;16.0;14;WIN;NEXT_SIGNAL;2026.01.19 16:55:00;4668.33;4.0;15;WIN;REV;YES;;;;3.19;34;4670.18;4670.53;-34.5;0.0;BEAR;SELL;OFF;0.77;19.94;12.45;21.06;4672.36;4665.18;4661.98;4658.79;4655.59;4652.40
2026.01.19 16:50:00;XAUUSD;PERIOD_M5;LIVE;VALID;BUY;4668.21;2026.01.19 17:20:00;4664.73;-348.0;6;LOSS;NEXT_SIGNAL;2026.01.19 17:25:00;4664.69;-352.0;7;LOSS;REV;YES;;;;2.86;32;4666.91;4666.83;7.8;0.0;BEAR;SELL;OFF;0.92;20.12;21.78;15.18;4664.63;4671.07;4673.94;4676.80;4679.67;4682.53
2026.01.19 17:20:00;XAUUSD;PERIOD_M5;LIVE;VALID;SELL;4664.73;2026.01.19 17:35:00;4669.61;-488.0;3;LOSS;NEXT_SIGNAL;2026.01.19 17:40:00;4669.94;-521.0;4;LOSS;REV;YES;;;;2.98;34;4666.72;4666.78;-6.1;0.0;BEAR;SELL;OFF;0.91;16.77;11.66;22.68;4668.46;4661.75;4658.76;4655.78;4652.79;4649.81
2026.01.19 17:35:00;XAUUSD;PERIOD_M5;LIVE;VALID;BUY;4669.61;2026.01.19 19:05:00;4671.38;177.0;18;WIN;NEXT_SIGNAL;2026.01.19 19:10:01;4671.44;183.0;19;WIN;REV;YES;;;;3.02;34;4667.32;4667.09;23.2;0.0;BEAR;SELL;OFF;0.86;18.06;20.44;14.97;4665.83;4672.63;4675.65;4678.68;4681.70;4684.72
2026.01.19 19:05:00;XAUUSD;PERIOD_M5;LIVE;VALID;SELL;4671.38;2026.01.19 19:40:00;4676.19;-481.0;7;LOSS;NEXT_SIGNAL;2026.01.19 19:45:00;4676.55;-517.0;8;LOSS;REV;YES;;;;2.02;34;4672.18;4672.28;-9.9;0.0;BEAR;SELL;OFF;0.91;15.00;10.37;17.30;4673.90;4669.36;4667.35;4665.33;4663.31;4661.30
2026.01.19 19:40:00;XAUUSD;PERIOD_M5;LIVE;VALID;BUY;4676.19;2026.01.19 21:00:00;4674.64;-155.0;16;LOSS;NEXT_SIGNAL;2026.01.19 21:05:00;4674.66;-153.0;17;LOSS;REV;YES;;;;1.88;34;4672.70;4672.17;53.4;0.0;BULL NOISE;BUY;OFF;0.89;25.45;24.91;14.96;4673.84;4678.07;4679.95;4681.84;4683.72;4685.60
2026.01.19 21:00:00;XAUUSD;PERIOD_M5;LIVE;VALID;SELL;4674.64;2026.01.20 03:05:00;4671.51;313.0;32;WIN;NEXT_SIGNAL;2026.01.20 03:10:00;4671.90;274.0;33;WIN;REV;YES;;;;2.24;34;4676.17;4676.33;-15.7;0.0;BULL;BUY;OFF;0.75;19.91;13.89;26.07;4677.44;4672.40;4670.17;4667.93;4665.69;4663.45
2026.01.20 03:05:00;XAUUSD;PERIOD_M5;LIVE;VALID;BUY;4671.51;2026.01.20 04:10:00;4666.06;-545.0;13;LOSS;NEXT_SIGNAL;2026.01.20 04:15:00;4665.72;-579.0;14;LOSS;REV;YES;;;;3.77;34;4665.63;4664.74;89.0;0.0;BULL;BUY;OFF;0.84;36.03;24.78;20.97;4666.80;4675.28;4679.04;4682.81;4686.57;4690.34
2026.01.20 04:10:00;XAUUSD;PERIOD_M5;LIVE;VALID;SELL;4666.06;2026.01.20 04:35:00;4673.63;-757.0;5;LOSS;NEXT_SIGNAL;2026.01.20 04:40:00;4673.99;-793.0;6;LOSS;REV;YES;;;;3.65;34;4669.13;4669.77;-63.8;0.0;BULL;BUY;OFF;0.80;27.01;12.17;30.29;4670.63;4662.41;4658.75;4655.10;4651.44;4647.79
2026.01.20 04:35:00;XAUUSD;PERIOD_M5;LIVE;VALID;BUY;4673.63;2026.01.20 04:50:00;4668.46;-517.0;3;LOSS;NEXT_SIGNAL;2026.01.20 04:55:00;4668.44;-519.0;4;LOSS;REV;YES;;;;3.25;34;4671.03;4670.64;39.0;14.0;BULL;BUY;OFF;0.78;23.46;21.74;14.81;4669.57;4676.88;4680.12;4683.37;4686.61;4689.86
2026.01.20 04:50:00;XAUUSD;PERIOD_M5;LIVE;VALID;SELL;4668.46;2026.01.20 05:15:00;4672.96;-450.0;5;LOSS;NEXT_SIGNAL;2026.01.20 05:20:00;4673.27;-481.0;6;LOSS;REV;YES;;;;3.45;34;4670.33;4670.46;-12.6;-14.0;BULL;BUY;OFF;0.82;21.17;15.23;23.30;4672.78;4665.01;4661.56;4658.10;4654.65;4651.20
2026.01.20 05:15:00;XAUUSD;PERIOD_M5;LIVE;VALID;BUY;4672.96;2026.01.20 12:25:00;4727.82;5486.0;86;WIN;NEXT_SIGNAL;2026.01.20 12:30:00;4727.78;5482.0;87;WIN;REV;YES;;;;3.34;34;4670.27;4670.04;23.2;0.0;BULL;BUY;OFF;0.83;18.03;26.29;15.73;4668.79;4676.30;4679.63;4682.97;4686.31;4689.64
2026.01.20 12:25:00;XAUUSD;PERIOD_M5;LIVE;VALID;SELL;4727.82;2026.01.20 13:35:00;4731.09;-327.0;14;LOSS;NEXT_SIGNAL;2026.01.20 13:40:00;4731.42;-360.0;15;LOSS;REV;YES;;;;3.89;34;4731.16;4731.62;-45.4;0.0;BULL;BUY;OFF;0.82;22.73;9.59;19.00;4732.68;4723.93;4720.04;4716.16;4712.27;4708.38
2026.01.20 13:35:00;XAUUSD;PERIOD_M5;LIVE;VALID;BUY;4731.09;2026.01.20 14:25:00;4726.59;-450.0;10;LOSS;NEXT_SIGNAL;2026.01.20 14:30:00;4726.65;-444.0;11;LOSS;REV;YES;;;;3.23;34;4727.62;4727.21;40.6;0.0;BULL;BUY;OFF;0.94;20.11;19.01;16.67;4727.05;4734.32;4737.56;4740.79;4744.03;4747.26
2026.01.20 14:25:00;XAUUSD;PERIOD_M5;LIVE;VALID;SELL;4726.59;2026.01.20 15:45:00;4730.26;-367.0;16;LOSS;NEXT_SIGNAL;2026.01.20 15:50:00;4730.59;-400.0;17;LOSS;REV;YES;;;;3.04;34;4729.27;4729.48;-20.5;0.0;BULL NOISE;BUY;OFF;0.84;18.59;10.38;18.68;4730.39;4723.55;4720.51;4717.47;4714.43;4711.39
2026.01.20 15:45:00;XAUUSD;PERIOD_M5;LIVE;VALID;BUY;4730.26;2026.01.20 17:20:00;4729.67;-59.0;19;LOSS;NEXT_SIGNAL;2026.01.20 17:25:00;4729.61;-65.0;20;LOSS;REV;YES;;;;5.45;34;4725.69;4725.18;50.7;0.0;BULL;BUY;OFF;0.84;17.83;15.39;10.38;4723.45;4735.71;4741.15;4746.60;4752.05;4757.49
2026.01.20 17:20:00;XAUUSD;PERIOD_M5;LIVE;VALID;SELL;4729.67;2026.01.20 18:10:00;4741.29;-1162.0;10;LOSS;NEXT_SIGNAL;2026.01.20 18:15:00;4741.63;-1196.0;11;LOSS;REV;YES;;;;8.89;34;4738.67;4739.80;-112.6;-14.0;BULL;BUY;OFF;0.83;31.93;14.90;22.75;4740.78;4720.78;4711.89;4703.00;4694.11;4685.22
2026.01.20 18:10:00;XAUUSD;PERIOD_M5;LIVE;VALID;BUY;4741.29;2026.01.20 20:50:00;4754.81;1352.0;32;WIN;NEXT_SIGNAL;2026.01.20 20:55:00;4754.86;1357.0;33;WIN;REV;YES;;;;8.16;32;4735.90;4735.54;36.4;14.0;BULL;BUY;OFF;0.91;20.61;21.87;18.63;4731.09;4749.45;4757.61;4765.77;4773.94;4782.10
2026.01.20 20:50:00;XAUUSD;PERIOD_M5;LIVE;VALID;SELL;4754.81;2026.01.20 21:15:00;4765.67;-1086.0;5;LOSS;NEXT_SIGNAL;2026.01.20 21:20:00;4765.98;-1117.0;6;LOSS;REV;YES;;;;3.69;34;4758.92;4759.68;-76.4;-14.0;BULL NOISE;BUY;OFF;0.82;42.13;12.74;25.32;4759.43;4751.12;4747.42;4743.73;4740.04;4736.35
2026.01.20 21:15:00;XAUUSD;PERIOD_M5;LIVE;VALID;BUY;4765.67;2026.01.20 22:00:00;4757.77;-790.0;9;LOSS;NEXT_SIGNAL;2026.01.20 22:05:00;4757.78;-789.0;10;LOSS;REV;YES;;;;3.77;34;4760.26;4760.14;11.8;14.0;BULL;BUY;OFF;0.81;31.20;21.30;12.38;4760.96;4769.44;4773.21;4776.97;4780.74;4784.51
2026.01.20 22:00:00;XAUUSD;PERIOD_M5;LIVE;VALID;SELL;4757.77;2026.01.20 23:05:00;4758.77;-100.0;13;LOSS;NEXT_SIGNAL;2026.01.20 23:10:00;4759.12;-135.0;14;LOSS;REV;YES;;;;3.66;34;4760.42;4760.53;-11.6;-14.0;BULL;BUY;OFF;0.82;23.04;13.36;27.77;4762.35;4754.11;4750.45;4746.79;4743.13;4739.47
2026.01.20 23:05:00;XAUUSD;PERIOD_M5;LIVE;VALID;BUY;4758.77;2026.01.21 01:20:00;4758.72;-5.0;15;LOSS;NEXT_SIGNAL;2026.01.21 01:25:00;4758.70;-7.0;16;LOSS;REV;YES;;;;4.57;40;4756.09;4755.52;56.5;0.0;BULL;BUY;OFF;0.92;31.38;30.83;11.85;4753.06;4763.34;4767.90;4772.47;4777.04;4781.60
2026.01.21 01:20:00;XAUUSD;PERIOD_M5;LIVE;VALID;SELL;4758.72;2026.01.21 01:35:00;4763.08;-436.0;3;LOSS;NEXT_SIGNAL;2026.01.21 01:40:00;4763.77;-505.0;4;LOSS;REV;YES;;;;2.59;34;4759.79;4760.01;-21.8;0.0;BULL;BUY;OFF;0.83;20.57;13.33;14.38;4761.96;4756.13;4753.53;4750.94;4748.34;4745.75
2026.01.21 01:35:00;XAUUSD;PERIOD_M5;LIVE;VALID;BUY;4763.08;2026.01.21 08:40:00;4861.68;9860.0;85;WIN;NEXT_SIGNAL;2026.01.21 08:45:00;4861.49;9841.0;86;WIN;REV;YES;;;;2.93;34;4760.74;4760.49;25.0;0.0;BULL;BUY;OFF;0.77;19.37;20.91;11.65;4759.42;4766.01;4768.94;4771.86;4774.79;4777.72
2026.01.21 08:40:00;XAUUSD;PERIOD_M5;LIVE;VALID;SELL;4861.68;2026.01.21 09:55:00;4855.16;652.0;15;WIN;NEXT_SIGNAL;2026.01.21 10:00:00;4855.31;637.0;16;WIN;REV;YES;;;;7.00;34;4872.02;4872.86;-84.0;-14.0;BULL NOISE;BUY;OFF;0.87;27.03;27.10;31.94;4870.43;4854.68;4847.68;4840.68;4833.68;4826.68
2026.01.21 09:55:00;XAUUSD;PERIOD_M5;LIVE;VALID;BUY;4855.16;2026.01.21 10:55:00;4854.48;-68.0;12;LOSS;NEXT_SIGNAL;2026.01.21 11:00:00;4854.68;-48.0;13;LOSS;REV;YES;;;;8.41;34;4850.84;4849.71;112.8;0.0;BULL;BUY;OFF;0.79;18.53;23.93;15.92;4844.65;4863.57;4871.97;4880.38;4888.78;4897.19
2026.01.21 10:55:00;XAUUSD;PERIOD_M5;LIVE;VALID;SELL;4854.48;2026.01.21 11:20:00;4868.57;-1409.0;5;LOSS;NEXT_SIGNAL;2026.01.21 11:25:01;4869.15;-1467.0;6;LOSS;REV;YES;;;;5.42;34;4858.74;4859.04;-30.0;0.0;BULL NOISE;BUY;OFF;0.80;23.17;15.46;30.27;4861.25;4849.06;4843.64;4838.22;4832.81;4827.39
2026.01.21 11:20:00;XAUUSD;PERIOD_M5;LIVE;VALID;BUY;4868.57;2026.01.21 12:15:00;4861.39;-718.0;11;LOSS;NEXT_SIGNAL;2026.01.21 12:20:00;4861.45;-712.0;12;LOSS;REV;YES;;;;5.58;34;4861.28;4860.72;55.6;0.0;BULL;BUY;OFF;0.86;16.93;27.21;17.74;4861.60;4874.15;4879.72;4885.30;4890.87;4896.45
2026.01.21 12:15:00;XAUUSD;PERIOD_M5;LIVE;VALID;SELL;4861.39;2026.01.21 13:05:00;4863.97;-258.0;10;LOSS;NEXT_SIGNAL;2026.01.21 13:10:00;4864.35;-296.0;11;LOSS;REV;YES;;;;5.52;34;4863.42;4863.81;-39.0;-14.0;BULL;BUY;OFF;0.85;18.24;14.33;24.48;4868.29;4855.87;4850.35;4844.82;4839.30;4833.78
2026.01.21 13:05:00;XAUUSD;PERIOD_M5;LIVE;VALID;BUY;4863.97;2026.01.21 13:45:00;4860.65;-332.0;8;LOSS;NEXT_SIGNAL;2026.01.21 13:50:00;4860.67;-330.0;9;LOSS;REV;YES;;;;3.76;32;4862.91;4862.91;0.2;0.0;BULL;BUY;OFF;0.82;15.55;15.96;17.37;4859.28;4867.73;4871.48;4875.24;4878.99;4882.75
2026.01.21 13:45:00;XAUUSD;PERIOD_M5;LIVE;VALID;SELL;4860.65;2026.01.21 14:00:00;4866.23;-558.0;3;LOSS;NEXT_SIGNAL;2026.01.21 14:05:00;4866.58;-593.0;4;LOSS;REV;YES;;;;3.81;34;4863.70;4864.14;-44.5;0.0;BULL NOISE;BUY;OFF;0.87;20.39;16.79;31.95;4865.41;4856.84;4853.04;4849.23;4845.43;4841.62
2026.01.21 14:00:00;XAUUSD;PERIOD_M5;LIVE;VALID;BUY;4866.23;2026.01.21 14:05:00;4863.53;-270.0;1;LOSS;NEXT_SIGNAL;2026.01.21 14:10:00;4863.51;-272.0;2;LOSS;REV;YES;;;;4.08;34;4864.63;4864.55;7.8;0.0;BULL;BUY;OFF;0.88;16.81;23.12;20.80;4861.13;4870.31;4874.39;4878.47;4882.55;4886.63
2026.01.21 14:05:00;XAUUSD;PERIOD_M5;LIVE;VALID;SELL;4863.53;2026.01.21 14:35:00;4866.43;-290.0;6;LOSS;NEXT_SIGNAL;2026.01.21 14:40:01;4866.76;-323.0;7;LOSS;REV;YES;;;;4.05;34;4864.38;4864.50;-11.2;0.0;BULL;BUY;OFF;0.90;15.16;20.04;18.34;4868.59;4859.48;4855.44;4851.39;4847.35;4843.30
2026.01.21 14:35:00;XAUUSD;PERIOD_M5;LIVE;VALID;BUY;4866.43;2026.01.21 14:45:00;4858.65;-778.0;2;LOSS;NEXT_SIGNAL;2026.01.21 14:50:00;4858.69;-774.0;3;LOSS;REV;YES;;;;4.74;34;4864.13;4863.85;27.1;14.0;BULL;BUY;OFF;0.86;19.23;31.49;18.00;4860.51;4871.17;4875.91;4880.65;4885.39;4890.13
2026.01.21 14:45:00;XAUUSD;PERIOD_M5;LIVE;VALID;SELL;4858.65;2026.01.21 14:55:00;4865.09;-644.0;2;LOSS;NEXT_SIGNAL;2026.01.21 15:00:00;4865.42;-677.0;3;LOSS;REV;YES;;;;4.97;34;4863.14;4863.43;-28.7;-14.0;BULL NOISE;BUY;OFF;0.87;17.04;23.65;33.09;4864.86;4853.68;4848.72;4843.75;4838.79;4833.82
2026.01.21 14:55:00;XAUUSD;PERIOD_M5;LIVE;VALID;BUY;4865.09;2026.01.21 15:00:00;4861.11;-398.0;1;LOSS;NEXT_SIGNAL;2026.01.21 15:05:01;4861.21;-388.0;2;LOSS;REV;YES;;;;4.74;34;4863.37;4863.33;4.7;0.0;BULL;BUY;OFF;0.88;16.03;30.25;24.85;4859.17;4869.83;4874.56;4879.30;4884.03;4888.77
2026.01.21 15:00:00;XAUUSD;PERIOD_M5;LIVE;VALID;SELL;4861.11;2026.01.21 15:05:00;4868.61;-750.0;1;LOSS;NEXT_SIGNAL;2026.01.21 15:10:00;4868.98;-787.0;2;LOSS;REV;YES;;;;4.95;34;4862.87;4863.08;-20.6;0.0;BULL;BUY;OFF;0.88;14.45;26.22;28.51;4867.30;4856.16;4851.20;4846.25;4841.29;4836.34
2026.01.21 15:05:00;XAUUSD;PERIOD_M5;LIVE;VALID;BUY;4868.61;2026.01.21 16:05:00;4864.61;-400.0;12;LOSS;NEXT_SIGNAL;2026.01.21 16:10:00;4864.68;-393.0;13;LOSS;REV;YES;;;;5.30;34;4864.15;4863.58;56.3;0.0;BULL;BUY;OFF;0.87;13.57;28.95;24.71;4861.98;4873.91;4879.22;4884.52;4889.83;4895.13
2026.01.21 16:05:00;XAUUSD;PERIOD_M5;LIVE;VALID;SELL;4864.61;2026.01.21 17:10:00;4860.32;429.0;13;WIN;NEXT_SIGNAL;2026.01.21 17:15:01;4860.48;413.0;14;WIN;REV;YES;;;;8.92;34;4868.44;4869.04;-60.4;0.0;BEAR;SELL;OFF;0.92;16.04;19.62;29.87;4875.76;4855.69;4846.77;4837.85;4828.93;4820.01
2026.01.21 17:10:00;XAUUSD;PERIOD_M5;LIVE;VALID;BUY;4860.32;2026.01.21 17:15:00;4831.01;-2931.0;1;LOSS;NEXT_SIGNAL;2026.01.21 17:20:00;4831.08;-2924.0;2;LOSS;REV;YES;;;;15.07;34;4859.70;4859.43;27.3;0.0;BEAR;SELL;OFF;0.92;13.83;18.72;20.32;4841.48;4875.39;4890.46;4905.53;4920.60;4935.67
2026.01.21 17:15:00;XAUUSD;PERIOD_M5;LIVE;VALID;SELL;4831.01;2026.01.21 18:05:00;4850.83;-1982.0;10;LOSS;NEXT_SIGNAL;2026.01.21 18:10:00;4851.74;-2073.0;11;LOSS;REV;YES;;;;15.61;34;4853.32;4856.45;-313.1;-26.6;BEAR;SELL;OFF;0.92;15.51;16.23;27.87;4850.52;4815.40;4799.79;4784.18;4768.57;4752.96
2026.01.21 18:05:00;XAUUSD;PERIOD_M5;LIVE;VALID;BUY;4850.83;2026.01.21 18:20:00;4832.52;-1831.0;3;LOSS;NEXT_SIGNAL;2026.01.21 18:25:00;4832.55;-1828.0;4;LOSS;REV;YES;;;;13.16;34;4846.16;4845.25;90.9;0.0;BEAR;SELL;OFF;0.90;16.24;25.45;16.25;4834.38;4863.99;4877.15;4890.31;4903.46;4916.62
2026.01.21 18:20:00;XAUUSD;PERIOD_M5;LIVE;VALID;SELL;4832.52;2026.01.21 18:35:00;4846.74;-1422.0;3;LOSS;NEXT_SIGNAL;2026.01.21 18:40:00;4847.05;-1453.0;4;LOSS;REV;YES;;;;13.09;34;4841.35;4842.56;-120.9;-14.0;BEAR;SELL;OFF;0.89;14.98;16.57;23.79;4848.88;4819.43;4806.35;4793.26;4780.17;4767.08
2026.01.21 18:35:00;XAUUSD;PERIOD_M5;LIVE;VALID;BUY;4846.74;2026.01.21 18:40:00;4834.61;-1213.0;1;LOSS;NEXT_SIGNAL;2026.01.21 18:45:00;4834.58;-1216.0;2;LOSS;REV;YES;;;;10.08;32;4843.21;4842.58;63.9;0.0;BEAR;SELL;OFF;0.89;13.96;21.24;17.64;4834.14;4856.82;4866.90;4876.99;4887.07;4897.15
2026.01.21 18:40:00;XAUUSD;PERIOD_M5;LIVE;VALID;SELL;4834.61;2026.01.21 20:05:00;4826.32;829.0;17;WIN;NEXT_SIGNAL;2026.01.21 20:10:00;4826.65;796.0;18;WIN;REV;YES;;;;10.44;34;4841.30;4841.73;-42.8;0.0;BEAR;SELL;OFF;0.87;13.17;18.41;21.62;4847.65;4824.17;4813.74;4803.30;4792.87;4782.43
2026.01.21 20:05:00;XAUUSD;PERIOD_M5;LIVE;VALID;BUY;4826.32;2026.01.21 21:30:00;4805.75;-2057.0;17;LOSS;NEXT_SIGNAL;2026.01.21 21:35:00;4805.40;-2092.0;18;LOSS;REV;YES;;;;9.93;34;4822.13;4821.61;52.3;0.0;BEAR;SELL;OFF;0.93;28.89;22.28;12.97;4813.91;4836.25;4846.17;4856.10;4866.03;4875.95
2026.01.21 21:30:00;XAUUSD;PERIOD_M5;LIVE;VALID;SELL;4805.75;2026.01.21 22:30:00;4804.06;169.0;12;WIN;NEXT_SIGNAL;2026.01.21 22:35:00;4804.58;117.0;13;WIN;REV;YES;;;;9.92;34;4832.23;4836.71;-448.4;-26.6;BEAR;SELL;OFF;0.76;29.07;23.50;22.66;4818.16;4795.83;4785.90;4775.98;4766.05;4756.13
2026.01.21 22:30:00;XAUUSD;PERIOD_M5;LIVE;VALID;BUY;4804.06;2026.01.22 01:00:00;4816.06;1200.0;18;WIN;NEXT_SIGNAL;2026.01.22 01:05:00;4816.04;1198.0;19;WIN;REV;YES;;;;18.43;34;4793.93;4793.92;1.0;-14.0;BEAR NOISE;SELL;OFF;0.87;26.83;30.21;11.61;4781.02;4822.49;4840.93;4859.36;4877.80;4896.23
2026.01.22 01:00:00;XAUUSD;PERIOD_M5;LIVE;VALID;SELL;4816.06;2026.01.22 02:45:00;4788.01;2805.0;21;WIN;NEXT_SIGNAL;2026.01.22 02:50:00;4788.36;2770.0;22;WIN;REV;YES;;;;6.81;43;4828.02;4828.25;-22.7;-14.0;BEAR;SELL;OFF;0.78;36.24;21.37;23.30;4824.57;4809.25;4802.45;4795.64;4788.83;4782.03
2026.01.22 02:45:00;XAUUSD;PERIOD_M5;LIVE;VALID;BUY;4788.01;2026.01.22 03:05:00;4785.81;-220.0;4;LOSS;NEXT_SIGNAL;2026.01.22 03:10:00;4786.17;-184.0;5;LOSS;REV;YES;;;;8.66;34;4788.11;4787.97;14.8;0.0;BEAR;SELL;OFF;0.79;20.45;16.97;15.18;4777.19;4796.67;4805.32;4813.98;4822.63;4831.29
2026.01.22 03:05:00;XAUUSD;PERIOD_M5;LIVE;VALID;SELL;4785.81;2026.01.22 03:10:00;4791.43;-562.0;1;LOSS;NEXT_SIGNAL;2026.01.22 03:15:00;4791.78;-597.0;2;LOSS;REV;YES;;;;9.03;34;4787.61;4787.65;-4.6;0.0;BEAR;SELL;OFF;0.73;17.45;20.14;18.58;4797.10;4776.78;4767.75;4758.72;4749.68;4740.65
2026.01.22 03:10:00;XAUUSD;PERIOD_M5;LIVE;VALID;BUY;4791.43;2026.01.22 04:05:00;4789.83;-160.0;11;LOSS;NEXT_SIGNAL;2026.01.22 04:10:00;4789.94;-149.0;12;LOSS;REV;YES;;;;9.15;34;4788.46;4787.98;47.8;0.0;BEAR;SELL;OFF;0.76;17.64;23.59;16.11;4779.99;4800.58;4809.73;4818.88;4828.04;4837.19
2026.01.22 04:05:00;XAUUSD;PERIOD_M5;LIVE;VALID;SELL;4789.83;2026.01.22 05:20:00;4791.09;-126.0;15;LOSS;NEXT_SIGNAL;2026.01.22 05:25:00;4791.41;-158.0;16;LOSS;REV;YES;;;;9.82;34;4795.61;4795.98;-37.4;0.0;BEAR;SELL;OFF;0.70;30.01;17.27;22.60;4802.10;4780.01;4770.19;4760.38;4750.56;4740.74
2026.01.22 05:20:00;XAUUSD;PERIOD_M5;LIVE;VALID;BUY;4791.09;2026.01.22 07:25:00;4795.38;429.0;25;WIN;NEXT_SIGNAL;2026.01.22 07:30:00;4795.30;421.0;26;WIN;REV;YES;;;;6.30;34;4788.25;4787.75;50.2;0.0;BEAR;SELL;OFF;0.92;19.51;16.31;9.78;4783.22;4797.39;4803.69;4809.99;4816.29;4822.59
2026.01.22 07:25:00;XAUUSD;PERIOD_M5;LIVE;VALID;SELL;4795.38;2026.01.22 07:35:00;4798.79;-341.0;2;LOSS;NEXT_SIGNAL;2026.01.22 07:40:00;4799.15;-377.0;3;LOSS;REV;YES;;;;3.48;34;4797.04;4797.11;-7.5;0.0;BEAR;SELL;OFF;0.89;18.80;9.24;12.25;4799.73;4791.90;4788.42;4784.93;4781.45;4777.97
2026.01.22 07:35:00;XAUUSD;PERIOD_M5;LIVE;VALID;BUY;4798.79;2026.01.22 10:05:00;4828.64;2985.0;30;WIN;NEXT_SIGNAL;2026.01.22 10:10:00;4828.65;2986.0;31;WIN;REV;YES;;;;3.65;34;4797.40;4797.27;13.5;0.0;BEAR;SELL;OFF;0.86;19.33;14.07;9.20;4794.23;4802.44;4806.08;4809.73;4813.38;4817.03
2026.01.22 10:05:00;XAUUSD;PERIOD_M5;LIVE;VALID;SELL;4828.64;2026.01.22 11:00:00;4832.83;-419.0;11;LOSS;NEXT_SIGNAL;2026.01.22 11:05:00;4833.11;-447.0;12;LOSS;REV;YES;;;;4.66;34;4832.14;4832.49;-35.2;-14.0;BULL;BUY;OFF;0.82;24.33;12.20;17.13;4834.47;4823.98;4819.32;4814.66;4809.99;4805.33
2026.01.22 11:00:00;XAUUSD;PERIOD_M5;LIVE;VALID;BUY;4832.83;2026.01.22 11:30:00;4824.26;-857.0;6;LOSS;NEXT_SIGNAL;2026.01.22 11:35:00;4824.49;-834.0;7;LOSS;REV;YES;;;;4.42;34;4829.51;4829.18;33.5;0.0;BULL;BUY;OFF;0.91;29.36;28.38;10.22;4827.31;4837.25;4841.67;4846.09;4850.51;4854.93
2026.01.22 11:30:00;XAUUSD;PERIOD_M5;LIVE;VALID;SELL;4824.26;2026.01.22 12:30:00;4827.44;-318.0;12;LOSS;NEXT_SIGNAL;2026.01.22 12:35:00;4828.29;-403.0;13;LOSS;REV;YES;;;;4.61;34;4828.98;4829.17;-19.4;-14.0;BULL NOISE;BUY;OFF;0.90;28.32;16.39;30.31;4830.02;4819.65;4815.04;4810.43;4805.83;4801.22
2026.01.22 12:30:00;XAUUSD;PERIOD_M5;LIVE;VALID;BUY;4827.44;2026.01.22 14:05:00;4823.98;-346.0;19;LOSS;NEXT_SIGNAL;2026.01.22 14:10:00;4824.03;-341.0;20;LOSS;REV;YES;;;;5.02;34;4824.66;4824.09;57.3;0.0;BULL;BUY;OFF;0.92;20.74;24.72;16.36;4821.17;4832.46;4837.48;4842.49;4847.51;4852.53
2026.01.22 14:05:00;XAUUSD;PERIOD_M5;LIVE;VALID;SELL;4823.98;2026.01.22 14:25:00;4831.62;-764.0;4;LOSS;NEXT_SIGNAL;2026.01.22 14:30:00;4831.92;-794.0;5;LOSS;REV;YES;;;;3.73;34;4828.38;4828.94;-56.1;0.0;BULL NOISE;BUY;OFF;0.83;18.96;22.09;23.95;4828.64;4820.25;4816.53;4812.80;4809.07;4805.34
2026.01.22 14:25:00;XAUUSD;PERIOD_M5;LIVE;VALID;BUY;4831.62;2026.01.22 14:50:00;4825.93;-569.0;5;LOSS;NEXT_SIGNAL;2026.01.22 14:55:01;4825.82;-580.0;6;LOSS;REV;YES;;;;3.65;34;4828.98;4828.88;9.7;0.0;BULL;BUY;OFF;0.78;20.40;34.21;13.51;4827.06;4835.27;4838.91;4842.56;4846.21;4849.86
2026.01.22 14:50:00;XAUUSD;PERIOD_M5;LIVE;VALID;SELL;4825.93;2026.01.22 15:20:00;4833.96;-803.0;6;LOSS;NEXT_SIGNAL;2026.01.22 15:25:00;4834.32;-839.0;7;LOSS;REV;YES;;;;3.41;34;4828.51;4828.88;-36.9;-14.0;BULL;BUY;OFF;0.82;23.84;16.73;28.31;4830.19;4822.52;4819.11;4815.70;4812.29;4808.88
2026.01.22 15:20:00;XAUUSD;PERIOD_M5;LIVE;VALID;BUY;4833.96;2026.01.22 15:30:00;4822.45;-1151.0;2;LOSS;NEXT_SIGNAL;2026.01.22 15:35:00;4822.34;-1162.0;3;LOSS;REV;YES;;;;4.25;34;4828.06;4827.45;60.9;14.0;BULL;BUY;OFF;0.86;23.68;27.77;20.96;4828.64;4838.21;4842.47;4846.72;4850.97;4855.22
2026.01.22 15:30:00;XAUUSD;PERIOD_M5;LIVE;VALID;SELL;4822.45;2026.01.22 16:20:00;4825.97;-352.0;10;LOSS;NEXT_SIGNAL;2026.01.22 16:25:00;4826.33;-388.0;11;LOSS;REV;YES;;;;5.09;34;4826.66;4826.86;-19.4;-14.0;BULL NOISE;BUY;OFF;0.87;21.37;22.26;28.32;4828.82;4817.36;4812.27;4807.17;4802.08;4796.99
2026.01.22 16:20:00;XAUUSD;PERIOD_M5;LIVE;VALID;BUY;4825.97;2026.01.22 21:40:00;4913.51;8754.0;64;WIN;NEXT_SIGNAL;2026.01.22 21:45:00;4913.58;8761.0;65;WIN;REV;YES;;;;6.48;34;4823.27;4822.84;42.8;0.0;BULL;BUY;OFF;0.91;21.05;25.58;11.98;4817.86;4832.45;4838.94;4845.42;4851.91;4858.39
2026.01.22 21:40:00;XAUUSD;PERIOD_M5;LIVE;VALID;SELL;4913.51;2026.01.22 22:05:00;4922.48;-897.0;5;LOSS;NEXT_SIGNAL;2026.01.22 22:10:00;4922.91;-940.0;6;LOSS;REV;YES;;;;4.51;34;4916.24;4916.57;-33.2;-14.0;BULL;BUY;OFF;0.89;42.26;11.90;19.56;4919.14;4909.00;4904.50;4899.99;4895.48;4890.97
2026.01.22 22:05:00;XAUUSD;PERIOD_M5;LIVE;VALID;BUY;4922.48;2026.01.22 23:00:00;4916.12;-636.0;11;LOSS;NEXT_SIGNAL;2026.01.22 23:05:00;4916.09;-639.0;12;LOSS;REV;YES;;;;4.94;34;4916.82;4916.53;29.5;0.0;BULL;BUY;OFF;0.89;35.43;27.39;16.96;4916.30;4927.42;4932.37;4937.31;4942.25;4947.19
2026.01.22 23:00:00;XAUUSD;PERIOD_M5;LIVE;VALID;SELL;4916.12;2026.01.22 23:25:00;4925.03;-891.0;5;LOSS;NEXT_SIGNAL;2026.01.22 23:30:00;4925.42;-930.0;6;LOSS;REV;YES;;;;4.80;40;4919.75;4920.43;-68.2;-14.0;BULL;BUY;OFF;0.91;23.83;13.50;22.55;4922.12;4911.32;4906.52;4901.71;4896.91;4892.11
2026.01.22 23:25:00;XAUUSD;PERIOD_M5;LIVE;VALID;BUY;4925.03;2026.01.23 01:40:00;4938.70;1367.0;15;WIN;NEXT_SIGNAL;2026.01.23 01:45:00;4938.67;1364.0;16;WIN;REV;YES;;;;4.42;43;4922.02;4921.73;28.5;14.0;BULL;BUY;OFF;0.91;19.67;26.99;15.86;4919.51;4929.45;4933.86;4938.28;4942.70;4947.12
2026.01.23 01:40:00;XAUUSD;PERIOD_M5;LIVE;VALID;SELL;4938.70;2026.01.23 01:45:00;4950.88;-1218.0;1;LOSS;NEXT_SIGNAL;2026.01.23 01:50:00;4950.93;-1223.0;2;LOSS;REV;YES;;;;7.05;34;4938.84;4939.07;-23.5;0.0;BULL;BUY;OFF;0.88;28.49;19.62;18.80;4947.51;4931.65;4924.60;4917.56;4910.51;4903.46
2026.01.23 01:45:00;XAUUSD;PERIOD_M5;LIVE;VALID;BUY;4950.88;2026.01.23 03:05:00;4945.01;-587.0;16;LOSS;NEXT_SIGNAL;2026.01.23 03:10:00;4945.47;-541.0;17;LOSS;REV;YES;;;;7.94;34;4941.52;4940.52;99.6;14.0;BULL;BUY;OFF;0.85;28.68;30.19;16.29;4940.96;4958.82;4966.75;4974.69;4982.62;4990.56
2026.01.23 03:05:00;XAUUSD;PERIOD_M5;LIVE;VALID;SELL;4945.01;2026.01.23 03:45:00;4959.76;-1475.0;8;LOSS;NEXT_SIGNAL;2026.01.23 03:50:00;4960.11;-1510.0;9;LOSS;REV;YES;;;;8.32;34;4951.85;4952.73;-88.2;0.0;BULL NOISE;BUY;OFF;0.82;22.80;27.99;17.43;4955.41;4936.69;4928.37;4920.06;4911.74;4903.42
2026.01.23 03:45:00;XAUUSD;PERIOD_M5;LIVE;VALID;BUY;4959.76;2026.01.23 04:10:00;4949.33;-1043.0;5;LOSS;NEXT_SIGNAL;2026.01.23 04:15:00;4949.32;-1044.0;6;LOSS;REV;YES;;;;9.07;34;4953.14;4952.01;112.8;0.0;BULL;BUY;OFF;0.85;41.31;28.23;6.99;4948.42;4968.83;4977.90;4986.98;4996.05;5005.12
2026.01.23 04:10:00;XAUUSD;PERIOD_M5;LIVE;VALID;SELL;4949.33;2026.01.23 04:30:00;4955.17;-584.0;4;LOSS;NEXT_SIGNAL;2026.01.23 04:35:00;4955.41;-608.0;5;LOSS;REV;YES;;;;7.21;34;4952.13;4952.25;-11.2;-14.0;BULL;BUY;OFF;0.83;30.92;16.98;21.37;4958.34;4942.12;4934.92;4927.71;4920.50;4913.29
2026.01.23 04:30:00;XAUUSD;PERIOD_M5;LIVE;VALID;BUY;4955.17;2026.01.23 05:15:00;4939.29;-1588.0;9;LOSS;NEXT_SIGNAL;2026.01.23 05:20:00;4939.80;-1537.0;10;LOSS;REV;YES;;;;5.99;34;4952.52;4952.27;24.9;0.0;BULL;BUY;OFF;0.82;23.03;27.07;15.62;4947.68;4961.16;4967.16;4973.15;4979.15;4985.14
2026.01.23 05:15:00;XAUUSD;PERIOD_M5;LIVE;VALID;SELL;4939.29;2026.01.23 06:05:00;4951.86;-1257.0;10;LOSS;NEXT_SIGNAL;2026.01.23 06:10:05;4952.34;-1305.0;11;LOSS;REV;YES;;;;5.13;34;4952.63;4954.10;-147.4;-14.0;BEAR;SELL;OFF;0.75;24.24;13.25;27.06;4945.70;4934.16;4929.03;4923.90;4918.77;4913.64
2026.01.23 06:05:00;XAUUSD;PERIOD_M5;LIVE;VALID;BUY;4951.86;2026.01.23 08:10:00;4952.53;67.0;25;WIN;NEXT_SIGNAL;2026.01.23 08:15:00;4952.58;72.0;26;WIN;REV;YES;;;;5.59;34;4951.59;4951.44;15.3;0.0;BEAR;SELL;OFF;0.85;13.52;13.16;15.76;4944.88;4957.45;4963.03;4968.62;4974.21;4979.80
2026.01.23 08:10:00;XAUUSD;PERIOD_M5;LIVE;VALID;SELL;4952.53;2026.01.23 09:15:00;4957.10;-457.0;13;LOSS;NEXT_SIGNAL;2026.01.23 09:20:00;4957.47;-494.0;14;LOSS;REV;YES;;;;4.04;34;4957.64;4958.40;-76.0;0.0;BULL NOISE;BUY;OFF;0.97;26.67;19.97;31.11;4957.59;4948.48;4944.44;4940.40;4936.35;4932.31
2026.01.23 09:15:00;XAUUSD;PERIOD_M5;LIVE;VALID;BUY;4957.10;2026.01.23 09:20:00;4951.75;-535.0;1;LOSS;NEXT_SIGNAL;2026.01.23 09:25:00;4951.72;-538.0;2;LOSS;REV;YES;;;;4.50;34;4955.52;4955.27;25.2;0.0;BULL;BUY;OFF;0.97;17.68;16.88;10.31;4951.47;4961.60;4966.11;4970.61;4975.12;4979.62
2026.01.23 09:20:00;XAUUSD;PERIOD_M5;LIVE;VALID;SELL;4951.75;2026.01.23 09:25:00;4956.81;-506.0;1;LOSS;NEXT_SIGNAL;2026.01.23 09:30:00;4957.12;-537.0;2;LOSS;REV;YES;;;;4.31;34;4954.68;4954.81;-13.5;-14.0;BULL;BUY;OFF;0.97;15.47;14.63;14.96;4957.13;4947.44;4943.14;4938.83;4934.53;4930.22
2026.01.23 09:25:00;XAUUSD;PERIOD_M5;LIVE;VALID;BUY;4956.81;2026.01.23 09:40:00;4946.14;-1067.0;3;LOSS;NEXT_SIGNAL;2026.01.23 09:45:00;4946.21;-1060.0;4;LOSS;REV;YES;;;;4.37;32;4955.15;4954.89;26.3;0.0;BULL;BUY;OFF;0.96;13.67;12.68;13.17;4951.35;4961.18;4965.54;4969.91;4974.28;4978.64
2026.01.23 09:40:00;XAUUSD;PERIOD_M5;LIVE;VALID;SELL;4946.14;2026.01.23 11:45:00;4919.15;2699.0;25;WIN;NEXT_SIGNAL;2026.01.23 11:50:00;4919.46;2668.0;26;WIN;REV;YES;;;;4.40;34;4952.89;4953.91;-102.2;0.0;BULL NOISE;BUY;OFF;0.92;14.98;11.65;23.28;4951.64;4941.74;4937.34;4932.94;4928.54;4924.14
2026.01.23 11:45:00;XAUUSD;PERIOD_M5;LIVE;VALID;BUY;4919.15;2026.01.23 13:05:00;4920.60;145.0;16;WIN;NEXT_SIGNAL;2026.01.23 13:10:00;4920.54;139.0;17;WIN;REV;YES;;;;7.64;34;4914.19;4913.95;23.3;0.0;BEAR;SELL;OFF;0.63;34.71;20.45;16.91;4909.60;4926.79;4934.43;4942.06;4949.70;4957.34
2026.01.23 13:05:00;XAUUSD;PERIOD_M5;LIVE;VALID;SELL;4920.60;2026.01.23 13:50:00;4923.96;-336.0;9;LOSS;NEXT_SIGNAL;2026.01.23 13:55:00;4925.24;-464.0;10;LOSS;REV;YES;;;;4.86;34;4924.20;4924.34;-13.4;0.0;BEAR;SELL;OFF;0.76;35.69;17.34;18.39;4926.67;4915.74;4910.88;4906.02;4901.17;4896.31
2026.01.23 13:50:00;XAUUSD;PERIOD_M5;LIVE;VALID;BUY;4923.96;2026.01.23 15:20:00;4927.89;393.0;18;WIN;NEXT_SIGNAL;2026.01.23 15:25:00;4927.78;382.0;19;WIN;REV;YES;;;;4.56;34;4923.32;4923.21;11.4;0.0;BEAR;SELL;OFF;0.90;29.41;19.94;8.90;4918.26;4928.52;4933.08;4937.64;4942.20;4946.76
2026.01.23 15:20:00;XAUUSD;PERIOD_M5;LIVE;VALID;SELL;4927.89;2026.01.23 15:55:00;4938.86;-1097.0;7;LOSS;NEXT_SIGNAL;2026.01.23 16:00:00;4939.24;-1135.0;8;LOSS;REV;YES;;;;5.99;34;4936.12;4936.35;-23.0;-14.0;BEAR;SELL;OFF;0.88;34.03;15.47;25.85;4935.38;4921.90;4915.90;4909.91;4903.92;4897.92
2026.01.23 15:55:00;XAUUSD;PERIOD_M5;LIVE;VALID;BUY;4938.86;2026.01.23 19:50:00;4970.86;3200.0;47;WIN;NEXT_SIGNAL;2026.01.23 19:55:00;4970.82;3196.0;48;WIN;REV;YES;;;;7.41;34;4936.37;4936.26;11.4;0.0;BEAR;SELL;OFF;0.86;23.89;20.99;12.38;4929.60;4946.27;4953.68;4961.09;4968.50;4975.91
2026.01.23 19:50:00;XAUUSD;PERIOD_M5;LIVE;VALID;SELL;4970.86;2026.01.23 21:15:00;4977.27;-641.0;17;LOSS;NEXT_SIGNAL;2026.01.23 21:20:00;4977.63;-677.0;18;LOSS;REV;YES;;;;5.29;34;4980.88;4982.23;-134.4;-14.0;BEAR;SELL;OFF;0.97;31.36;14.92;19.49;4977.47;4965.57;4960.28;4954.99;4949.69;4944.40
2026.01.23 21:15:00;XAUUSD;PERIOD_M5;LIVE;VALID;BUY;4977.27;2026.01.23 22:50:00;4979.61;234.0;19;WIN;NEXT_SIGNAL;2026.01.23 22:55:00;4979.67;240.0;20;WIN;REV;YES;;;;6.47;32;4973.38;4972.95;43.9;0.0;BEAR NOISE;SELL;OFF;0.78;22.67;24.16;15.06;4969.19;4983.74;4990.20;4996.67;5003.13;5009.60
2026.01.23 22:50:00;XAUUSD;PERIOD_M5;LIVE;VALID;SELL;4979.61;2026.01.23 23:00:00;4983.89;-428.0;2;LOSS;NEXT_SIGNAL;2026.01.23 23:05:00;4984.26;-465.0;3;LOSS;REV;YES;;;;5.41;34;4980.97;4981.00;-3.1;0.0;BEAR;SELL;OFF;0.85;17.06;15.02;22.29;4986.37;4974.20;4968.79;4963.38;4957.97;4952.56
2026.01.23 23:00:00;XAUUSD;PERIOD_M5;LIVE;VALID;BUY;4983.89;2026.01.23 23:15:00;4979.15;-474.0;3;LOSS;NEXT_SIGNAL;2026.01.23 23:20:00;4979.18;-471.0;4;LOSS;REV;YES;;;;5.22;40;4981.70;4981.43;27.4;0.0;BEAR;SELL;OFF;0.88;14.41;15.55;18.54;4977.37;4989.11;4994.32;4999.54;5004.75;5009.97
2026.01.23 23:15:00;XAUUSD;PERIOD_M5;LIVE;VALID;SELL;4979.15;2026.01.23 23:25:00;4981.80;-265.0;2;LOSS;NEXT_SIGNAL;2026.01.23 23:30:00;4982.28;-313.0;3;LOSS;REV;YES;;;;4.09;43;4981.18;4981.39;-20.5;-14.0;BEAR;SELL;OFF;0.88;15.41;14.04;26.24;4984.26;4975.06;4970.97;4966.88;4962.80;4958.71
2026.01.23 23:25:00;XAUUSD;PERIOD_M5;LIVE;VALID;BUY;4981.80;2026.01.26 05:15:00;5078.54;9674.0;58;WIN;NEXT_SIGNAL;2026.01.26 05:20:00;5078.56;9676.0;59;WIN;REV;YES;;;;3.84;43;4981.47;4981.44;3.2;0.0;BEAR;SELL;OFF;0.87;17.07;18.47;22.50;4977.00;4985.64;4989.49;4993.33;4997.17;5001.02
2026.01.26 05:15:00;XAUUSD;PERIOD_M5;LIVE;VALID;SELL;5078.54;2026.01.26 07:50:00;5073.53;501.0;31;WIN;NEXT_SIGNAL;2026.01.26 07:55:00;5073.91;463.0;32;WIN;REV;YES;;;;8.09;34;5081.97;5082.17;-20.0;0.0;BULL;BUY;OFF;0.92;26.72;18.82;14.70;5088.65;5070.45;5062.36;5054.27;5046.19;5038.10
2026.01.26 07:50:00;XAUUSD;PERIOD_M5;LIVE;VALID;BUY;5073.53;2026.01.26 10:45:00;5088.86;1533.0;35;WIN;NEXT_SIGNAL;2026.01.26 10:50:00;5088.84;1531.0;36;WIN;REV;YES;;;;8.65;34;5066.55;5065.27;127.6;14.0;BULL;BUY;OFF;0.82;34.30;25.94;19.44;5062.71;5082.18;5090.83;5099.49;5108.14;5116.79
2026.01.26 10:45:00;XAUUSD;PERIOD_M5;LIVE;VALID;SELL;5088.86;2026.01.26 11:25:00;5096.76;-790.0;8;LOSS;NEXT_SIGNAL;2026.01.26 11:30:00;5096.89;-803.0;9;LOSS;REV;YES;;;;4.41;34;5093.51;5093.69;-17.9;0.0;BULL NOISE;BUY;OFF;0.92;27.21;12.24;19.88;5094.37;5084.45;5080.04;5075.63;5071.23;5066.82
2026.01.26 11:25:00;XAUUSD;PERIOD_M5;LIVE;VALID;BUY;5096.76;2026.01.26 11:45:00;5083.70;-1306.0;4;LOSS;NEXT_SIGNAL;2026.01.26 11:50:00;5083.73;-1303.0;5;LOSS;REV;YES;;;;4.72;34;5091.83;5091.56;26.6;0.0;BULL;BUY;OFF;0.86;19.92;25.83;19.10;5090.86;5101.48;5106.20;5110.91;5115.63;5120.35
2026.01.26 11:45:00;XAUUSD;PERIOD_M5;LIVE;VALID;SELL;5083.70;2026.01.26 12:30:00;5092.91;-921.0;9;LOSS;NEXT_SIGNAL;2026.01.26 12:35:00;5093.20;-950.0;10;LOSS;REV;YES;;;;5.87;34;5090.77;5091.23;-45.5;0.0;BULL NOISE;BUY;OFF;0.77;20.03;18.73;31.28;5091.04;5077.83;5071.95;5066.08;5060.20;5054.33
2026.01.26 12:30:00;XAUUSD;PERIOD_M5;LIVE;VALID;BUY;5092.91;2026.01.26 13:15:00;5081.28;-1163.0;9;LOSS;NEXT_SIGNAL;2026.01.26 13:20:00;5081.22;-1169.0;10;LOSS;REV;YES;;;;6.30;34;5088.54;5088.19;35.2;0.0;BULL;BUY;OFF;0.83;17.01;21.11;16.10;5085.04;5099.21;5105.50;5111.80;5118.10;5124.39
2026.01.26 13:15:00;XAUUSD;PERIOD_M5;LIVE;VALID;SELL;5081.28;2026.01.26 13:50:00;5091.37;-1009.0;7;LOSS;NEXT_SIGNAL;2026.01.26 13:55:00;5091.77;-1049.0;8;LOSS;REV;YES;;;;4.46;34;5088.60;5089.36;-75.3;-14.0;BULL NOISE;BUY;OFF;0.76;25.63;7.28;30.73;5086.85;5076.82;5072.36;5067.90;5063.45;5058.99
2026.01.26 13:50:00;XAUUSD;PERIOD_M5;LIVE;VALID;BUY;5091.37;2026.01.26 14:35:00;5085.24;-613.0;9;LOSS;NEXT_SIGNAL;2026.01.26 14:40:00;5085.16;-621.0;10;LOSS;REV;YES;;;;4.25;34;5089.46;5089.31;15.7;0.0;BULL;BUY;OFF;0.84;21.45;22.77;18.02;5086.06;5095.62;5099.86;5104.11;5108.36;5112.61
2026.01.26 14:35:00;XAUUSD;PERIOD_M5;LIVE;VALID;SELL;5085.24;2026.01.26 16:20:00;5077.51;773.0;21;WIN;NEXT_SIGNAL;2026.01.26 16:25:00;5077.89;735.0;22;WIN;REV;YES;;;;4.83;34;5089.21;5089.77;-55.4;0.0;BULL;BUY;OFF;0.73;19.53;12.57;23.20;5091.28;5080.41;5075.57;5070.74;5065.91;5061.08
2026.01.26 16:20:00;XAUUSD;PERIOD_M5;LIVE;VALID;BUY;5077.51;2026.01.26 17:35:00;5080.26;275.0;15;WIN;NEXT_SIGNAL;2026.01.26 17:40:00;5080.44;293.0;16;WIN;REV;YES;;;;8.40;36;5071.89;5071.34;55.5;0.0;BULL;BUY;OFF;0.80;24.35;26.64;21.22;5067.01;5085.91;5094.32;5102.72;5111.12;5119.52
2026.01.26 17:35:00;XAUUSD;PERIOD_M5;LIVE;VALID;SELL;5080.26;2026.01.26 18:00:00;5100.32;-2006.0;5;LOSS;NEXT_SIGNAL;2026.01.26 18:05:00;5100.95;-2069.0;6;LOSS;REV;YES;;;;9.62;36;5085.70;5086.81;-110.5;0.0;BULL;BUY;OFF;0.85;24.95;11.30;18.30;5092.29;5070.64;5061.02;5051.40;5041.78;5032.16
2026.01.26 18:00:00;XAUUSD;PERIOD_M5;LIVE;VALID;BUY;5100.32;2026.01.26 18:25:00;5075.21;-2511.0;5;LOSS;NEXT_SIGNAL;2026.01.26 18:30:00;5075.38;-2494.0;6;LOSS;REV;YES;;;;9.11;36;5089.64;5088.52;111.5;14.0;BULL;BUY;OFF;0.82;28.24;31.19;9.59;5088.93;5109.43;5118.54;5127.65;5136.76;5145.87
2026.01.26 18:25:00;XAUUSD;PERIOD_M5;LIVE;VALID;SELL;5075.21;2026.01.26 19:00:00;5094.99;-1978.0;7;LOSS;NEXT_SIGNAL;2026.01.26 19:05:00;5095.76;-2055.0;8;LOSS;REV;YES;;;;10.41;36;5090.29;5090.38;-8.5;-14.0;BULL NOISE;BUY;OFF;0.88;28.24;20.04;25.43;5088.22;5064.80;5054.39;5043.98;5033.57;5023.16
2026.01.26 19:00:00;XAUUSD;PERIOD_M5;LIVE;VALID;BUY;5094.99;2026.01.26 20:10:00;5078.36;-1663.0;14;LOSS;NEXT_SIGNAL;2026.01.26 20:15:00;5078.31;-1668.0;15;LOSS;REV;YES;;;;10.66;36;5086.90;5086.67;22.8;0.0;BULL;BUY;OFF;0.92;22.27;22.81;11.60;5081.67;5105.65;5116.31;5126.97;5137.63;5148.29
2026.01.26 20:10:00;XAUUSD;PERIOD_M5;LIVE;VALID;SELL;5078.36;2026.01.26 22:15:00;5048.83;2953.0;25;WIN;NEXT_SIGNAL;2026.01.26 22:20:00;5049.24;2912.0;26;WIN;REV;YES;;;;8.41;36;5091.40;5092.59;-118.4;-14.0;BULL NOISE;BUY;OFF;0.94;23.02;13.36;28.39;5088.88;5069.95;5061.53;5053.12;5044.71;5036.30
2026.01.26 22:15:00;XAUUSD;PERIOD_M5;LIVE;VALID;BUY;5048.83;2026.01.26 23:10:00;5033.97;-1486.0;11;LOSS;NEXT_SIGNAL;2026.01.26 23:15:00;5033.70;-1513.0;12;LOSS;REV;YES;;;;16.30;36;5040.85;5039.14;170.6;0.0;BEAR;SELL;OFF;0.83;33.77;21.91;13.40;5028.45;5065.13;5081.43;5097.73;5114.03;5130.33
2026.01.26 23:10:00;XAUUSD;PERIOD_M5;LIVE;VALID;SELL;5033.97;2026.01.27 01:10:00;5040.05;-608.0;12;LOSS;NEXT_SIGNAL;2026.01.27 01:15:00;5040.38;-641.0;13;LOSS;REV;YES;;;;11.53;43;5046.98;5047.01;-2.8;-14.0;BEAR;SELL;OFF;0.89;26.03;17.10;24.94;5048.38;5022.44;5010.91;4999.38;4987.85;4976.32
2026.01.27 01:10:00;XAUUSD;PERIOD_M5;LIVE;VALID;BUY;5040.05;2026.01.27 02:30:00;5045.66;561.0;16;WIN;NEXT_SIGNAL;2026.01.27 02:35:00;5045.80;575.0;17;WIN;REV;YES;;;;14.23;43;5027.22;5025.62;160.0;14.0;BEAR;SELL;OFF;0.73;32.61;21.42;16.29;5022.26;5054.28;5068.51;5082.74;5096.97;5111.20
2026.01.27 02:30:00;XAUUSD;PERIOD_M5;LIVE;VALID;SELL;5045.66;2026.01.27 03:10:00;5071.38;-2572.0;8;LOSS;NEXT_SIGNAL;2026.01.27 03:15:00;5071.91;-2625.0;9;LOSS;REV;YES;;;;6.54;36;5047.31;5047.88;-57.4;0.0;BEAR;SELL;OFF;0.70;17.42;17.54;26.64;5053.84;5039.12;5032.58;5026.03;5019.49;5012.95
2026.01.27 03:10:00;XAUUSD;PERIOD_M5;LIVE;VALID;BUY;5071.38;2026.01.27 05:15:00;5067.54;-384.0;25;LOSS;NEXT_SIGNAL;2026.01.27 05:20:00;5067.53;-385.0;26;LOSS;REV;YES;;;;10.44;36;5045.04;5042.73;231.6;26.6;BULL;BUY;OFF;0.70;27.31;35.45;28.21;5058.33;5081.82;5092.25;5102.69;5113.13;5123.57
2026.01.27 05:15:00;XAUUSD;PERIOD_M5;LIVE;VALID;SELL;5067.54;2026.01.27 05:40:00;5074.65;-711.0;5;LOSS;NEXT_SIGNAL;2026.01.27 05:45:00;5075.03;-749.0;6;LOSS;REV;YES;;;;7.42;36;5068.69;5068.87;-17.7;0.0;BULL;BUY;OFF;0.88;16.32;11.76;18.20;5076.81;5060.12;5052.71;5045.29;5037.87;5030.46
2026.01.27 05:40:00;XAUUSD;PERIOD_M5;LIVE;VALID;BUY;5074.65;2026.01.27 06:35:00;5068.02;-663.0;11;LOSS;NEXT_SIGNAL;2026.01.27 06:40:00;5067.93;-672.0;12;LOSS;REV;YES;;;;7.20;36;5070.48;5070.00;47.3;0.0;BULL;BUY;OFF;0.82;16.22;25.24;12.81;5065.65;5081.85;5089.06;5096.26;5103.46;5110.67
2026.01.27 06:35:00;XAUUSD;PERIOD_M5;LIVE;VALID;SELL;5068.02;2026.01.27 07:35:00;5070.38;-236.0;12;LOSS;NEXT_SIGNAL;2026.01.27 07:40:00;5070.75;-273.0;13;LOSS;REV;YES;;;;4.80;36;5072.14;5072.50;-36.5;-14.0;BULL;BUY;OFF;0.79;17.88;12.05;26.02;5074.02;5063.22;5058.42;5053.62;5048.82;5044.02
2026.01.27 07:35:00;XAUUSD;PERIOD_M5;LIVE;VALID;BUY;5070.38;2026.01.27 10:00:00;5085.99;1561.0;29;WIN;NEXT_SIGNAL;2026.01.27 10:05:00;5086.01;1563.0;30;WIN;REV;YES;;;;6.02;36;5067.13;5066.77;36.1;0.0;BULL;BUY;OFF;0.77;22.17;15.05;13.61;5062.86;5076.40;5082.42;5088.44;5094.45;5100.47
2026.01.27 10:00:00;XAUUSD;PERIOD_M5;LIVE;VALID;SELL;5085.99;2026.01.27 11:15:00;5085.99;0.0;15;BE;NEXT_SIGNAL;2026.01.27 11:20:01;5086.39;-40.0;16;LOSS;REV;YES;;;;6.99;36;5089.09;5089.29;-19.9;0.0;BULL;BUY;OFF;0.70;22.69;12.90;25.96;5094.73;5079.00;5072.01;5065.01;5058.02;5051.03
2026.01.27 11:15:00;XAUUSD;PERIOD_M5;LIVE;VALID;BUY;5085.99;2026.01.27 12:30:00;5084.02;-197.0;15;LOSS;NEXT_SIGNAL;2026.01.27 12:35:00;5084.03;-196.0;16;LOSS;REV;YES;;;;5.09;36;5082.73;5082.40;33.1;0.0;BULL;BUY;OFF;0.85;23.42;23.80;15.56;5079.63;5091.08;5096.17;5101.26;5106.34;5111.43
2026.01.27 12:30:00;XAUUSD;PERIOD_M5;LIVE;VALID;SELL;5084.02;2026.01.27 14:35:00;5085.82;-180.0;25;LOSS;NEXT_SIGNAL;2026.01.27 14:40:00;5086.16;-214.0;26;LOSS;REV;YES;;;;5.46;36;5089.94;5090.68;-74.7;-14.0;BULL NOISE;BUY;OFF;0.89;25.93;15.75;33.24;5090.84;5078.56;5073.10;5067.65;5062.19;5056.73
2026.01.27 14:35:00;XAUUSD;PERIOD_M5;LIVE;VALID;BUY;5085.82;2026.01.27 15:30:00;5076.50;-932.0;11;LOSS;NEXT_SIGNAL;2026.01.27 15:35:00;5076.61;-921.0;12;LOSS;REV;YES;;;;5.95;32;5081.60;5080.93;67.6;0.0;BEAR NOISE;SELL;OFF;0.82;26.82;21.87;16.87;5078.38;5091.77;5097.72;5103.68;5109.63;5115.58
2026.01.27 15:30:00;XAUUSD;PERIOD_M5;LIVE;VALID;SELL;5076.50;2026.01.27 17:20:00;5075.49;101.0;22;WIN;NEXT_SIGNAL;2026.01.27 17:25:00;5075.84;66.0;23;WIN;REV;YES;;;;7.16;36;5083.15;5083.94;-78.9;0.0;BEAR;SELL;OFF;0.95;21.22;10.48;25.12;5085.45;5069.34;5062.18;5055.03;5047.87;5040.71
2026.01.27 17:20:00;XAUUSD;PERIOD_M5;LIVE;VALID;BUY;5075.49;2026.01.27 18:55:00;5087.50;1201.0;19;WIN;NEXT_SIGNAL;2026.01.27 19:00:00;5087.46;1197.0;20;WIN;REV;YES;;;;13.75;38;5066.84;5065.49;135.0;14.0;BEAR;SELL;OFF;0.87;26.35;14.00;17.49;5058.30;5089.24;5103.00;5116.75;5130.50;5144.26
2026.01.27 18:55:00;XAUUSD;PERIOD_M5;LIVE;VALID;SELL;5087.50;2026.01.27 20:30:00;5088.52;-102.0;19;LOSS;NEXT_SIGNAL;2026.01.27 20:35:00;5088.85;-135.0;20;LOSS;REV;YES;;;;7.11;34;5089.85;5090.24;-39.2;0.0;BEAR;SELL;OFF;0.78;32.71;13.21;17.48;5096.39;5080.39;5073.27;5066.16;5059.04;5051.93
2026.01.27 20:30:00;XAUUSD;PERIOD_M5;LIVE;VALID;BUY;5088.52;2026.01.28 01:10:00;5170.88;8236.0;44;WIN;NEXT_SIGNAL;2026.01.28 01:15:00;5170.82;8230.0;45;WIN;REV;YES;;;;6.52;34;5083.98;5083.39;58.8;14.0;BEAR;SELL;OFF;0.85;15.43;20.97;13.29;5080.36;5095.04;5101.57;5108.09;5114.62;5121.14
2026.01.28 01:10:00;XAUUSD;PERIOD_M5;LIVE;VALID;SELL;5170.88;2026.01.28 02:40:00;5168.10;278.0;18;WIN;NEXT_SIGNAL;2026.01.28 02:45:00;5168.65;223.0;19;WIN;REV;YES;;;;9.49;45;5177.55;5177.84;-29.5;0.0;BULL;BUY;OFF;0.97;42.33;16.98;20.27;5182.74;5161.39;5151.90;5142.42;5132.93;5123.44
2026.01.28 02:40:00;XAUUSD;PERIOD_M5;LIVE;VALID;BUY;5168.10;2026.01.28 06:10:00;5235.15;6705.0;42;WIN;NEXT_SIGNAL;2026.01.28 06:15:00;5235.18;6708.0;43;WIN;REV;YES;;;;6.02;38;5166.69;5166.56;13.7;0.0;BULL;BUY;OFF;0.84;25.70;25.03;11.12;5160.58;5174.12;5180.13;5186.15;5192.16;5198.18
2026.01.28 06:10:00;XAUUSD;PERIOD_M5;LIVE;VALID;SELL;5235.15;2026.01.28 06:35:00;5239.26;-411.0;5;LOSS;NEXT_SIGNAL;2026.01.28 06:40:00;5239.67;-452.0;6;LOSS;REV;YES;;;;6.92;38;5236.45;5236.74;-28.8;0.0;BULL;BUY;OFF;0.79;23.28;18.18;26.90;5243.80;5228.23;5221.30;5214.38;5207.46;5200.54
2026.01.28 06:35:00;XAUUSD;PERIOD_M5;LIVE;VALID;BUY;5239.26;2026.01.28 08:30:00;5258.43;1917.0;23;WIN;NEXT_SIGNAL;2026.01.28 08:35:00;5258.37;1911.0;24;WIN;REV;YES;;;;5.84;38;5237.45;5237.17;27.7;14.0;BULL;BUY;OFF;0.81;17.14;17.57;23.25;5231.95;5245.11;5250.95;5256.80;5262.64;5268.48
2026.01.28 08:30:00;XAUUSD;PERIOD_M5;LIVE;VALID;SELL;5258.43;2026.01.28 08:45:00;5262.14;-371.0;3;LOSS;NEXT_SIGNAL;2026.01.28 08:50:00;5262.53;-410.0;4;LOSS;REV;YES;;;;7.03;38;5259.03;5259.25;-22.2;0.0;BULL;BUY;OFF;0.92;23.25;22.91;20.72;5267.22;5251.40;5244.37;5237.33;5230.30;5223.27
2026.01.28 08:45:00;XAUUSD;PERIOD_M5;LIVE;VALID;BUY;5262.14;2026.01.28 11:00:00;5291.98;2984.0;27;WIN;NEXT_SIGNAL;2026.01.28 11:05:01;5292.05;2991.0;28;WIN;REV;YES;;;;6.42;38;5260.08;5259.94;13.9;0.0;BULL;BUY;OFF;0.87;19.71;18.45;15.07;5254.12;5268.56;5274.98;5281.40;5287.82;5294.24
2026.01.28 11:00:00;XAUUSD;PERIOD_M5;LIVE;VALID;SELL;5291.98;2026.01.28 12:20:00;5279.12;1286.0;16;WIN;NEXT_SIGNAL;2026.01.28 12:25:00;5279.62;1236.0;17;WIN;REV;YES;;;;8.02;34;5292.50;5292.73;-22.3;0.0;BULL;BUY;OFF;0.83;32.00;23.22;17.32;5302.01;5283.96;5275.94;5267.91;5259.89;5251.87
2026.01.28 12:20:00;XAUUSD;PERIOD_M5;LIVE;VALID;BUY;5279.12;2026.01.28 12:30:00;5273.60;-552.0;2;LOSS;NEXT_SIGNAL;2026.01.28 12:35:00;5273.66;-546.0;3;LOSS;REV;YES;;;;7.81;37;5278.51;5278.18;33.4;0.0;BULL;BUY;OFF;0.84;19.13;17.74;18.81;5269.35;5286.93;5294.74;5302.56;5310.37;5318.18
2026.01.28 12:30:00;XAUUSD;PERIOD_M5;LIVE;VALID;SELL;5273.60;2026.01.28 12:50:00;5280.28;-668.0;4;LOSS;NEXT_SIGNAL;2026.01.28 12:55:00;5280.62;-702.0;5;LOSS;REV;YES;;;;6.99;38;5277.04;5277.18;-14.1;0.0;BULL;BUY;OFF;0.83;19.28;13.32;23.22;5282.33;5266.61;5259.63;5252.64;5245.65;5238.66
2026.01.28 12:50:00;XAUUSD;PERIOD_M5;LIVE;VALID;BUY;5280.28;2026.01.28 12:55:00;5269.96;-1032.0;1;LOSS;NEXT_SIGNAL;2026.01.28 13:00:00;5269.95;-1033.0;2;LOSS;REV;YES;;;;5.52;38;5276.78;5276.54;24.0;0.0;BULL;BUY;OFF;0.87;19.80;20.84;19.73;5273.38;5285.80;5291.33;5296.85;5302.37;5307.89
2026.01.28 12:55:00;XAUUSD;PERIOD_M5;LIVE;VALID;SELL;5269.96;2026.01.28 14:15:00;5261.38;858.0;16;WIN;NEXT_SIGNAL;2026.01.28 14:20:00;5261.88;808.0;17;WIN;REV;YES;;;;5.70;38;5275.26;5275.95;-68.7;0.0;BULL;BUY;OFF;0.87;18.59;18.06;22.41;5277.08;5264.26;5258.56;5252.87;5247.17;5241.47
2026.01.28 14:15:00;XAUUSD;PERIOD_M5;LIVE;VALID;BUY;5261.38;2026.01.28 15:40:00;5261.32;-6.0;17;LOSS;NEXT_SIGNAL;2026.01.28 15:45:00;5261.41;3.0;18;WIN;REV;YES;;;;7.31;38;5259.82;5259.61;20.1;0.0;BEAR;SELL;OFF;0.92;17.26;26.33;20.59;5252.24;5268.69;5276.01;5283.32;5290.64;5297.95
2026.01.28 15:40:00;XAUUSD;PERIOD_M5;LIVE;VALID;SELL;5261.32;2026.01.28 16:35:00;5281.57;-2025.0;11;LOSS;NEXT_SIGNAL;2026.01.28 16:40:00;5281.99;-2067.0;12;LOSS;REV;YES;;;;9.02;38;5271.47;5273.25;-178.2;0.0;BEAR;SELL;OFF;0.80;30.27;16.93;27.73;5272.59;5252.30;5243.28;5234.26;5225.25;5216.23
2026.01.28 16:35:00;XAUUSD;PERIOD_M5;LIVE;VALID;BUY;5281.57;2026.01.28 17:10:00;5256.36;-2521.0;7;LOSS;NEXT_SIGNAL;2026.01.28 17:15:00;5256.76;-2481.0;8;LOSS;REV;YES;;;;10.46;38;5267.50;5266.80;69.8;0.0;BEAR NOISE;SELL;OFF;0.97;22.51;25.93;23.37;5268.49;5292.03;5302.49;5312.95;5323.41;5333.87
2026.01.28 17:10:00;XAUUSD;PERIOD_M5;LIVE;VALID;SELL;5256.36;2026.01.28 17:35:00;5274.29;-1793.0;5;LOSS;NEXT_SIGNAL;2026.01.28 17:40:00;5274.80;-1844.0;6;LOSS;REV;YES;;;;15.58;38;5267.63;5268.83;-120.2;0.0;BEAR;SELL;OFF;0.85;15.04;21.89;20.28;5275.84;5240.78;5225.20;5209.62;5194.04;5178.46
2026.01.28 17:35:00;XAUUSD;PERIOD_M5;LIVE;VALID;BUY;5274.29;2026.01.28 19:40:00;5287.86;1357.0;25;WIN;NEXT_SIGNAL;2026.01.28 19:45:00;5287.79;1350.0;26;WIN;REV;YES;;;;17.91;40;5269.59;5269.41;18.2;0.0;BEAR;SELL;OFF;0.86;22.59;25.43;9.92;5251.90;5292.20;5310.12;5328.03;5345.94;5363.85
2026.01.28 19:40:00;XAUUSD;PERIOD_M5;LIVE;VALID;SELL;5287.86;2026.01.28 19:50:00;5300.98;-1312.0;2;LOSS;NEXT_SIGNAL;2026.01.28 19:55:00;5301.34;-1348.0;3;LOSS;REV;YES;;;;9.41;40;5292.01;5292.54;-52.9;0.0;BEAR;SELL;OFF;0.78;24.63;17.48;21.58;5299.63;5278.45;5269.04;5259.62;5250.21;5240.80
2026.01.28 19:50:00;XAUUSD;PERIOD_M5;LIVE;VALID;BUY;5300.98;2026.01.28 20:35:00;5273.83;-2715.0;9;LOSS;NEXT_SIGNAL;2026.01.28 20:40:00;5273.84;-2714.0;10;LOSS;REV;YES;;;;9.64;34;5293.52;5293.38;14.4;14.0;BEAR;SELL;OFF;0.78;22.42;24.50;16.39;5288.93;5310.62;5320.26;5329.90;5339.55;5349.19
2026.01.28 20:35:00;XAUUSD;PERIOD_M5;LIVE;VALID;SELL;5273.83;2026.01.28 21:20:00;5293.96;-2013.0;9;LOSS;NEXT_SIGNAL;2026.01.28 21:25:00;5294.39;-2056.0;10;LOSS;REV;YES;;;;13.89;40;5295.05;5297.16;-211.3;-14.0;BEAR;SELL;OFF;0.76;21.01;22.06;25.38;5291.19;5259.94;5246.05;5232.16;5218.27;5204.38
2026.01.28 21:20:00;XAUUSD;PERIOD_M5;LIVE;VALID;BUY;5293.96;2026.01.28 21:25:00;5283.30;-1066.0;1;LOSS;NEXT_SIGNAL;2026.01.28 21:30:00;5283.32;-1064.0;2;LOSS;REV;YES;;;;15.62;36;5289.30;5289.11;18.2;0.0;BEAR;SELL;OFF;0.89;26.37;23.85;10.87;5274.43;5309.58;5325.21;5340.83;5356.45;5372.08
2026.01.28 21:25:00;XAUUSD;PERIOD_M5;LIVE;BLOCKED;SELL;5283.30;2026.01.28 21:30:00;5292.40;-910.0;1;LOSS;NEXT_SIGNAL;;;;;;;NO;MARKET;SPREAD;;15.65;46;5287.96;5288.29;-32.4;0.0;BEAR;SELL;OFF;0.90;24.52;20.67;16.09;5302.86;5267.65;5252.00;5236.35;5220.70;5205.05
2026.01.28 21:30:00;XAUUSD;PERIOD_M5;LIVE;VALID;BUY;5292.40;2026.01.29 02:20:00;5477.92;18552.0;46;WIN;NEXT_SIGNAL;2026.01.29 02:25:00;5478.10;18570.0;47;WIN;REV;YES;;;;15.38;40;5288.95;5288.36;59.4;0.0;BEAR;SELL;OFF;0.82;22.13;17.92;15.70;5273.18;5307.78;5323.16;5338.54;5353.92;5369.30
2026.01.29 02:20:00;XAUUSD;PERIOD_M5;LIVE;BLOCKED;SELL;5477.92;2026.01.29 02:35:00;5518.53;-4061.0;3;LOSS;NEXT_SIGNAL;;;;;;;NO;MARKET;SPREAD;;36.42;55;5491.36;5494.67;-331.2;0.0;BULL;BUY;OFF;0.83;43.14;17.13;23.76;5523.45;5441.50;5405.07;5368.65;5332.23;5295.81
2026.01.29 02:35:00;XAUUSD;PERIOD_M5;LIVE;BLOCKED;BUY;5518.53;2026.01.29 03:00:00;5468.41;-5012.0;5;LOSS;NEXT_SIGNAL;;;;;;;NO;MARKET;SPREAD;;37.17;55;5503.33;5502.12;120.6;0.0;BULL;BUY;OFF;0.77;36.11;31.12;15.46;5472.06;5555.70;5592.88;5630.05;5667.22;5704.39
2026.01.29 03:00:00;XAUUSD;PERIOD_M5;LIVE;BLOCKED;SELL;5468.41;2026.01.29 03:30:00;5520.52;-5211.0;6;LOSS;NEXT_SIGNAL;;;;;;;NO;MARKET;SPREAD;;29.69;55;5500.94;5502.93;-198.6;-14.0;BULL NOISE;BUY;OFF;0.78;24.54;16.52;21.42;5505.53;5438.72;5409.02;5379.32;5349.63;5319.94
2026.01.29 03:30:00;XAUUSD;PERIOD_M5;LIVE;BLOCKED;BUY;5520.52;2026.01.29 05:00:00;5514.60;-592.0;18;LOSS;NEXT_SIGNAL;;;;;;;NO;MARKET;SPREAD;;25.32;54;5501.79;5498.93;285.1;0.0;BULL;BUY;OFF;0.75;24.45;28.83;13.17;5488.87;5545.84;5571.16;5596.47;5621.79;5647.11
2026.01.29 05:00:00;XAUUSD;PERIOD_M5;LIVE;BLOCKED;SELL;5514.60;2026.01.29 05:10:00;5538.43;-2383.0;2;LOSS;NEXT_SIGNAL;;;;;;;NO;MARKET;SPREAD;;19.18;55;5527.84;5528.33;-49.3;0.0;BULL;BUY;OFF;0.80;24.21;18.89;18.45;5538.57;5495.42;5476.24;5457.06;5437.88;5418.70
2026.01.29 05:10:00;XAUUSD;PERIOD_M5;LIVE;BLOCKED;BUY;5538.43;2026.01.29 05:25:00;5521.99;-1644.0;3;LOSS;NEXT_SIGNAL;;;;;;;NO;MARKET;SPREAD;;16.77;51;5529.49;5528.92;56.6;0.0;BULL;BUY;OFF;0.81;22.12;24.89;13.86;5517.47;5555.20;5571.97;5588.73;5605.50;5622.27
2026.01.29 05:25:00;XAUUSD;PERIOD_M5;LIVE;BLOCKED;SELL;5521.99;2026.01.29 05:30:00;5534.36;-1237.0;1;LOSS;NEXT_SIGNAL;;;;;;;NO;MARKET;SPREAD;;16.00;55;5528.06;5528.36;-29.9;0.0;BULL;BUY;OFF;0.82;22.71;19.36;11.40;5541.99;5505.99;5489.99;5473.99;5457.98;5441.98
2026.01.29 05:30:00;XAUUSD;PERIOD_M5;LIVE;BLOCKED;BUY;5534.36;2026.01.29 05:35:00;5522.25;-1211.0;1;LOSS;NEXT_SIGNAL;;;;;;;NO;MARKET;SPREAD;;15.98;53;5529.46;5528.93;53.0;0.0;BULL;BUY;OFF;0.82;23.13;16.78;9.88;5514.38;5550.34;5566.33;5582.31;5598.29;5614.28
2026.01.29 05:35:00;XAUUSD;PERIOD_M5;LIVE;BLOCKED;SELL;5522.25;2026.01.29 05:45:00;5538.04;-1579.0;2;LOSS;NEXT_SIGNAL;;;;;;;NO;MARKET;SPREAD;;16.69;55;5527.86;5528.38;-51.8;0.0;BULL;BUY;OFF;0.81;24.48;17.08;8.56;5543.11;5505.56;5488.88;5472.19;5455.50;5438.81
2026.01.29 05:45:00;XAUUSD;PERIOD_M5;LIVE;BLOCKED;BUY;5538.04;2026.01.29 07:20:00;5521.03;-1701.0;19;LOSS;NEXT_SIGNAL;;;;;;;NO;MARKET;SPREAD;;15.85;54;5530.16;5529.51;65.1;0.0;BULL;BUY;OFF;0.76;29.81;23.61;6.46;5518.23;5553.89;5569.73;5585.58;5601.42;5617.27
2026.01.29 07:20:00;XAUUSD;PERIOD_M5;LIVE;VALID;SELL;5521.03;2026.01.29 07:55:00;5562.38;-4135.0;7;LOSS;NEXT_SIGNAL;2026.01.29 08:00:00;5562.93;-4190.0;8;LOSS;REV;YES;;;;10.65;42;5548.68;5551.67;-299.0;-14.0;BEAR;SELL;OFF;0.90;26.61;14.86;26.06;5534.35;5510.38;5499.72;5489.07;5478.42;5467.77
2026.01.29 07:55:00;XAUUSD;PERIOD_M5;LIVE;VALID;BUY;5562.38;2026.01.29 08:55:00;5562.00;-38.0;12;LOSS;NEXT_SIGNAL;2026.01.29 09:00:00;5561.43;-95.0;13;LOSS;REV;YES;;;;12.69;42;5553.90;5552.70;120.5;0.0;BEAR NOISE;SELL;OFF;0.83;26.97;23.81;9.57;5546.52;5575.07;5587.75;5600.44;5613.13;5625.81
2026.01.29 08:55:00;XAUUSD;PERIOD_M5;LIVE;VALID;SELL;5562.00;2026.01.29 11:30:00;5520.40;4160.0;31;WIN;NEXT_SIGNAL;2026.01.29 11:35:01;5520.87;4113.0;32;WIN;REV;YES;;;;12.31;42;5573.51;5574.24;-73.1;-14.0;BEAR;SELL;OFF;0.84;29.17;11.99;24.70;5577.38;5549.69;5537.38;5525.08;5512.77;5500.46
2026.01.29 11:30:00;XAUUSD;PERIOD_M5;LIVE;VALID;BUY;5520.40;2026.01.29 12:25:00;5510.83;-957.0;11;LOSS;NEXT_SIGNAL;2026.01.29 12:30:00;5510.56;-984.0;12;LOSS;REV;YES;;;;14.86;42;5513.55;5513.04;51.4;0.0;BEAR;SELL;OFF;0.87;40.89;22.71;16.36;5501.83;5535.26;5550.11;5564.97;5579.83;5594.69
2026.01.29 12:25:00;XAUUSD;PERIOD_M5;LIVE;VALID;SELL;5510.83;2026.01.29 13:25:00;5515.91;-508.0;12;LOSS;NEXT_SIGNAL;2026.01.29 13:30:00;5516.19;-536.0;13;LOSS;REV;YES;;;;9.12;40;5514.49;5515.10;-61.0;0.0;BEAR;SELL;OFF;0.82;22.03;16.33;25.85;5522.22;5501.71;5492.60;5483.48;5474.37;5465.25
2026.01.29 13:25:00;XAUUSD;PERIOD_M5;LIVE;VALID;BUY;5515.91;2026.01.29 15:10:00;5514.90;-101.0;21;LOSS;NEXT_SIGNAL;2026.01.29 15:15:00;5514.94;-97.0;22;LOSS;REV;YES;;;;10.68;42;5506.00;5504.59;140.3;0.0;BEAR;SELL;OFF;0.74;31.31;27.79;19.93;5502.56;5526.59;5537.27;5547.95;5558.63;5569.31
2026.01.29 15:10:00;XAUUSD;PERIOD_M5;LIVE;VALID;SELL;5514.90;2026.01.29 16:10:00;5528.86;-1396.0;12;LOSS;NEXT_SIGNAL;2026.01.29 16:15:00;5529.23;-1433.0;13;LOSS;REV;YES;;;;10.21;42;5529.44;5531.37;-193.3;-14.0;BEAR;SELL;OFF;0.97;16.34;13.48;25.09;5527.66;5504.69;5494.48;5484.27;5474.06;5463.85
2026.01.29 16:10:00;XAUUSD;PERIOD_M5;LIVE;VALID;BUY;5528.86;2026.01.29 16:45:00;5515.90;-1296.0;7;LOSS;NEXT_SIGNAL;2026.01.29 16:50:00;5516.03;-1283.0;8;LOSS;REV;YES;;;;13.84;40;5523.26;5522.18;108.0;0.0;BEAR;SELL;OFF;0.95;22.33;16.74;17.42;5511.55;5542.70;5556.55;5570.39;5584.24;5598.08
2026.01.29 16:45:00;XAUUSD;PERIOD_M5;LIVE;VALID;SELL;5515.90;2026.01.29 18:20:00;5271.15;24475.0;19;WIN;NEXT_SIGNAL;2026.01.29 18:25:00;5271.10;24480.0;20;WIN;REV;YES;;;;19.08;42;5523.28;5523.35;-7.2;-14.0;BEAR;SELL;OFF;0.74;21.00;12.41;27.38;5539.74;5496.82;5477.75;5458.67;5439.60;5420.52
2026.01.29 18:20:00;XAUUSD;PERIOD_M5;LIVE;VALID;BUY;5271.15;2026.01.29 20:25:00;5330.12;5897.0;25;WIN;NEXT_SIGNAL;2026.01.29 20:30:00;5330.20;5905.0;26;WIN;REV;YES;;;;73.34;42;5248.52;5246.99;153.3;-14.0;BEAR;SELL;OFF;0.84;40.89;19.34;14.24;5179.48;5344.49;5417.82;5491.16;5564.49;5637.83
2026.01.29 20:25:00;XAUUSD;PERIOD_M5;LIVE;VALID;SELL;5330.12;2026.01.29 20:45:00;5358.82;-2870.0;4;LOSS;NEXT_SIGNAL;2026.01.29 20:50:00;5359.37;-2925.0;5;LOSS;REV;YES;;;;24.87;42;5340.58;5341.55;-96.7;0.0;BEAR;SELL;OFF;0.83;23.33;13.44;23.99;5361.21;5305.25;5280.38;5255.50;5230.63;5205.76
2026.01.29 20:45:00;XAUUSD;PERIOD_M5;LIVE;VALID;BUY;5358.82;2026.01.29 20:55:00;5338.85;-1997.0;2;LOSS;NEXT_SIGNAL;2026.01.29 21:00:00;5338.86;-1996.0;3;LOSS;REV;YES;;;;24.10;42;5347.77;5347.34;42.8;14.0;BEAR;SELL;OFF;0.85;17.01;13.44;16.83;5328.69;5382.92;5407.02;5431.12;5455.22;5479.32
2026.01.29 20:55:00;XAUUSD;PERIOD_M5;LIVE;VALID;SELL;5338.85;2026.01.29 22:25:00;5317.90;2095.0;18;WIN;NEXT_SIGNAL;2026.01.29 22:30:00;5319.34;1951.0;19;WIN;REV;YES;;;;23.06;42;5346.41;5347.07;-65.6;-14.0;BEAR;SELL;OFF;0.82;17.60;11.85;23.67;5367.67;5315.79;5292.74;5269.68;5246.62;5223.57
2026.01.29 22:25:00;XAUUSD;PERIOD_M5;LIVE;VALID;BUY;5317.90;2026.01.30 01:00:00;5419.45;10155.0;19;WIN;NEXT_SIGNAL;2026.01.30 01:00:05;5383.86;6596.0;19;WIN;REV;YES;;;;19.05;42;5310.98;5310.04;93.7;0.0;BEAR;SELL;OFF;0.90;43.01;13.51;16.00;5294.09;5336.95;5356.00;5375.04;5394.09;5413.14
2026.01.30 01:00:00;XAUUSD;PERIOD_M5;LIVE;VALID;BUY;5419.45;2026.01.30 02:35:00;5421.76;231.0;19;WIN;NEXT_SIGNAL;2026.01.30 02:40:00;5421.77;232.0;20;WIN;REV;NO;POSITION_ACTIVE;;;19.16;45;5394.47;5392.97;149.9;26.6;BEAR NOISE;SELL;OFF;0.83;28.24;24.78;21.22;5395.50;5438.61;5457.76;5476.92;5496.08;5515.23
2026.01.30 02:35:00;XAUUSD;PERIOD_M5;LIVE;VALID;SELL;5421.76;2026.01.30 06:05:00;5208.85;21291.0;42;WIN;NEXT_SIGNAL;2026.01.30 06:10:00;5209.15;21261.0;43;WIN;REV;YES;;;;14.41;42;5431.87;5433.26;-138.0;0.0;BEAR;SELL;OFF;0.76;22.89;16.77;20.16;5439.78;5407.35;5392.93;5378.52;5364.11;5349.69
2026.01.30 06:05:00;XAUUSD;PERIOD_M5;LIVE;VALID;BUY;5208.85;2026.01.30 07:55:00;5184.55;-2430.0;22;LOSS;NEXT_SIGNAL;2026.01.30 08:00:00;5184.58;-2427.0;23;LOSS;REV;YES;;;;26.00;42;5193.85;5192.22;162.3;0.0;BEAR;SELL;OFF;0.87;29.88;28.78;13.35;5176.35;5234.85;5260.85;5286.85;5312.86;5338.86
2026.01.30 07:55:00;XAUUSD;PERIOD_M5;LIVE;VALID;SELL;5184.55;2026.01.30 09:20:00;5178.79;576.0;17;WIN;NEXT_SIGNAL;2026.01.30 09:25:00;5179.18;537.0;18;WIN;REV;YES;;;;15.91;42;5213.71;5217.41;-369.6;-14.0;BEAR;SELL;OFF;0.81;26.15;11.78;33.61;5204.43;5168.64;5152.74;5136.83;5120.92;5105.02
2026.01.30 09:20:00;XAUUSD;PERIOD_M5;LIVE;VALID;BUY;5178.79;2026.01.30 09:30:00;5151.17;-2762.0;2;LOSS;NEXT_SIGNAL;2026.01.30 09:35:00;5151.95;-2684.0;3;LOSS;REV;YES;;;;23.90;42;5170.17;5169.60;56.5;0.0;BEAR;SELL;OFF;0.88;31.91;17.11;15.15;5148.92;5202.69;5226.59;5250.49;5274.39;5298.29
2026.01.30 09:30:00;XAUUSD;PERIOD_M5;LIVE;VALID;SELL;5151.17;2026.01.30 09:55:00;5181.19;-3002.0;5;LOSS;NEXT_SIGNAL;2026.01.30 10:00:00;5179.08;-2791.0;6;LOSS;REV;YES;;;;22.65;42;5166.71;5167.11;-40.0;0.0;BEAR;SELL;OFF;0.89;27.83;12.85;23.05;5179.48;5128.52;5105.88;5083.23;5060.58;5037.93
2026.01.30 09:55:00;XAUUSD;PERIOD_M5;LIVE;VALID;BUY;5181.19;2026.01.30 10:05:00;5147.13;-3406.0;2;LOSS;NEXT_SIGNAL;2026.01.30 10:10:00;5147.14;-3405.0;3;LOSS;REV;YES;;;;22.35;42;5162.84;5162.29;54.5;0.0;BEAR;SELL;OFF;0.88;26.65;22.50;18.56;5153.25;5203.54;5225.89;5248.24;5270.59;5292.94
2026.01.30 10:05:00;XAUUSD;PERIOD_M5;LIVE;VALID;SELL;5147.13;2026.01.30 12:20:00;5064.53;8260.0;27;WIN;NEXT_SIGNAL;2026.01.30 12:25:00;5063.61;8352.0;28;WIN;REV;YES;;;;23.71;42;5160.84;5161.55;-71.9;0.0;BEAR;SELL;OFF;0.86;22.61;16.90;21.14;5176.77;5123.42;5099.70;5075.99;5052.28;5028.56
2026.01.30 12:20:00;XAUUSD;PERIOD_M5;LIVE;VALID;BUY;5064.53;2026.01.30 14:30:00;5119.46;5493.0;26;WIN;NEXT_SIGNAL;2026.01.30 14:35:00;5119.33;5480.0;27;WIN;REV;YES;;;;39.22;42;5039.45;5034.20;525.0;0.0;BEAR NOISE;SELL;OFF;0.79;24.47;27.72;15.62;5015.51;5103.75;5142.97;5182.18;5221.40;5260.62
2026.01.30 14:30:00;XAUUSD;PERIOD_M5;LIVE;VALID;SELL;5119.46;2026.01.30 16:15:00;5054.27;6519.0;21;WIN;NEXT_SIGNAL;2026.01.30 16:20:00;5054.68;6478.0;22;WIN;REV;YES;;;;19.19;42;5122.39;5122.91;-51.8;0.0;BEAR;SELL;OFF;0.93;20.40;16.40;14.96;5143.45;5100.27;5081.08;5061.88;5042.69;5023.50
2026.01.30 16:15:00;XAUUSD;PERIOD_M5;LIVE;VALID;BUY;5054.27;2026.01.30 17:00:00;4985.39;-6888.0;9;LOSS;NEXT_SIGNAL;2026.01.30 17:05:00;4985.29;-6898.0;10;LOSS;REV;YES;;;;27.85;42;5045.44;5043.69;175.8;0.0;BEAR;SELL;OFF;0.77;33.14;17.50;13.91;5019.45;5082.12;5109.98;5137.83;5165.68;5193.54
2026.01.30 17:00:00;XAUUSD;PERIOD_M5;LIVE;VALID;SELL;4985.39;2026.01.30 17:40:00;5059.13;-7374.0;8;LOSS;NEXT_SIGNAL;2026.01.30 17:45:00;5059.53;-7414.0;9;LOSS;REV;YES;;;;33.82;42;5045.81;5054.19;-838.0;-26.6;BEAR;SELL;OFF;0.80;31.51;11.34;28.44;5027.66;4951.57;4917.75;4883.93;4850.11;4816.29
2026.01.30 17:40:00;XAUUSD;PERIOD_M5;LIVE;VALID;BUY;5059.13;2026.01.30 18:00:00;5022.88;-3625.0;4;LOSS;NEXT_SIGNAL;2026.01.30 18:05:00;5023.05;-3608.0;5;LOSS;REV;YES;;;;30.86;42;5047.93;5047.90;3.6;0.0;BEAR;SELL;OFF;0.88;21.04;22.64;12.16;5020.55;5089.99;5120.86;5151.72;5182.59;5213.45
2026.01.30 18:00:00;XAUUSD;PERIOD_M5;LIVE;VALID;SELL;5022.88;2026.01.30 20:55:00;4879.06;14382.0;35;WIN;NEXT_SIGNAL;2026.01.30 21:00:00;4880.39;14249.0;36;WIN;REV;YES;;;;28.38;42;5043.40;5044.36;-96.1;0.0;BEAR;SELL;OFF;0.89;17.36;12.77;22.47;5058.35;4994.50;4966.13;4937.75;4909.37;4881.00
2026.01.30 20:55:00;XAUUSD;PERIOD_M5;LIVE;VALID;BUY;4879.06;2026.01.30 22:20:00;4896.54;1748.0;17;WIN;NEXT_SIGNAL;2026.01.30 22:25:00;4896.71;1765.0;18;WIN;REV;YES;;;;58.54;42;4816.39;4806.36;1002.3;14.0;BEAR NOISE;SELL;OFF;0.82;40.37;33.64;19.26;4805.89;4937.60;4996.14;5054.68;5113.22;5171.76
2026.01.30 22:20:00;XAUUSD;PERIOD_M5;LIVE;VALID;SELL;4896.54;2026.01.30 23:30:00;4876.43;2011.0;14;WIN;NEXT_SIGNAL;2026.01.30 23:35:00;4876.90;1964.0;15;WIN;REV;YES;;;;30.94;42;4903.76;4904.98;-122.5;0.0;BEAR;SELL;OFF;0.82;21.17;17.52;12.33;4935.21;4865.60;4834.67;4803.73;4772.80;4741.86
2026.01.30 23:30:00;XAUUSD;PERIOD_M5;LIVE;VALID;BUY;4876.43;2026.02.02 01:05:00;4816.55;-5988.0;7;LOSS;NEXT_SIGNAL;2026.02.02 01:10:00;4816.56;-5987.0;8;LOSS;REV;YES;;;;29.35;45;4867.28;4866.37;90.9;0.0;BEAR;SELL;OFF;0.87;28.64;19.76;10.27;4839.74;4905.78;4935.14;4964.49;4993.84;5023.19
2026.02.02 01:05:00;XAUUSD;PERIOD_M5;LIVE;VALID;SELL;4816.55;2026.02.02 02:05:00;4818.76;-221.0;12;LOSS;NEXT_SIGNAL;2026.02.02 02:10:00;4818.75;-220.0;13;LOSS;REV;YES;;;;27.16;45;4852.94;4858.45;-550.6;-14.0;BEAR;SELL;OFF;0.97;23.34;21.03;17.39;4850.49;4789.39;4762.24;4735.08;4707.93;4680.77
2026.02.02 02:05:00;XAUUSD;PERIOD_M5;LIVE;VALID;BUY;4818.76;2026.02.02 02:55:00;4766.50;-5226.0;10;LOSS;NEXT_SIGNAL;2026.02.02 03:00:00;4766.05;-5271.0;11;LOSS;REV;YES;;;;44.48;42;4776.06;4775.50;55.5;14.0;BEAR NOISE;SELL;OFF;0.78;19.45;29.59;12.66;4763.16;4863.24;4907.72;4952.20;4996.68;5041.16
2026.02.02 02:55:00;XAUUSD;PERIOD_M5;LIVE;VALID;SELL;4766.50;2026.02.02 04:00:00;4724.17;4233.0;13;WIN;NEXT_SIGNAL;2026.02.02 04:05:00;4725.03;4147.0;14;WIN;REV;YES;;;;32.94;42;4800.49;4804.79;-429.5;0.0;BEAR;SELL;OFF;0.83;24.33;14.97;27.80;4807.68;4733.56;4700.61;4667.66;4634.72;4601.78
2026.02.02 04:00:00;XAUUSD;PERIOD_M5;LIVE;VALID;BUY;4724.17;2026.02.02 04:55:00;4710.84;-1333.0;11;LOSS;NEXT_SIGNAL;2026.02.02 05:00:00;4710.93;-1324.0;12;LOSS;REV;YES;;;;48.69;42;4722.28;4720.19;209.4;-14.0;BEAR;SELL;OFF;0.84;19.74;19.83;17.41;4663.31;4772.86;4821.54;4870.23;4918.91;4967.60
2026.02.02 04:55:00;XAUUSD;PERIOD_M5;LIVE;VALID;SELL;4710.84;2026.02.02 06:30:00;4686.62;2422.0;19;WIN;NEXT_SIGNAL;2026.02.02 06:35:00;4687.11;2373.0;20;WIN;REV;YES;;;;28.75;42;4731.98;4732.37;-39.3;-14.0;BEAR;SELL;OFF;0.94;21.56;14.81;19.06;4746.78;4682.09;4653.34;4624.58;4595.83;4567.08
2026.02.02 06:30:00;XAUUSD;PERIOD_M5;LIVE;VALID;BUY;4686.62;2026.02.02 07:15:00;4661.52;-2510.0;9;LOSS;NEXT_SIGNAL;2026.02.02 07:20:00;4661.51;-2511.0;10;LOSS;REV;YES;;;;33.45;42;4674.24;4672.22;202.4;0.0;BEAR;SELL;OFF;0.80;28.52;20.73;21.74;4644.80;4720.07;4753.53;4786.98;4820.43;4853.89
2026.02.02 07:15:00;XAUUSD;PERIOD_M5;LIVE;VALID;SELL;4661.52;2026.02.02 09:05:00;4553.27;10825.0;22;WIN;NEXT_SIGNAL;2026.02.02 09:10:00;4553.71;10781.0;23;WIN;REV;YES;;;;26.67;42;4672.95;4674.24;-129.1;0.0;BEAR;SELL;OFF;0.90;19.42;11.99;20.56;4694.86;4634.85;4608.17;4581.50;4554.82;4528.15
2026.02.02 09:05:00;XAUUSD;PERIOD_M5;LIVE;VALID;BUY;4553.27;2026.02.02 12:30:00;4685.06;13179.0;41;WIN;NEXT_SIGNAL;2026.02.02 12:35:00;4685.07;13180.0;42;WIN;REV;YES;;;;44.63;39;4506.80;4502.25;455.4;14.0;BEAR NOISE;SELL;OFF;0.94;46.63;26.85;17.51;4497.48;4597.91;4642.54;4687.18;4731.81;4776.44
2026.02.02 12:30:00;XAUUSD;PERIOD_M5;LIVE;VALID;SELL;4685.06;2026.02.02 13:05:00;4723.57;-3851.0;7;LOSS;NEXT_SIGNAL;2026.02.02 13:10:00;4723.85;-3879.0;8;LOSS;REV;YES;;;;25.40;38;4697.37;4697.66;-28.3;0.0;BEAR;SELL;OFF;0.91;32.13;12.69;21.28;4716.81;4659.66;4634.26;4608.86;4583.47;4558.07
2026.02.02 13:05:00;XAUUSD;PERIOD_M5;LIVE;VALID;BUY;4723.57;2026.02.02 15:15:00;4750.81;2724.0;26;WIN;NEXT_SIGNAL;2026.02.02 15:20:00;4750.87;2730.0;27;WIN;REV;YES;;;;21.23;39;4702.85;4700.33;251.7;14.0;BEAR NOISE;SELL;OFF;0.92;27.66;32.55;16.43;4697.03;4744.80;4766.04;4787.27;4808.50;4829.74
2026.02.02 15:15:00;XAUUSD;PERIOD_M5;LIVE;VALID;SELL;4750.81;2026.02.02 16:30:00;4759.59;-878.0;15;LOSS;NEXT_SIGNAL;2026.02.02 16:35:00;4760.22;-941.0;16;LOSS;REV;YES;;;;27.58;39;4773.09;4776.00;-291.3;-14.0;BEAR;SELL;OFF;0.84;24.38;19.55;21.33;4785.28;4723.23;4695.66;4668.08;4640.50;4612.92
2026.02.02 16:30:00;XAUUSD;PERIOD_M5;LIVE;VALID;BUY;4759.59;2026.02.02 17:10:00;4710.82;-4877.0;8;LOSS;NEXT_SIGNAL;2026.02.02 17:15:00;4711.64;-4795.0;9;LOSS;REV;YES;;;;30.50;39;4722.79;4718.83;396.1;0.0;BEAR NOISE;SELL;OFF;0.87;17.25;27.72;18.66;4721.46;4790.09;4820.59;4851.10;4881.60;4912.10
2026.02.02 17:10:00;XAUUSD;PERIOD_M5;LIVE;VALID;SELL;4710.82;2026.02.02 18:35:00;4678.42;3240.0;17;WIN;NEXT_SIGNAL;2026.02.02 18:40:00;4678.76;3206.0;18;WIN;REV;YES;;;;35.26;38;4727.16;4727.39;-22.5;0.0;BEAR;SELL;OFF;0.81;18.89;15.70;25.74;4754.90;4675.55;4640.29;4605.02;4569.76;4534.49
2026.02.02 18:35:00;XAUUSD;PERIOD_M5;LIVE;VALID;BUY;4678.42;2026.02.02 18:45:00;4656.90;-2152.0;2;LOSS;NEXT_SIGNAL;2026.02.02 18:50:00;4656.96;-2146.0;3;LOSS;REV;YES;;;;33.29;38;4674.54;4674.33;20.9;0.0;BEAR;SELL;OFF;0.79;26.46;14.25;25.05;4636.80;4711.71;4745.01;4778.30;4811.59;4844.88
2026.02.02 18:45:00;XAUUSD;PERIOD_M5;LIVE;VALID;SELL;4656.90;2026.02.02 19:05:00;4712.60;-5570.0;4;LOSS;NEXT_SIGNAL;2026.02.02 19:10:00;4713.05;-5615.0;5;LOSS;REV;YES;;;;31.28;39;4669.74;4670.89;-115.6;-14.0;BEAR;SELL;OFF;0.79;24.54;16.88;31.55;4696.00;4625.62;4594.33;4563.05;4531.77;4500.48
2026.02.02 19:05:00;XAUUSD;PERIOD_M5;LIVE;VALID;BUY;4712.60;2026.02.02 19:35:00;4667.70;-4490.0;6;LOSS;NEXT_SIGNAL;2026.02.02 19:40:00;4667.51;-4509.0;7;LOSS;REV;YES;;;;29.79;39;4678.79;4673.32;546.8;14.0;BEAR;SELL;OFF;0.82;20.88;26.32;18.97;4675.36;4742.39;4772.19;4801.98;4831.77;4861.56
2026.02.02 19:35:00;XAUUSD;PERIOD_M5;LIVE;VALID;SELL;4667.70;2026.02.02 20:55:00;4657.70;1000.0;16;WIN;NEXT_SIGNAL;2026.02.02 21:00:00;4658.02;968.0;17;WIN;REV;YES;;;;24.40;39;4675.24;4676.67;-143.1;0.0;BEAR;SELL;OFF;0.90;17.72;15.29;19.70;4698.20;4643.30;4618.89;4594.49;4570.09;4545.68
2026.02.02 20:55:00;XAUUSD;PERIOD_M5;LIVE;VALID;BUY;4657.70;2026.02.02 21:00:00;4645.92;-1178.0;1;LOSS;NEXT_SIGNAL;2026.02.02 21:05:00;4645.93;-1177.0;2;LOSS;REV;YES;;;;21.02;39;4655.52;4655.04;47.6;0.0;BEAR;SELL;OFF;0.89;17.73;15.13;17.62;4631.42;4678.72;4699.74;4720.76;4741.79;4762.81
2026.02.02 21:00:00;XAUUSD;PERIOD_M5;LIVE;VALID;SELL;4645.92;2026.02.02 21:35:00;4660.66;-1474.0;7;LOSS;NEXT_SIGNAL;2026.02.02 21:40:00;4660.67;-1475.0;8;LOSS;REV;YES;;;;21.12;39;4653.39;4653.78;-39.7;0.0;BEAR;SELL;OFF;0.88;17.54;13.11;18.19;4672.32;4624.80;4603.68;4582.57;4561.45;4540.33
2026.02.02 21:35:00;XAUUSD;PERIOD_M5;LIVE;VALID;BUY;4660.66;2026.02.02 22:30:00;4666.39;573.0;11;WIN;NEXT_SIGNAL;2026.02.02 22:35:00;4665.94;528.0;12;WIN;REV;YES;;;;18.72;39;4650.49;4649.47;102.0;14.0;BEAR;SELL;OFF;0.81;17.26;17.36;12.88;4637.26;4679.38;4698.11;4716.83;4735.55;4754.27
2026.02.02 22:30:00;XAUUSD;PERIOD_M5;LIVE;VALID;SELL;4666.39;2026.02.02 23:25:00;4680.97;-1458.0;11;LOSS;NEXT_SIGNAL;2026.02.02 23:30:00;4681.45;-1506.0;12;LOSS;REV;YES;;;;20.97;39;4672.91;4673.42;-50.3;0.0;BEAR;SELL;OFF;0.90;24.00;10.72;22.72;4692.60;4645.42;4624.45;4603.49;4582.52;4561.55
2026.02.02 23:25:00;XAUUSD;PERIOD_M5;LIVE;VALID;BUY;4680.97;2026.02.03 01:00:00;4700.94;1997.0;7;WIN;NEXT_SIGNAL;2026.02.03 01:00:03;4671.91;-906.0;7;LOSS;REV;YES;;;;18.54;45;4671.26;4669.84;141.5;0.0;BEAR;SELL;OFF;0.86;18.69;27.99;16.39;4657.79;4699.51;4718.06;4736.60;4755.14;4773.68
2026.02.03 01:00:00;XAUUSD;PERIOD_M5;LIVE;VALID;BUY;4700.94;2026.02.03 04:05:00;4812.24;11130.0;37;WIN;NEXT_SIGNAL;2026.02.03 04:10:00;4812.21;11127.0;38;WIN;REV;NO;POSITION_ACTIVE;;;18.44;45;4674.42;4671.23;319.8;14.0;BEAR NOISE;SELL;OFF;0.84;18.15;22.16;20.45;4677.89;4719.38;4737.82;4756.26;4774.69;4793.13
2026.02.03 04:05:00;XAUUSD;PERIOD_M5;LIVE;VALID;SELL;4812.24;2026.02.03 05:35:00;4804.76;748.0;18;WIN;NEXT_SIGNAL;2026.02.03 05:40:00;4805.13;711.0;19;WIN;REV;YES;;;;23.26;39;4826.17;4828.37;-219.7;0.0;BULL;BUY;OFF;0.88;21.48;16.30;20.06;4841.32;4788.98;4765.71;4742.45;4719.19;4695.92
2026.02.03 05:35:00;XAUUSD;PERIOD_M5;LIVE;VALID;BUY;4804.76;2026.02.03 10:55:00;4912.38;10762.0;64;WIN;NEXT_SIGNAL;2026.02.03 11:00:00;4913.02;10826.0;65;WIN;REV;YES;;;;19.90;39;4781.82;4778.00;381.8;0.0;BULL;BUY;OFF;0.77;20.77;30.87;19.22;4779.89;4824.66;4844.56;4864.46;4884.36;4904.26
2026.02.03 10:55:00;XAUUSD;PERIOD_M5;LIVE;VALID;SELL;4912.38;2026.02.03 11:55:00;4915.97;-359.0;12;LOSS;NEXT_SIGNAL;2026.02.03 12:00:00;4916.40;-402.0;13;LOSS;REV;YES;;;;12.94;39;4927.55;4927.75;-20.1;0.0;BULL NOISE;BUY;OFF;0.89;35.47;15.75;19.79;4928.55;4899.44;4886.50;4873.56;4860.63;4847.69
2026.02.03 11:55:00;XAUUSD;PERIOD_M5;LIVE;VALID;BUY;4915.97;2026.02.03 12:55:00;4902.30;-1367.0;12;LOSS;NEXT_SIGNAL;2026.02.03 13:00:00;4902.71;-1326.0;13;LOSS;REV;YES;;;;12.34;39;4915.24;4915.12;11.7;0.0;BULL;BUY;OFF;0.97;25.94;19.26;23.94;4900.55;4928.31;4940.64;4952.98;4965.32;4977.66
2026.02.03 12:55:00;XAUUSD;PERIOD_M5;LIVE;VALID;SELL;4902.30;2026.02.03 13:55:00;4916.86;-1456.0;12;LOSS;NEXT_SIGNAL;2026.02.03 14:00:00;4917.58;-1528.0;13;LOSS;REV;YES;;;;7.73;36;4914.28;4916.09;-181.2;-14.0;BULL NOISE;BUY;OFF;0.84;16.01;13.31;19.17;4911.97;4894.57;4886.83;4879.10;4871.36;4863.63
2026.02.03 13:55:00;XAUUSD;PERIOD_M5;LIVE;VALID;BUY;4916.86;2026.02.03 14:25:00;4902.54;-1432.0;6;LOSS;NEXT_SIGNAL;2026.02.03 14:30:00;4902.56;-1430.0;7;LOSS;REV;YES;;;;12.12;36;4908.80;4907.74;106.4;0.0;BULL;BUY;OFF;0.85;18.00;20.08;25.99;4901.71;4928.98;4941.10;4953.22;4965.33;4977.45
2026.02.03 14:25:00;XAUUSD;PERIOD_M5;LIVE;VALID;SELL;4902.54;2026.02.03 14:30:00;4916.84;-1430.0;1;LOSS;NEXT_SIGNAL;2026.02.03 14:35:00;4917.15;-1461.0;2;LOSS;REV;YES;;;;13.61;36;4911.24;4911.36;-12.4;0.0;BULL;BUY;OFF;0.77;23.06;13.24;39.12;4919.56;4888.93;4875.31;4861.70;4848.09;4834.47
2026.02.03 14:30:00;XAUUSD;PERIOD_M5;LIVE;VALID;BUY;4916.84;2026.02.03 14:35:00;4911.48;-536.0;1;LOSS;NEXT_SIGNAL;2026.02.03 14:40:00;4911.38;-546.0;2;LOSS;REV;YES;;;;13.76;36;4912.48;4912.07;41.0;0.0;BULL;BUY;OFF;0.76;23.46;19.89;33.91;4899.64;4930.60;4944.35;4958.11;4971.87;4985.63
2026.02.03 14:35:00;XAUUSD;PERIOD_M5;LIVE;VALID;SELL;4911.48;2026.02.03 15:00:00;4921.04;-956.0;5;LOSS;NEXT_SIGNAL;2026.02.03 15:05:00;4921.42;-994.0;6;LOSS;REV;YES;;;;12.79;36;4912.26;4912.27;-0.9;0.0;BULL;BUY;OFF;0.68;23.75;17.38;29.39;4927.46;4898.69;4885.91;4873.12;4860.34;4847.55
2026.02.03 15:00:00;XAUUSD;PERIOD_M5;LIVE;VALID;BUY;4921.04;2026.02.03 16:10:00;4923.71;267.0;14;WIN;NEXT_SIGNAL;2026.02.03 16:15:00;4923.70;266.0;15;WIN;REV;YES;;;;12.63;36;4914.12;4913.81;31.3;14.0;BULL;BUY;OFF;0.70;27.44;9.55;23.43;4905.25;4933.67;4946.30;4958.93;4971.56;4984.19
2026.02.03 16:10:00;XAUUSD;PERIOD_M5;LIVE;VALID;SELL;4923.71;2026.02.03 17:05:00;4937.11;-1340.0;11;LOSS;NEXT_SIGNAL;2026.02.03 17:10:00;4937.49;-1378.0;12;LOSS;REV;YES;;;;12.75;37;4928.19;4928.28;-9.2;0.0;BULL;BUY;OFF;0.90;15.16;14.56;13.09;4939.65;4910.96;4898.21;4885.46;4872.70;4859.95
2026.02.03 17:05:00;XAUUSD;PERIOD_M5;LIVE;VALID;BUY;4937.11;2026.02.03 17:30:00;4914.21;-2290.0;5;LOSS;NEXT_SIGNAL;2026.02.03 17:35:00;4914.76;-2235.0;6;LOSS;REV;YES;;;;18.02;36;4923.99;4922.62;136.8;0.0;BULL;BUY;OFF;0.82;13.15;22.59;18.33;4914.59;4955.13;4973.14;4991.16;5009.18;5027.19
2026.02.03 17:30:00;XAUUSD;PERIOD_M5;LIVE;VALID;SELL;4914.21;2026.02.03 17:45:00;4925.85;-1164.0;3;LOSS;NEXT_SIGNAL;2026.02.03 17:50:00;4926.25;-1204.0;4;LOSS;REV;YES;;;;18.02;36;4922.05;4922.20;-15.4;-14.0;BULL;BUY;OFF;0.75;15.60;17.26;23.77;4936.74;4896.19;4878.17;4860.14;4842.12;4824.10
2026.02.03 17:45:00;XAUUSD;PERIOD_M5;LIVE;VALID;BUY;4925.85;2026.02.03 19:05:00;4941.83;1598.0;16;WIN;NEXT_SIGNAL;2026.02.03 19:10:00;4941.89;1604.0;17;WIN;REV;YES;;;;14.71;36;4922.50;4922.37;12.3;0.0;BULL;BUY;OFF;0.68;14.28;19.85;20.65;4907.46;4940.56;4955.27;4969.98;4984.69;4999.40
2026.02.03 19:05:00;XAUUSD;PERIOD_M5;LIVE;VALID;SELL;4941.83;2026.02.03 21:20:00;4922.44;1939.0;27;WIN;NEXT_SIGNAL;2026.02.03 21:25:00;4922.87;1896.0;28;WIN;REV;YES;;;;15.88;36;4957.62;4958.89;-126.4;-14.0;BULL NOISE;BUY;OFF;0.84;28.46;16.90;25.01;4961.68;4925.95;4910.07;4894.20;4878.32;4862.44
2026.02.03 21:20:00;XAUUSD;PERIOD_M5;LIVE;VALID;BUY;4922.44;2026.02.03 23:40:00;4940.24;1780.0;28;WIN;NEXT_SIGNAL;2026.02.03 23:45:00;4940.25;1781.0;29;WIN;REV;YES;;;;19.48;36;4911.94;4911.74;20.4;0.0;BULL;BUY;OFF;0.97;22.50;24.21;18.67;4898.09;4941.92;4961.40;4980.88;5000.36;5019.84
2026.02.03 23:40:00;XAUUSD;PERIOD_M5;LIVE;VALID;SELL;4940.24;2026.02.04 01:00:00;4957.34;-1710.0;4;LOSS;NEXT_SIGNAL;2026.02.04 01:05:00;4957.76;-1752.0;5;LOSS;REV;YES;;;;11.10;45;4946.54;4946.73;-19.2;0.0;BULL;BUY;OFF;0.98;25.65;18.87;27.20;4954.11;4929.14;4918.04;4906.94;4895.85;4884.75
2026.02.04 01:00:00;XAUUSD;PERIOD_M5;LIVE;VALID;BUY;4957.34;2026.02.04 01:05:00;4926.09;-3125.0;1;LOSS;NEXT_SIGNAL;2026.02.04 01:10:00;4926.06;-3128.0;2;LOSS;REV;YES;;;;11.48;45;4948.05;4947.56;48.9;0.0;BULL;BUY;OFF;0.97;22.30;31.41;16.24;4942.99;4968.82;4980.30;4991.78;5003.26;5014.74
2026.02.04 01:05:00;XAUUSD;PERIOD_M5;LIVE;VALID;SELL;4926.09;2026.02.04 01:50:00;4943.83;-1774.0;9;LOSS;NEXT_SIGNAL;2026.02.04 01:55:00;4944.22;-1813.0;10;LOSS;REV;YES;;;;14.10;45;4943.17;4945.53;-236.3;-14.0;BULL NOISE;BUY;OFF;0.94;20.12;27.22;24.15;4943.71;4911.99;4897.90;4883.81;4869.71;4855.61
2026.02.04 01:50:00;XAUUSD;PERIOD_M5;LIVE;VALID;BUY;4943.83;2026.02.04 04:55:00;5040.24;9641.0;37;WIN;NEXT_SIGNAL;2026.02.04 05:00:00;5040.28;9645.0;38;WIN;REV;YES;;;;16.61;37;4940.26;4939.54;72.1;0.0;BULL;BUY;OFF;0.76;21.02;23.00;11.45;4923.07;4960.44;4977.05;4993.66;5010.26;5026.87
2026.02.04 04:55:00;XAUUSD;PERIOD_M5;LIVE;VALID;SELL;5040.24;2026.02.04 05:30:00;5062.29;-2205.0;7;LOSS;NEXT_SIGNAL;2026.02.04 05:35:00;5062.70;-2246.0;8;LOSS;REV;YES;;;;13.26;36;5048.92;5050.14;-122.4;0.0;BULL;BUY;OFF;0.93;23.49;11.69;20.21;5056.81;5026.98;5013.73;5000.47;4987.21;4973.95
2026.02.04 05:30:00;XAUUSD;PERIOD_M5;LIVE;VALID;BUY;5062.29;2026.02.04 08:05:00;5064.34;205.0;31;WIN;NEXT_SIGNAL;2026.02.04 08:10:00;5064.46;217.0;32;WIN;REV;YES;;;;12.82;36;5051.49;5050.90;59.2;14.0;BULL;BUY;OFF;0.92;18.41;25.04;12.98;5046.26;5075.11;5087.93;5100.75;5113.57;5126.39
2026.02.04 08:05:00;XAUUSD;PERIOD_M5;LIVE;VALID;SELL;5064.34;2026.02.04 08:55:00;5076.53;-1219.0;10;LOSS;NEXT_SIGNAL;2026.02.04 09:00:00;5076.86;-1252.0;11;LOSS;REV;YES;;;;7.93;36;5077.49;5079.23;-173.8;-14.0;BULL NOISE;BUY;OFF;0.74;29.16;16.35;28.82;5074.25;5056.41;5048.48;5040.55;5032.62;5024.69
2026.02.04 08:55:00;XAUUSD;PERIOD_M5;LIVE;VALID;BUY;5076.53;2026.02.04 09:10:00;5063.19;-1334.0;3;LOSS;NEXT_SIGNAL;2026.02.04 09:15:00;5063.20;-1333.0;4;LOSS;REV;YES;;;;10.13;36;5070.94;5070.11;82.9;0.0;BULL;BUY;OFF;0.84;30.29;20.56;9.17;5063.86;5086.66;5096.80;5106.93;5117.07;5127.20
2026.02.04 09:10:00;XAUUSD;PERIOD_M5;LIVE;VALID;SELL;5063.19;2026.02.04 09:15:00;5068.72;-553.0;1;LOSS;NEXT_SIGNAL;2026.02.04 09:20:00;5069.07;-588.0;2;LOSS;REV;YES;;;;10.44;36;5068.03;5068.38;-34.9;-14.0;BULL;BUY;OFF;0.84;22.40;13.38;15.93;5076.25;5052.75;5042.30;5031.86;5021.41;5010.97
2026.02.04 09:15:00;XAUUSD;PERIOD_M5;LIVE;VALID;BUY;5068.72;2026.02.04 10:30:00;5072.79;407.0;15;WIN;NEXT_SIGNAL;2026.02.04 10:35:00;5072.77;405.0;16;WIN;REV;YES;;;;9.22;36;5068.18;5068.18;0.0;0.0;BULL;BUY;OFF;0.84;21.41;11.60;15.70;5057.19;5077.94;5087.17;5096.39;5105.61;5114.84
2026.02.04 10:30:00;XAUUSD;PERIOD_M5;LIVE;VALID;SELL;5072.79;2026.02.04 12:45:00;5053.60;1919.0;27;WIN;NEXT_SIGNAL;2026.02.04 12:50:00;5053.94;1885.0;28;WIN;REV;YES;;;;10.14;36;5080.52;5080.55;-2.7;0.0;BULL;BUY;OFF;0.70;19.89;12.50;19.09;5085.47;5062.65;5052.51;5042.37;5032.23;5022.09
2026.02.04 12:45:00;XAUUSD;PERIOD_M5;LIVE;VALID;BUY;5053.60;2026.02.04 12:55:00;5048.57;-503.0;2;LOSS;NEXT_SIGNAL;2026.02.04 13:00:00;5048.58;-502.0;3;LOSS;REV;YES;;;;9.39;36;5053.88;5053.76;11.6;0.0;BULL;BUY;OFF;0.83;21.03;18.39;16.61;5041.86;5062.99;5072.38;5081.77;5091.15;5100.54
2026.02.04 12:55:00;XAUUSD;PERIOD_M5;LIVE;VALID;SELL;5048.57;2026.02.04 14:00:00;5048.02;55.0;13;WIN;NEXT_SIGNAL;2026.02.04 14:05:00;5048.36;21.0;14;WIN;REV;YES;;;;8.94;36;5052.52;5052.89;-37.3;0.0;BULL;BUY;OFF;0.86;21.97;13.82;25.28;5059.74;5039.63;5030.69;5021.75;5012.81;5003.87
2026.02.04 14:00:00;XAUUSD;PERIOD_M5;LIVE;VALID;BUY;5048.02;2026.02.04 15:00:00;5039.91;-811.0;12;LOSS;NEXT_SIGNAL;2026.02.04 15:05:00;5039.68;-834.0;13;LOSS;REV;YES;;;;9.87;37;5042.19;5041.13;106.3;0.0;BULL;BUY;OFF;0.84;34.79;32.69;14.17;5035.69;5057.89;5067.75;5077.62;5087.48;5097.35
2026.02.04 15:00:00;XAUUSD;PERIOD_M5;LIVE;VALID;SELL;5039.91;2026.02.04 15:30:00;5057.15;-1724.0;6;LOSS;NEXT_SIGNAL;2026.02.04 15:35:00;5057.46;-1755.0;7;LOSS;REV;YES;;;;9.65;36;5046.25;5046.84;-59.0;0.0;BULL;BUY;OFF;0.86;26.02;16.07;23.82;5051.97;5030.26;5020.61;5010.96;5001.32;4991.67
2026.02.04 15:30:00;XAUUSD;PERIOD_M5;LIVE;VALID;BUY;5057.15;2026.02.04 15:40:00;5036.77;-2038.0;2;LOSS;NEXT_SIGNAL;2026.02.04 15:45:00;5036.79;-2036.0;3;LOSS;REV;YES;;;;11.28;36;5045.56;5045.00;56.3;14.0;BULL;BUY;OFF;0.89;22.74;27.35;15.43;5043.05;5068.43;5079.70;5090.98;5102.26;5113.53
2026.02.04 15:40:00;XAUUSD;PERIOD_M5;LIVE;VALID;SELL;5036.77;2026.02.04 15:45:00;5050.48;-1371.0;1;LOSS;NEXT_SIGNAL;2026.02.04 15:50:00;5050.82;-1405.0;2;LOSS;REV;YES;;;;11.96;36;5043.89;5044.28;-38.7;-14.0;BULL;BUY;OFF;0.88;20.55;20.54;22.98;5051.72;5024.81;5012.85;5000.90;4988.94;4976.98
2026.02.04 15:45:00;XAUUSD;PERIOD_M5;LIVE;VALID;BUY;5050.48;2026.02.04 16:20:00;5036.31;-1417.0;7;LOSS;NEXT_SIGNAL;2026.02.04 16:25:00;5036.21;-1427.0;8;LOSS;REV;YES;;;;12.11;36;5045.35;5044.78;57.5;14.0;BULL;BUY;OFF;0.85;18.56;17.80;19.92;5035.35;5062.59;5074.69;5086.80;5098.91;5111.02
2026.02.04 16:20:00;XAUUSD;PERIOD_M5;LIVE;VALID;SELL;5036.31;2026.02.04 19:25:00;4917.31;11900.0;37;WIN;NEXT_SIGNAL;2026.02.04 19:30:00;4917.74;11857.0;38;WIN;REV;YES;;;;13.60;36;5043.85;5045.02;-117.1;0.0;BULL;BUY;OFF;0.78;14.89;13.97;16.33;5053.31;5022.71;5009.11;4995.51;4981.91;4968.31
2026.02.04 19:25:00;XAUUSD;PERIOD_M5;LIVE;VALID;BUY;4917.31;2026.02.04 19:50:00;4898.32;-1899.0;5;LOSS;NEXT_SIGNAL;2026.02.04 19:55:00;4898.08;-1923.0;6;LOSS;REV;YES;;;;24.94;36;4910.36;4909.10;126.2;0.0;BEAR;SELL;OFF;0.94;28.69;11.59;22.57;4886.13;4942.25;4967.19;4992.13;5017.07;5042.01
2026.02.04 19:50:00;XAUUSD;PERIOD_M5;LIVE;VALID;SELL;4898.32;2026.02.04 20:25:00;4926.58;-2826.0;7;LOSS;NEXT_SIGNAL;2026.02.04 20:30:00;4927.01;-2869.0;8;LOSS;REV;YES;;;;22.54;36;4906.40;4907.51;-111.1;0.0;BEAR;SELL;OFF;0.94;28.73;9.97;22.37;4926.49;4875.78;4853.24;4830.70;4808.16;4785.62
2026.02.04 20:25:00;XAUUSD;PERIOD_M5;LIVE;VALID;BUY;4926.58;2026.02.04 22:15:00;4926.31;-27.0;22;LOSS;NEXT_SIGNAL;2026.02.04 22:20:00;4926.33;-25.0;23;LOSS;REV;YES;;;;19.23;36;4909.88;4908.10;178.2;14.0;BEAR NOISE;SELL;OFF;0.86;21.24;24.52;17.80;4902.55;4945.81;4965.04;4984.26;5003.49;5022.72
2026.02.04 22:15:00;XAUUSD;PERIOD_M5;LIVE;VALID;SELL;4926.31;2026.02.04 22:40:00;4942.50;-1619.0;5;LOSS;NEXT_SIGNAL;2026.02.04 22:45:00;4942.89;-1658.0;6;LOSS;REV;YES;;;;13.19;36;4934.96;4935.58;-62.0;0.0;BEAR;SELL;OFF;0.85;18.18;13.70;17.91;4942.79;4913.12;4899.93;4886.75;4873.56;4860.37
2026.02.04 22:40:00;XAUUSD;PERIOD_M5;LIVE;VALID;BUY;4942.50;2026.02.05 02:20:00;5011.39;6889.0;32;WIN;NEXT_SIGNAL;2026.02.05 02:25:00;5011.84;6934.0;33;WIN;REV;YES;;;;13.71;36;4936.05;4935.58;47.2;0.0;BEAR;SELL;OFF;0.91;19.32;20.82;16.09;4925.37;4956.21;4969.92;4983.62;4997.33;5011.04
2026.02.05 02:20:00;XAUUSD;PERIOD_M5;LIVE;VALID;SELL;5011.39;2026.02.05 02:40:00;5018.41;-702.0;4;LOSS;NEXT_SIGNAL;2026.02.05 02:45:00;5018.79;-740.0;5;LOSS;REV;YES;;;;12.63;36;5010.97;5011.32;-34.2;0.0;BULL;BUY;OFF;0.93;29.41;10.51;12.55;5027.18;4998.76;4986.13;4973.50;4960.87;4948.24
2026.02.05 02:40:00;XAUUSD;PERIOD_M5;LIVE;VALID;BUY;5018.41;2026.02.05 02:55:00;5006.62;-1179.0;3;LOSS;NEXT_SIGNAL;2026.02.05 03:00:00;5006.72;-1169.0;4;LOSS;REV;YES;;;;11.00;36;5013.90;5013.89;0.7;0.0;BULL;BUY;OFF;0.87;20.94;9.50;10.27;5004.66;5029.41;5040.40;5051.40;5062.40;5073.39
2026.02.05 02:55:00;XAUUSD;PERIOD_M5;LIVE;VALID;SELL;5006.62;2026.02.05 05:50:00;4873.78;13284.0;35;WIN;NEXT_SIGNAL;2026.02.05 05:55:00;4874.06;13256.0;36;WIN;REV;YES;;;;10.84;36;5012.82;5013.50;-68.8;0.0;BULL;BUY;OFF;0.85;23.08;11.16;24.21;5020.18;4995.78;4984.93;4974.09;4963.24;4952.40
2026.02.05 05:50:00;XAUUSD;PERIOD_M5;LIVE;VALID;BUY;4873.78;2026.02.05 06:55:00;4863.79;-999.0;13;LOSS;NEXT_SIGNAL;2026.02.05 07:00:00;4863.87;-991.0;14;LOSS;REV;YES;;;;32.98;36;4865.52;4863.35;217.3;0.0;BEAR;SELL;OFF;0.83;21.94;18.24;17.23;4832.55;4906.76;4939.74;4972.72;5005.70;5038.68
2026.02.05 06:55:00;XAUUSD;PERIOD_M5;LIVE;VALID;SELL;4863.79;2026.02.05 07:45:00;4895.22;-3143.0;10;LOSS;NEXT_SIGNAL;2026.02.05 07:50:00;4895.52;-3173.0;11;LOSS;REV;YES;;;;14.86;36;4876.21;4876.26;-5.0;-14.0;BEAR;SELL;OFF;0.84;15.13;11.10;20.65;4882.37;4848.93;4834.07;4819.20;4804.34;4789.48
2026.02.05 07:45:00;XAUUSD;PERIOD_M5;LIVE;VALID;BUY;4895.22;2026.02.05 09:35:00;4907.80;1258.0;22;WIN;NEXT_SIGNAL;2026.02.05 09:40:00;4907.81;1259.0;23;WIN;REV;YES;;;;19.89;36;4870.53;4868.11;242.2;26.6;BEAR NOISE;SELL;OFF;0.84;28.86;28.49;17.04;4870.35;4915.11;4935.01;4954.90;4974.80;4994.69
2026.02.05 09:35:00;XAUUSD;PERIOD_M5;LIVE;VALID;SELL;4907.80;2026.02.05 10:10:00;4940.69;-3289.0;7;LOSS;NEXT_SIGNAL;2026.02.05 10:15:00;4940.95;-3315.0;8;LOSS;REV;YES;;;;14.48;36;4919.78;4921.34;-156.5;-14.0;BEAR;SELL;OFF;0.92;13.73;18.37;28.72;4925.90;4893.32;4878.84;4864.36;4849.88;4835.40
2026.02.05 10:10:00;XAUUSD;PERIOD_M5;LIVE;VALID;BUY;4940.69;2026.02.05 10:45:00;4909.02;-3167.0;7;LOSS;NEXT_SIGNAL;2026.02.05 10:50:00;4909.01;-3168.0;8;LOSS;REV;YES;;;;12.72;36;4922.91;4920.59;232.4;14.0;BEAR NOISE;SELL;OFF;0.88;15.98;32.60;16.16;4924.79;4953.41;4966.12;4978.84;4991.56;5004.27
2026.02.05 10:45:00;XAUUSD;PERIOD_M5;LIVE;VALID;SELL;4909.02;2026.02.05 12:45:00;4882.66;2636.0;24;WIN;NEXT_SIGNAL;2026.02.05 12:50:00;4883.03;2599.0;25;WIN;REV;YES;;;;11.95;36;4921.15;4922.09;-94.5;-14.0;BEAR;SELL;OFF;0.86;15.25;12.36;22.44;4923.95;4897.07;4885.13;4873.18;4861.23;4849.29
2026.02.05 12:45:00;XAUUSD;PERIOD_M5;LIVE;VALID;BUY;4882.66;2026.02.05 13:45:00;4871.57;-1109.0;12;LOSS;NEXT_SIGNAL;2026.02.05 13:50:00;4871.61;-1105.0;13;LOSS;REV;YES;;;;14.05;36;4871.38;4869.92;146.2;14.0;BEAR;SELL;OFF;0.77;27.55;29.02;16.04;4865.10;4896.71;4910.76;4924.81;4938.86;4952.91
2026.02.05 13:45:00;XAUUSD;PERIOD_M5;LIVE;VALID;SELL;4871.57;2026.02.05 14:55:00;4854.12;1745.0;14;WIN;NEXT_SIGNAL;2026.02.05 15:00:00;4854.36;1721.0;15;WIN;REV;YES;;;;10.79;36;4878.38;4879.01;-63.1;0.0;BEAR;SELL;OFF;0.85;22.19;18.62;19.59;4885.06;4860.78;4849.99;4839.20;4828.40;4817.61
2026.02.05 14:55:00;XAUUSD;PERIOD_M5;LIVE;VALID;BUY;4854.12;2026.02.05 15:00:00;4823.23;-3089.0;1;LOSS;NEXT_SIGNAL;2026.02.05 15:05:00;4822.72;-3140.0;2;LOSS;REV;YES;;;;18.66;36;4854.92;4854.53;39.7;-14.0;BEAR;SELL;OFF;0.82;22.64;14.51;23.28;4830.80;4872.78;4891.44;4910.10;4928.76;4947.42
2026.02.05 15:00:00;XAUUSD;PERIOD_M5;LIVE;VALID;SELL;4823.23;2026.02.05 15:30:00;4863.04;-3981.0;6;LOSS;NEXT_SIGNAL;2026.02.05 15:35:00;4863.41;-4018.0;7;LOSS;REV;YES;;;;20.96;36;4847.88;4850.94;-305.8;-26.6;BEAR;SELL;OFF;0.79;24.75;12.57;28.28;4849.43;4802.27;4781.30;4760.34;4739.38;4718.41
2026.02.05 15:30:00;XAUUSD;PERIOD_M5;LIVE;VALID;BUY;4863.04;2026.02.05 15:40:00;4824.85;-3819.0;2;LOSS;NEXT_SIGNAL;2026.02.05 15:45:00;4824.82;-3822.0;3;LOSS;REV;YES;;;;23.65;36;4848.76;4846.37;239.1;14.0;BEAR NOISE;SELL;OFF;0.84;19.40;22.03;20.00;4833.47;4886.69;4910.35;4934.00;4957.66;4981.31
2026.02.05 15:40:00;XAUUSD;PERIOD_M5;LIVE;BLOCKED;SELL;4824.85;2026.02.05 16:35:00;4852.73;-2788.0;11;LOSS;NEXT_SIGNAL;;;;;;;NO;MARKET;SPREAD;;23.29;46;4841.79;4843.60;-182.0;-14.0;BEAR;SELL;OFF;0.84;17.47;16.55;25.52;4853.96;4801.56;4778.28;4754.99;4731.70;4708.42
2026.02.05 16:35:00;XAUUSD;PERIOD_M5;LIVE;VALID;BUY;4852.73;2026.02.05 17:20:00;4830.97;-2176.0;9;LOSS;NEXT_SIGNAL;2026.02.05 17:25:00;4831.03;-2170.0;10;LOSS;REV;YES;;;;23.48;36;4833.67;4833.14;53.2;14.0;BEAR;SELL;OFF;0.82;12.84;25.21;20.51;4823.38;4876.21;4899.69;4923.17;4946.65;4970.13
2026.02.05 17:20:00;XAUUSD;PERIOD_M5;LIVE;VALID;SELL;4830.97;2026.02.05 18:20:00;4849.56;-1859.0;12;LOSS;NEXT_SIGNAL;2026.02.05 18:25:01;4849.90;-1893.0;13;LOSS;REV;YES;;;;24.87;36;4838.97;4839.10;-13.6;0.0;BEAR;SELL;OFF;0.87;15.05;10.59;15.92;4862.06;4806.10;4781.22;4756.35;4731.47;4706.60
2026.02.05 18:20:00;XAUUSD;PERIOD_M5;LIVE;VALID;BUY;4849.56;2026.02.05 19:35:00;4863.86;1430.0;15;WIN;NEXT_SIGNAL;2026.02.05 19:40:00;4863.90;1434.0;16;WIN;REV;YES;;;;19.61;37;4830.45;4827.07;338.6;14.0;BEAR;SELL;OFF;0.84;23.39;28.52;10.07;4825.05;4869.17;4888.77;4908.38;4927.99;4947.60
2026.02.05 19:35:00;XAUUSD;PERIOD_M5;LIVE;VALID;SELL;4863.86;2026.02.06 02:35:00;4740.06;12380.0;72;WIN;NEXT_SIGNAL;2026.02.06 02:40:00;4740.40;12346.0;73;WIN;REV;YES;;;;16.60;37;4869.43;4870.32;-89.0;0.0;BEAR;SELL;OFF;0.87;28.89;13.63;16.41;4884.61;4847.26;4830.67;4814.07;4797.47;4780.88
2026.02.06 02:35:00;XAUUSD;PERIOD_M5;LIVE;VALID;BUY;4740.06;2026.02.06 03:25:00;4711.81;-2825.0;10;LOSS;NEXT_SIGNAL;2026.02.06 03:30:00;4711.84;-2822.0;11;LOSS;REV;YES;;;;23.20;37;4717.98;4716.96;102.5;14.0;BEAR NOISE;SELL;OFF;0.79;49.19;28.18;21.31;4711.07;4763.26;4786.45;4809.65;4832.84;4856.04
2026.02.06 03:25:00;XAUUSD;PERIOD_M5;LIVE;VALID;SELL;4711.81;2026.02.06 03:45:00;4751.91;-4010.0;4;LOSS;NEXT_SIGNAL;2026.02.06 03:50:00;4752.16;-4035.0;5;LOSS;REV;YES;;;;29.84;37;4728.05;4730.09;-204.0;-14.0;BEAR;SELL;OFF;0.90;24.72;10.59;16.35;4749.11;4681.97;4652.13;4622.29;4592.45;4562.61
2026.02.06 03:45:00;XAUUSD;PERIOD_M5;LIVE;VALID;BUY;4751.91;2026.02.06 05:25:00;4811.57;5966.0;20;WIN;NEXT_SIGNAL;2026.02.06 05:30:00;4811.56;5965.0;21;WIN;REV;YES;;;;28.09;37;4737.64;4736.58;106.0;14.0;BEAR;SELL;OFF;0.93;17.96;17.50;11.55;4716.80;4780.00;4808.09;4836.17;4864.26;4892.35
2026.02.06 05:25:00;XAUUSD;PERIOD_M5;LIVE;VALID;SELL;4811.57;2026.02.06 06:00:00;4822.87;-1130.0;7;LOSS;NEXT_SIGNAL;2026.02.06 06:05:00;4823.28;-1171.0;8;LOSS;REV;YES;;;;18.47;37;4815.60;4816.56;-96.0;0.0;BEAR;SELL;OFF;0.80;32.25;13.64;20.74;4834.65;4793.10;4774.63;4756.17;4737.70;4719.23
2026.02.06 06:00:00;XAUUSD;PERIOD_M5;LIVE;VALID;BUY;4822.87;2026.02.06 06:50:00;4812.22;-1065.0;10;LOSS;NEXT_SIGNAL;2026.02.06 06:55:00;4812.24;-1063.0;11;LOSS;REV;YES;;;;14.16;36;4819.49;4819.05;44.4;0.0;BEAR;SELL;OFF;0.94;19.45;18.92;17.54;4805.18;4837.03;4851.18;4865.34;4879.49;4893.65
2026.02.06 06:50:00;XAUUSD;PERIOD_M5;LIVE;VALID;SELL;4812.22;2026.02.06 07:10:00;4824.14;-1192.0;4;LOSS;NEXT_SIGNAL;2026.02.06 07:15:00;4824.52;-1230.0;5;LOSS;REV;YES;;;;9.68;38;4819.93;4820.15;-22.9;-14.0;BEAR;SELL;OFF;0.79;15.29;11.76;23.38;4824.33;4802.54;4792.85;4783.17;4773.48;4763.80
2026.02.06 07:10:00;XAUUSD;PERIOD_M5;LIVE;VALID;BUY;4824.14;2026.02.06 08:30:00;4847.51;2337.0;16;WIN;NEXT_SIGNAL;2026.02.06 08:35:00;4847.61;2347.0;17;WIN;REV;YES;;;;9.19;37;4820.87;4820.68;18.4;14.0;BEAR;SELL;OFF;0.78;15.28;13.68;14.14;4812.65;4833.33;4842.53;4851.72;4860.91;4870.11
2026.02.06 08:30:00;XAUUSD;PERIOD_M5;LIVE;VALID;SELL;4847.51;2026.02.06 09:30:00;4852.03;-452.0;12;LOSS;NEXT_SIGNAL;2026.02.06 09:35:00;4852.34;-483.0;13;LOSS;REV;YES;;;;15.86;37;4859.60;4862.12;-252.2;0.0;BULL NOISE;BUY;OFF;0.79;35.27;21.63;20.13;4867.34;4831.65;4815.78;4799.92;4784.05;4768.19
2026.02.06 09:30:00;XAUUSD;PERIOD_M5;LIVE;VALID;BUY;4852.03;2026.02.06 09:55:00;4841.18;-1085.0;5;LOSS;NEXT_SIGNAL;2026.02.06 10:00:00;4841.07;-1096.0;6;LOSS;REV;YES;;;;12.96;37;4851.05;4850.65;40.3;0.0;BULL;BUY;OFF;0.80;20.62;25.29;15.58;4835.83;4864.99;4877.95;4890.91;4903.87;4916.83
2026.02.06 09:55:00;XAUUSD;PERIOD_M5;LIVE;VALID;SELL;4841.18;2026.02.06 10:20:00;4866.62;-2544.0;5;LOSS;NEXT_SIGNAL;2026.02.06 10:25:00;4866.97;-2579.0;6;LOSS;REV;YES;;;;10.86;37;4849.58;4849.73;-14.7;0.0;BULL;BUY;OFF;0.91;19.80;15.06;18.13;4854.76;4830.32;4819.46;4808.59;4797.73;4786.87
2026.02.06 10:20:00;XAUUSD;PERIOD_M5;LIVE;VALID;BUY;4866.62;2026.02.06 11:05:00;4846.99;-1963.0;9;LOSS;NEXT_SIGNAL;2026.02.06 11:10:00;4846.96;-1966.0;10;LOSS;REV;YES;;;;10.47;37;4852.64;4850.55;209.4;14.0;BULL;BUY;OFF;0.87;22.53;29.63;13.87;4853.53;4877.09;4887.56;4898.03;4908.51;4918.98
2026.02.06 11:05:00;XAUUSD;PERIOD_M5;LIVE;VALID;SELL;4846.99;2026.02.06 11:30:00;4865.93;-1894.0;5;LOSS;NEXT_SIGNAL;2026.02.06 11:35:00;4865.97;-1898.0;6;LOSS;REV;YES;;;;12.89;38;4856.33;4857.27;-93.8;0.0;BULL;BUY;OFF;0.87;20.17;19.30;23.14;4863.10;4834.10;4821.22;4808.33;4795.44;4782.55
2026.02.06 11:30:00;XAUUSD;PERIOD_M5;LIVE;VALID;BUY;4865.93;2026.02.06 14:25:00;4877.53;1160.0;35;WIN;NEXT_SIGNAL;2026.02.06 14:30:00;4877.47;1154.0;36;WIN;REV;YES;;;;12.73;38;4857.85;4857.43;41.3;0.0;BULL;BUY;OFF;0.86;18.52;21.25;12.33;4850.02;4878.66;4891.39;4904.12;4916.85;4929.58
2026.02.06 14:25:00;XAUUSD;PERIOD_M5;LIVE;VALID;SELL;4877.53;2026.02.06 14:40:00;4894.17;-1664.0;3;LOSS;NEXT_SIGNAL;2026.02.06 14:45:00;4894.58;-1705.0;4;LOSS;REV;YES;;;;10.26;37;4885.06;4886.28;-121.5;0.0;BULL;BUY;OFF;0.90;28.41;15.37;28.92;4890.35;4867.27;4857.02;4846.76;4836.50;4826.25
2026.02.06 14:40:00;XAUUSD;PERIOD_M5;LIVE;VALID;BUY;4894.17;2026.02.06 16:20:00;4904.28;1011.0;20;WIN;NEXT_SIGNAL;2026.02.06 16:25:00;4903.83;966.0;21;WIN;REV;YES;;;;9.84;37;4887.38;4887.31;7.0;0.0;BULL;BUY;OFF;0.91;23.12;27.86;18.82;4881.86;4904.01;4913.86;4923.70;4933.55;4943.39
2026.02.06 16:20:00;XAUUSD;PERIOD_M5;LIVE;VALID;SELL;4904.28;2026.02.06 16:35:00;4936.19;-3191.0;3;LOSS;NEXT_SIGNAL;2026.02.06 16:40:00;4936.79;-3251.0;4;LOSS;REV;YES;;;;13.50;38;4918.90;4921.03;-213.7;-14.0;BULL;BUY;OFF;0.88;23.69;12.30;25.14;4921.16;4890.78;4877.28;4863.77;4850.27;4836.77
2026.02.06 16:35:00;XAUUSD;PERIOD_M5;LIVE;VALID;BUY;4936.19;2026.02.06 17:50:00;4938.69;250.0;15;WIN;NEXT_SIGNAL;2026.02.06 17:55:00;4938.67;248.0;16;WIN;REV;YES;;;;14.97;39;4922.65;4922.36;29.4;14.0;BULL;BUY;OFF;0.87;23.06;25.67;22.25;4917.48;4951.16;4966.13;4981.09;4996.06;5011.03
2026.02.06 17:50:00;XAUUSD;PERIOD_M5;LIVE;VALID;SELL;4938.69;2026.02.06 18:50:00;4943.74;-505.0;12;LOSS;NEXT_SIGNAL;2026.02.06 18:55:00;4944.04;-535.0;13;LOSS;REV;YES;;;;14.95;38;4943.95;4943.95;-0.5;0.0;BULL;BUY;OFF;0.75;20.52;13.86;19.11;4957.38;4923.74;4908.79;4893.84;4878.89;4863.94
2026.02.06 18:50:00;XAUUSD;PERIOD_M5;LIVE;VALID;BUY;4943.74;2026.02.06 20:25:00;4955.95;1221.0;19;WIN;NEXT_SIGNAL;2026.02.06 20:30:00;4956.14;1240.0;20;WIN;REV;YES;;;;12.34;34;4941.92;4941.88;4.0;0.0;BULL;BUY;OFF;0.84;26.75;9.42;13.39;4928.31;4956.08;4968.43;4980.77;4993.11;5005.46
2026.02.06 20:25:00;XAUUSD;PERIOD_M5;LIVE;VALID;SELL;4955.95;2026.02.06 20:35:00;4965.01;-906.0;2;LOSS;NEXT_SIGNAL;2026.02.06 20:40:00;4965.34;-939.0;3;LOSS;REV;YES;;;;8.28;35;4958.08;4958.49;-41.0;0.0;BULL;BUY;OFF;0.87;28.15;20.07;18.45;4966.30;4947.67;4939.39;4931.12;4922.84;4914.56
2026.02.06 20:35:00;XAUUSD;PERIOD_M5;LIVE;VALID;BUY;4965.01;2026.02.06 21:05:00;4957.39;-762.0;6;LOSS;NEXT_SIGNAL;2026.02.06 21:10:02;4957.38;-763.0;7;LOSS;REV;YES;;;;8.71;34;4960.02;4959.44;58.3;0.0;BULL;BUY;OFF;0.87;27.58;28.95;13.86;4954.12;4973.72;4982.43;4991.15;4999.86;5008.57
2026.02.06 21:05:00;XAUUSD;PERIOD_M5;LIVE;VALID;SELL;4957.39;2026.02.06 23:15:00;4950.23;716.0;26;WIN;NEXT_SIGNAL;2026.02.06 23:20:00;4950.69;670.0;27;WIN;REV;YES;;;;6.89;34;4961.26;4961.30;-3.5;0.0;BULL;BUY;OFF;0.89;26.99;17.49;22.89;4966.00;4950.50;4943.61;4936.72;4929.83;4922.94
2026.02.06 23:15:00;XAUUSD;PERIOD_M5;LIVE;VALID;BUY;4950.23;2026.02.09 02:40:00;5028.18;7795.0;29;WIN;NEXT_SIGNAL;2026.02.09 02:45:00;5028.14;7791.0;30;WIN;REV;YES;;;;7.10;45;4950.42;4950.42;0.6;0.0;BULL;BUY;OFF;0.72;17.06;19.91;20.83;4941.35;4957.33;4964.43;4971.53;4978.64;4985.74
2026.02.09 02:40:00;XAUUSD;PERIOD_M5;LIVE;VALID;SELL;5028.18;2026.02.09 04:35:00;4999.55;2863.0;23;WIN;NEXT_SIGNAL;2026.02.09 04:40:00;4999.93;2825.0;24;WIN;REV;YES;;;;12.37;34;5030.94;5031.49;-55.5;0.0;BULL;BUY;OFF;0.80;39.05;10.70;22.09;5043.64;5015.81;5003.44;4991.07;4978.70;4966.33
2026.02.09 04:35:00;XAUUSD;PERIOD_M5;LIVE;VALID;BUY;4999.55;2026.02.09 06:10:00;5012.75;1320.0;19;WIN;NEXT_SIGNAL;2026.02.09 06:15:00;5012.73;1318.0;20;WIN;REV;YES;;;;15.12;34;4998.45;4997.92;53.5;-14.0;BULL;BUY;OFF;0.78;24.23;21.42;13.12;4980.65;5014.67;5029.80;5044.92;5060.04;5075.17
2026.02.09 06:10:00;XAUUSD;PERIOD_M5;LIVE;VALID;SELL;5012.75;2026.02.09 07:20:00;5024.17;-1142.0;14;LOSS;NEXT_SIGNAL;2026.02.09 07:25:00;5024.49;-1174.0;15;LOSS;REV;YES;;;;7.18;35;5018.93;5019.16;-23.5;0.0;BULL;BUY;OFF;0.85;17.39;21.69;23.10;5021.73;5005.57;4998.38;4991.20;4984.02;4976.83
2026.02.09 07:20:00;XAUUSD;PERIOD_M5;LIVE;VALID;BUY;5024.17;2026.02.09 08:25:00;5025.07;90.0;13;WIN;NEXT_SIGNAL;2026.02.09 08:30:00;5025.08;91.0;14;WIN;REV;YES;;;;7.10;34;5019.16;5018.31;85.0;0.0;BULL;BUY;OFF;0.75;21.16;25.13;12.47;5015.29;5031.27;5038.38;5045.48;5052.58;5059.69
2026.02.09 08:25:00;XAUUSD;PERIOD_M5;LIVE;VALID;SELL;5025.07;2026.02.09 08:50:00;5036.84;-1177.0;5;LOSS;NEXT_SIGNAL;2026.02.09 08:55:00;5037.20;-1213.0;6;LOSS;REV;YES;;;;8.32;34;5029.61;5030.50;-88.4;0.0;BULL;BUY;OFF;0.83;31.65;19.21;25.50;5035.47;5016.75;5008.44;5000.12;4991.80;4983.48
2026.02.09 08:50:00;XAUUSD;PERIOD_M5;LIVE;VALID;BUY;5036.84;2026.02.09 08:55:00;5031.23;-561.0;1;LOSS;NEXT_SIGNAL;2026.02.09 09:00:00;5031.22;-562.0;2;LOSS;REV;YES;;;;9.26;35;5032.08;5032.02;6.4;14.0;BULL;BUY;OFF;0.87;18.59;16.08;16.29;5025.27;5046.10;5055.36;5064.62;5073.87;5083.13
2026.02.09 08:55:00;XAUUSD;PERIOD_M5;LIVE;VALID;SELL;5031.23;2026.02.09 10:10:00;5020.04;1119.0;15;WIN;NEXT_SIGNAL;2026.02.09 10:15:00;5020.41;1082.0;16;WIN;REV;YES;;;;9.19;35;5031.89;5031.99;-9.3;0.0;BULL;BUY;OFF;0.90;17.28;16.82;14.12;5042.71;5022.04;5012.86;5003.67;4994.49;4985.30
2026.02.09 10:10:00;XAUUSD;PERIOD_M5;LIVE;VALID;BUY;5020.04;2026.02.09 11:25:00;5024.47;443.0;15;WIN;NEXT_SIGNAL;2026.02.09 11:30:00;5024.47;443.0;16;WIN;REV;YES;;;;9.03;35;5014.05;5013.73;31.3;0.0;BULL;BUY;OFF;0.91;21.87;18.89;13.32;5008.76;5029.07;5038.09;5047.12;5056.14;5065.17
2026.02.09 11:25:00;XAUUSD;PERIOD_M5;LIVE;VALID;SELL;5024.47;2026.02.09 13:20:00;5002.84;2163.0;23;WIN;NEXT_SIGNAL;2026.02.09 13:25:00;5003.16;2131.0;24;WIN;REV;YES;;;;7.52;34;5026.01;5026.13;-12.1;0.0;BULL;BUY;OFF;0.85;25.67;15.51;20.36;5033.87;5016.95;5009.42;5001.90;4994.38;4986.86
2026.02.09 13:20:00;XAUUSD;PERIOD_M5;LIVE;VALID;BUY;5002.84;2026.02.09 15:25:00;5004.25;141.0;25;WIN;NEXT_SIGNAL;2026.02.09 15:30:00;5004.24;140.0;26;WIN;REV;YES;;;;10.08;35;4997.19;4996.93;25.9;0.0;BEAR;SELL;OFF;0.83;28.33;15.69;14.24;4990.24;5012.92;5023.01;5033.09;5043.17;5053.25
2026.02.09 15:25:00;XAUUSD;PERIOD_M5;LIVE;VALID;SELL;5004.25;2026.02.09 16:15:00;5015.57;-1132.0;10;LOSS;NEXT_SIGNAL;2026.02.09 16:20:00;5015.84;-1159.0;11;LOSS;REV;YES;;;;8.87;35;5014.59;5015.49;-90.8;0.0;BEAR;SELL;OFF;0.87;23.85;11.27;18.32;5015.34;4995.38;4986.51;4977.63;4968.76;4959.89
2026.02.09 16:15:00;XAUUSD;PERIOD_M5;LIVE;VALID;BUY;5015.57;2026.02.09 19:10:00;5063.51;4794.0;35;WIN;NEXT_SIGNAL;2026.02.09 19:15:00;5063.64;4807.0;36;WIN;REV;YES;;;;9.57;34;5011.16;5010.43;72.9;0.0;BEAR;SELL;OFF;0.90;26.48;24.81;9.14;5003.61;5025.14;5034.71;5044.28;5053.86;5063.43
2026.02.09 19:10:00;XAUUSD;PERIOD_M5;LIVE;VALID;SELL;5063.51;2026.02.09 20:55:00;5062.67;84.0;21;WIN;NEXT_SIGNAL;2026.02.09 21:00:00;5062.96;55.0;22;WIN;REV;YES;;;;7.04;34;5068.01;5069.05;-103.8;0.0;BEAR;SELL;OFF;0.87;34.33;14.01;19.67;5072.31;5056.47;5049.42;5042.38;5035.34;5028.30
2026.02.09 20:55:00;XAUUSD;PERIOD_M5;LIVE;VALID;BUY;5062.67;2026.02.09 23:05:00;5069.34;667.0;26;WIN;NEXT_SIGNAL;2026.02.09 23:10:00;5069.36;669.0;27;WIN;REV;YES;;;;7.96;35;5057.21;5056.41;80.0;0.0;BEAR NOISE;SELL;OFF;0.87;23.85;22.49;16.84;5052.72;5070.63;5078.60;5086.56;5094.52;5102.48
2026.02.09 23:05:00;XAUUSD;PERIOD_M5;LIVE;VALID;SELL;5069.34;2026.02.10 02:05:00;5042.32;2702.0;24;WIN;NEXT_SIGNAL;2026.02.10 02:10:00;5042.65;2669.0;25;WIN;REV;YES;;;;5.72;45;5075.94;5077.06;-112.6;-14.0;BEAR;SELL;OFF;0.86;32.91;20.25;24.94;5076.49;5063.62;5057.89;5052.17;5046.45;5040.72
2026.02.10 02:05:00;XAUUSD;PERIOD_M5;LIVE;VALID;BUY;5042.32;2026.02.10 02:35:00;5018.29;-2403.0;6;LOSS;NEXT_SIGNAL;2026.02.10 02:40:00;5018.36;-2396.0;7;LOSS;REV;YES;;;;17.73;34;5035.91;5034.68;123.2;0.0;BEAR;SELL;OFF;0.87;20.54;17.74;11.59;5020.16;5060.05;5077.78;5095.51;5113.24;5130.97
2026.02.10 02:35:00;XAUUSD;PERIOD_M5;LIVE;VALID;SELL;5018.29;2026.02.10 03:45:00;5034.73;-1644.0;14;LOSS;NEXT_SIGNAL;2026.02.10 03:50:00;5035.07;-1678.0;15;LOSS;REV;YES;;;;11.11;35;5032.77;5032.85;-8.2;-14.0;BEAR;SELL;OFF;0.91;16.87;12.76;21.19;5032.17;5007.18;4996.08;4984.97;4973.86;4962.76
2026.02.10 03:45:00;XAUUSD;PERIOD_M5;LIVE;VALID;BUY;5034.73;2026.02.10 05:00:00;5033.94;-79.0;15;LOSS;NEXT_SIGNAL;2026.02.10 05:05:00;5033.94;-79.0;16;LOSS;REV;YES;;;;11.21;36;5027.47;5026.14;132.6;14.0;BEAR;SELL;OFF;0.89;20.21;21.88;11.48;5020.72;5045.94;5057.14;5068.35;5079.55;5090.76
2026.02.10 05:00:00;XAUUSD;PERIOD_M5;LIVE;VALID;SELL;5033.94;2026.02.10 06:25:00;5027.58;636.0;17;WIN;NEXT_SIGNAL;2026.02.10 06:30:00;5027.94;600.0;18;WIN;REV;YES;;;;8.73;34;5041.16;5041.72;-56.6;0.0;BEAR;SELL;OFF;0.86;26.64;16.61;25.51;5044.86;5025.21;5016.47;5007.74;4999.01;4990.28
2026.02.10 06:25:00;XAUUSD;PERIOD_M5;LIVE;VALID;BUY;5027.58;2026.02.10 06:35:00;5024.20;-338.0;2;LOSS;NEXT_SIGNAL;2026.02.10 06:40:00;5024.13;-345.0;3;LOSS;REV;YES;;;;7.22;35;5026.38;5026.33;5.1;0.0;BEAR;SELL;OFF;0.87;31.80;18.53;13.77;5018.56;5034.80;5042.02;5049.24;5056.46;5063.68
2026.02.10 06:35:00;XAUUSD;PERIOD_M5;LIVE;VALID;SELL;5024.20;2026.02.10 06:40:00;5026.71;-251.0;1;LOSS;NEXT_SIGNAL;2026.02.10 06:45:00;5027.04;-284.0;2;LOSS;REV;YES;;;;6.72;34;5025.86;5025.90;-3.5;-14.0;BEAR;SELL;OFF;0.84;26.98;13.92;20.22;5032.60;5017.48;5010.76;5004.04;4997.32;4990.60
2026.02.10 06:40:00;XAUUSD;PERIOD_M5;LIVE;VALID;BUY;5026.71;2026.02.10 07:20:00;5019.73;-698.0;8;LOSS;NEXT_SIGNAL;2026.02.10 07:25:00;5019.72;-699.0;9;LOSS;REV;YES;;;;6.41;35;5026.05;5025.94;11.5;0.0;BEAR;SELL;OFF;0.80;23.62;18.15;17.53;5018.69;5033.12;5039.53;5045.95;5052.36;5058.77
2026.02.10 07:20:00;XAUUSD;PERIOD_M5;LIVE;VALID;SELL;5019.73;2026.02.10 07:45:00;5034.59;-1486.0;5;LOSS;NEXT_SIGNAL;2026.02.10 07:50:00;5034.85;-1512.0;6;LOSS;REV;YES;;;;5.21;35;5026.51;5027.45;-94.4;0.0;BEAR;SELL;OFF;0.74;23.87;10.72;25.66;5026.25;5014.52;5009.31;5004.09;4998.88;4993.67
2026.02.10 07:45:00;XAUUSD;PERIOD_M5;LIVE;VALID;BUY;5034.59;2026.02.10 08:40:00;5028.80;-579.0;11;LOSS;NEXT_SIGNAL;2026.02.10 08:45:00;5028.74;-585.0;12;LOSS;REV;YES;;;;6.76;34;5028.46;5027.65;81.2;14.0;BEAR NOISE;SELL;OFF;0.76;24.26;29.58;19.09;5026.14;5041.35;5048.12;5054.88;5061.64;5068.40
2026.02.10 08:40:00;XAUUSD;PERIOD_M5;LIVE;VALID;SELL;5028.80;2026.02.10 09:45:00;5030.09;-129.0;13;LOSS;NEXT_SIGNAL;2026.02.10 09:50:00;5030.44;-164.0;14;LOSS;REV;YES;;;;6.34;34;5033.59;5033.65;-5.4;0.0;BEAR;SELL;OFF;0.89;21.92;13.25;27.84;5036.73;5022.46;5016.11;5009.77;5003.43;4997.08
2026.02.10 09:45:00;XAUUSD;PERIOD_M5;LIVE;VALID;BUY;5030.09;2026.02.10 11:45:00;5046.04;1595.0;24;WIN;NEXT_SIGNAL;2026.02.10 11:50:00;5046.22;1613.0;25;WIN;REV;YES;;;;7.12;35;5028.37;5028.36;1.0;0.0;BEAR;SELL;OFF;0.83;17.52;17.78;14.55;5021.19;5037.21;5044.32;5051.44;5058.56;5065.68
2026.02.10 11:45:00;XAUUSD;PERIOD_M5;LIVE;VALID;SELL;5046.04;2026.02.10 12:30:00;5051.78;-574.0;9;LOSS;NEXT_SIGNAL;2026.02.10 12:35:00;5052.32;-628.0;10;LOSS;REV;YES;;;;7.43;35;5048.24;5048.28;-3.8;0.0;BEAR;SELL;OFF;0.89;23.75;12.86;19.46;5055.33;5038.61;5031.17;5023.74;5016.30;5008.87
2026.02.10 12:30:00;XAUUSD;PERIOD_M5;LIVE;VALID;BUY;5051.78;2026.02.10 13:20:00;5046.53;-525.0;10;LOSS;NEXT_SIGNAL;2026.02.10 13:25:00;5046.22;-556.0;11;LOSS;REV;YES;;;;6.00;37;5047.71;5047.63;7.9;14.0;BEAR NOISE;SELL;OFF;0.97;18.34;25.81;18.42;5044.29;5057.78;5063.77;5069.77;5075.76;5081.76
2026.02.10 13:20:00;XAUUSD;PERIOD_M5;LIVE;VALID;SELL;5046.53;2026.02.10 13:50:00;5055.18;-865.0;6;LOSS;NEXT_SIGNAL;2026.02.10 13:55:00;5055.43;-890.0;7;LOSS;REV;YES;;;;5.64;36;5048.78;5049.17;-38.3;-14.0;BEAR;SELL;OFF;0.96;17.05;14.99;23.96;5053.58;5040.89;5035.26;5029.62;5023.98;5018.34
2026.02.10 13:50:00;XAUUSD;PERIOD_M5;LIVE;VALID;BUY;5055.18;2026.02.10 14:10:00;5043.81;-1137.0;4;LOSS;NEXT_SIGNAL;2026.02.10 14:15:00;5043.19;-1199.0;5;LOSS;REV;YES;;;;5.11;36;5050.76;5050.11;65.2;14.0;BEAR;SELL;OFF;0.98;18.41;28.71;13.30;5048.80;5060.29;5065.40;5070.50;5075.61;5080.72
2026.02.10 14:10:00;XAUUSD;PERIOD_M5;LIVE;VALID;SELL;5043.81;2026.02.10 15:30:00;5053.11;-930.0;16;LOSS;NEXT_SIGNAL;2026.02.10 15:35:00;5053.47;-966.0;17;LOSS;REV;YES;;;;5.62;36;5049.13;5049.76;-63.2;-14.0;BEAR;SELL;OFF;0.90;18.49;17.32;19.58;5050.83;5038.19;5032.57;5026.95;5021.33;5015.71
2026.02.10 15:30:00;XAUUSD;PERIOD_M5;LIVE;VALID;BUY;5053.11;2026.02.10 16:45:00;5030.34;-2277.0;15;LOSS;NEXT_SIGNAL;2026.02.10 16:50:00;5030.48;-2263.0;16;LOSS;REV;YES;;;;9.22;37;5041.48;5039.39;208.5;14.0;BEAR NOISE;SELL;OFF;0.78;19.30;27.89;19.41;5041.58;5062.33;5071.56;5080.78;5090.00;5099.23
2026.02.10 16:45:00;XAUUSD;PERIOD_M5;LIVE;VALID;SELL;5030.34;2026.02.10 18:50:00;5020.12;1022.0;25;WIN;NEXT_SIGNAL;2026.02.10 18:55:00;5020.42;992.0;26;WIN;REV;YES;;;;10.68;38;5055.02;5056.66;-164.0;-36.9;BEAR;SELL;OFF;0.85;22.98;16.09;29.93;5043.69;5019.66;5008.98;4998.30;4987.63;4976.95
2026.02.10 18:50:00;XAUUSD;PERIOD_M5;LIVE;VALID;BUY;5020.12;2026.02.10 20:00:00;5022.23;211.0;14;WIN;NEXT_SIGNAL;2026.02.10 20:05:00;5022.27;215.0;15;WIN;REV;YES;;;;9.83;34;5018.77;5018.62;15.2;0.0;BEAR;SELL;OFF;0.93;15.91;19.02;21.37;5007.83;5029.95;5039.79;5049.62;5059.45;5069.29
2026.02.10 20:00:00;XAUUSD;PERIOD_M5;LIVE;VALID;SELL;5022.23;2026.02.10 21:15:00;5018.81;342.0;15;WIN;NEXT_SIGNAL;2026.02.10 21:20:00;5019.16;307.0;16;WIN;REV;YES;;;;6.00;34;5028.21;5028.73;-52.0;-14.0;BEAR;SELL;OFF;0.89;23.72;13.97;25.20;5029.74;5016.22;5010.22;5004.21;4998.21;4992.20
2026.02.10 21:15:00;XAUUSD;PERIOD_M5;LIVE;VALID;BUY;5018.81;2026.02.10 23:10:00;5029.21;1040.0;23;WIN;NEXT_SIGNAL;2026.02.10 23:15:00;5029.33;1052.0;24;WIN;REV;YES;;;;6.41;34;5013.57;5013.38;18.7;0.0;BEAR;SELL;OFF;0.85;31.73;18.21;11.17;5010.80;5025.22;5031.63;5038.03;5044.44;5050.85
2026.02.10 23:10:00;XAUUSD;PERIOD_M5;LIVE;VALID;SELL;5029.21;2026.02.11 01:05:00;5034.42;-521.0;11;LOSS;NEXT_SIGNAL;2026.02.11 01:10:00;5034.62;-541.0;12;LOSS;REV;YES;;;;5.93;45;5029.74;5029.83;-9.1;0.0;BEAR;SELL;OFF;0.87;23.98;17.26;17.99;5036.62;5023.28;5017.35;5011.42;5005.49;4999.56
2026.02.11 01:05:00;XAUUSD;PERIOD_M5;LIVE;VALID;BUY;5034.42;2026.02.11 02:10:00;5034.25;-17.0;13;LOSS;NEXT_SIGNAL;2026.02.11 02:15:00;5034.21;-21.0;14;LOSS;REV;YES;;;;4.48;45;5028.82;5027.92;89.6;14.0;BEAR NOISE;SELL;OFF;0.82;20.55;21.68;21.75;5028.82;5038.90;5043.39;5047.87;5052.35;5056.83
2026.02.11 02:10:00;XAUUSD;PERIOD_M5;LIVE;VALID;SELL;5034.25;2026.02.11 02:30:00;5046.43;-1218.0;4;LOSS;NEXT_SIGNAL;2026.02.11 02:35:00;5046.76;-1251.0;5;LOSS;REV;YES;;;;6.61;34;5039.06;5039.33;-27.3;0.0;BULL NOISE;BUY;OFF;0.91;15.43;14.84;21.10;5042.51;5027.64;5021.04;5014.43;5007.83;5001.22
2026.02.11 02:30:00;XAUUSD;PERIOD_M5;LIVE;VALID;BUY;5046.43;2026.02.11 02:45:00;5036.23;-1020.0;3;LOSS;NEXT_SIGNAL;2026.02.11 02:50:00;5036.16;-1027.0;4;LOSS;REV;YES;;;;6.42;34;5040.95;5040.76;18.4;14.0;BULL;BUY;OFF;0.89;17.76;22.82;13.16;5038.41;5052.85;5059.27;5065.69;5072.11;5078.53
2026.02.11 02:45:00;XAUUSD;PERIOD_M5;LIVE;VALID;SELL;5036.23;2026.02.11 03:00:00;5044.48;-825.0;3;LOSS;NEXT_SIGNAL;2026.02.11 03:05:00;5044.79;-856.0;4;LOSS;REV;YES;;;;6.63;34;5040.60;5040.90;-29.8;0.0;BULL;BUY;OFF;0.83;17.80;20.69;23.35;5044.52;5029.60;5022.96;5016.33;5009.70;5003.07
2026.02.11 03:00:00;XAUUSD;PERIOD_M5;LIVE;VALID;BUY;5044.48;2026.02.11 03:15:00;5037.96;-652.0;3;LOSS;NEXT_SIGNAL;2026.02.11 03:20:00;5038.04;-644.0;4;LOSS;REV;YES;;;;7.67;34;5040.76;5040.64;12.6;0.0;BULL;BUY;OFF;0.86;14.68;20.02;15.20;5034.89;5052.15;5059.82;5067.49;5075.15;5082.82
2026.02.11 03:15:00;XAUUSD;PERIOD_M5;LIVE;VALID;SELL;5037.96;2026.02.11 03:40:00;5044.02;-606.0;5;LOSS;NEXT_SIGNAL;2026.02.11 03:45:00;5044.20;-624.0;6;LOSS;REV;YES;;;;8.19;34;5040.35;5040.48;-12.4;0.0;BULL;BUY;OFF;0.82;15.95;15.34;10.45;5048.20;5029.77;5021.57;5013.38;5005.19;4997.00
2026.02.11 03:40:00;XAUUSD;PERIOD_M5;LIVE;VALID;BUY;5044.02;2026.02.11 04:20:00;5042.08;-194.0;8;LOSS;NEXT_SIGNAL;2026.02.11 04:25:00;5042.10;-192.0;9;LOSS;REV;YES;;;;7.08;34;5040.90;5040.52;37.8;14.0;BULL;BUY;OFF;0.78;15.07;20.56;12.12;5035.17;5051.10;5058.18;5065.25;5072.33;5079.41
2026.02.11 04:20:00;XAUUSD;PERIOD_M5;LIVE;VALID;SELL;5042.08;2026.02.11 04:30:00;5045.80;-372.0;2;LOSS;NEXT_SIGNAL;2026.02.11 04:35:00;5046.11;-403.0;3;LOSS;REV;YES;;;;7.48;34;5042.83;5042.86;-3.6;0.0;BULL;BUY;OFF;0.77;24.46;18.34;12.32;5051.43;5034.60;5027.13;5019.65;5012.17;5004.70
2026.02.11 04:30:00;XAUUSD;PERIOD_M5;LIVE;VALID;BUY;5045.80;2026.02.11 06:40:00;5052.14;634.0;26;WIN;NEXT_SIGNAL;2026.02.11 06:45:00;5052.09;629.0;27;WIN;REV;YES;;;;7.24;34;5043.36;5043.23;12.9;14.0;BULL;BUY;OFF;0.82;21.93;19.04;12.26;5036.74;5053.04;5060.29;5067.53;5074.78;5082.02
2026.02.11 06:40:00;XAUUSD;PERIOD_M5;LIVE;VALID;SELL;5052.14;2026.02.11 07:30:00;5057.43;-529.0;10;LOSS;NEXT_SIGNAL;2026.02.11 07:35:00;5057.80;-566.0;11;LOSS;REV;YES;;;;3.23;34;5055.64;5056.03;-38.5;0.0;BULL;BUY;OFF;0.84;27.74;19.37;23.88;5056.17;5048.91;5045.69;5042.46;5039.24;5036.01
2026.02.11 07:30:00;XAUUSD;PERIOD_M5;LIVE;VALID;BUY;5057.43;2026.02.11 09:35:00;5056.84;-59.0;25;LOSS;NEXT_SIGNAL;2026.02.11 09:40:00;5056.82;-61.0;26;LOSS;REV;YES;;;;3.96;34;5051.98;5051.73;25.2;14.0;BULL;BUY;OFF;0.84;25.50;28.84;14.63;5052.49;5061.39;5065.34;5069.30;5073.25;5077.21
2026.02.11 09:35:00;XAUUSD;PERIOD_M5;LIVE;VALID;SELL;5056.84;2026.02.11 11:15:00;5054.25;259.0;20;WIN;NEXT_SIGNAL;2026.02.11 11:20:00;5054.64;220.0;21;WIN;REV;YES;;;;6.96;38;5058.58;5058.81;-23.7;-14.0;BULL;BUY;OFF;0.74;25.28;12.09;12.19;5065.54;5049.88;5042.91;5035.95;5028.99;5022.03
2026.02.11 11:15:00;XAUUSD;PERIOD_M5;LIVE;VALID;BUY;5054.25;2026.02.11 14:15:00;5092.90;3865.0;36;WIN;NEXT_SIGNAL;2026.02.11 14:20:00;5092.73;3848.0;37;WIN;REV;YES;;;;4.18;38;5052.82;5052.78;4.5;0.0;BULL;BUY;OFF;0.82;11.17;17.50;18.27;5049.02;5058.43;5062.61;5066.79;5070.98;5075.16
2026.02.11 14:15:00;XAUUSD;PERIOD_M5;LIVE;VALID;SELL;5092.90;2026.02.11 16:15:00;5079.41;1349.0;24;WIN;NEXT_SIGNAL;2026.02.11 16:20:00;5079.48;1342.0;25;WIN;REV;YES;;;;8.41;39;5102.52;5102.91;-39.4;-14.0;BULL NOISE;BUY;OFF;0.64;39.19;16.60;18.84;5103.42;5084.49;5076.07;5067.66;5059.24;5050.83
2026.02.11 16:15:00;XAUUSD;PERIOD_M5;LIVE;VALID;BUY;5079.41;2026.02.11 16:35:00;5045.74;-3367.0;4;LOSS;NEXT_SIGNAL;2026.02.11 16:40:00;5045.83;-3358.0;5;LOSS;REV;YES;;;;15.85;36;5073.37;5072.27;109.9;14.0;BEAR;SELL;OFF;0.69;17.62;23.02;14.45;5059.60;5095.26;5111.11;5126.96;5142.80;5158.65
2026.02.11 16:35:00;XAUUSD;PERIOD_M5;LIVE;VALID;SELL;5045.74;2026.02.11 17:05:00;5079.54;-3380.0;6;LOSS;NEXT_SIGNAL;2026.02.11 17:10:00;5079.73;-3399.0;7;LOSS;REV;YES;;;;16.81;34;5065.96;5068.79;-282.9;-45.0;BEAR;SELL;OFF;0.74;16.70;12.98;24.34;5066.75;5028.93;5012.12;4995.31;4978.50;4961.69
2026.02.11 17:05:00;XAUUSD;PERIOD_M5;LIVE;VALID;BUY;5079.54;2026.02.11 17:20:00;5049.80;-2974.0;3;LOSS;NEXT_SIGNAL;2026.02.11 17:25:00;5049.70;-2984.0;4;LOSS;REV;YES;;;;12.56;34;5064.27;5064.00;26.9;26.6;BEAR NOISE;SELL;OFF;0.76;18.99;29.96;16.87;5063.84;5092.10;5104.67;5117.23;5129.79;5142.36
2026.02.11 17:20:00;XAUUSD;PERIOD_M5;LIVE;VALID;SELL;5049.80;2026.02.11 18:20:00;5057.99;-819.0;12;LOSS;NEXT_SIGNAL;2026.02.11 18:25:00;5058.29;-849.0;13;LOSS;REV;YES;;;;14.77;34;5061.70;5062.80;-110.0;-26.6;BEAR;SELL;OFF;0.82;17.71;19.54;22.84;5068.26;5035.03;5020.26;5005.49;4990.73;4975.96
2026.02.11 18:20:00;XAUUSD;PERIOD_M5;LIVE;VALID;BUY;5057.99;2026.02.11 20:10:00;5072.93;1494.0;22;WIN;NEXT_SIGNAL;2026.02.11 20:15:00;5072.91;1492.0;23;WIN;REV;YES;;;;12.20;34;5056.12;5055.97;14.2;0.0;BEAR;SELL;OFF;0.91;12.98;17.57;19.40;5042.74;5070.19;5082.39;5094.58;5106.78;5118.98
2026.02.11 20:10:00;XAUUSD;PERIOD_M5;LIVE;VALID;SELL;5072.93;2026.02.11 21:00:00;5087.13;-1420.0;10;LOSS;NEXT_SIGNAL;2026.02.11 21:05:00;5087.65;-1472.0;11;LOSS;REV;YES;;;;8.11;34;5083.88;5084.79;-91.0;-14.0;BEAR;SELL;OFF;0.78;29.25;12.08;31.20;5083.06;5064.82;5056.72;5048.61;5040.50;5032.39
2026.02.11 21:00:00;XAUUSD;PERIOD_M5;LIVE;VALID;BUY;5087.13;2026.02.11 21:55:00;5081.92;-521.0;11;LOSS;NEXT_SIGNAL;2026.02.11 22:00:00;5081.99;-514.0;12;LOSS;REV;YES;;;;7.53;34;5082.56;5081.76;80.2;0.0;BEAR;SELL;OFF;0.88;25.38;21.05;9.40;5077.72;5094.66;5102.19;5109.72;5117.26;5124.79
2026.02.11 21:55:00;XAUUSD;PERIOD_M5;LIVE;VALID;SELL;5081.92;2026.02.11 22:45:00;5087.66;-574.0;10;LOSS;NEXT_SIGNAL;2026.02.11 22:50:00;5087.97;-605.0;11;LOSS;REV;YES;;;;5.64;34;5084.89;5085.53;-64.2;0.0;BEAR;SELL;OFF;0.87;24.91;12.68;20.59;5088.97;5076.28;5070.64;5065.01;5059.37;5053.73
2026.02.11 22:45:00;XAUUSD;PERIOD_M5;LIVE;VALID;BUY;5087.66;2026.02.11 23:30:00;5076.86;-1080.0;9;LOSS;NEXT_SIGNAL;2026.02.11 23:35:00;5076.90;-1076.0;10;LOSS;REV;YES;;;;5.04;34;5085.49;5085.30;19.0;0.0;BEAR;SELL;OFF;0.88;16.72;18.46;14.38;5081.37;5092.70;5097.73;5102.77;5107.80;5112.84
2026.02.11 23:30:00;XAUUSD;PERIOD_M5;LIVE;VALID;SELL;5076.86;2026.02.12 01:00:00;5095.61;-1875.0;6;LOSS;NEXT_SIGNAL;2026.02.12 01:05:01;5096.08;-1922.0;7;LOSS;REV;YES;;;;5.56;45;5084.77;5085.80;-103.4;-14.0;BEAR;SELL;OFF;0.94;19.41;18.35;24.02;5083.80;5071.30;5065.75;5060.19;5054.64;5049.08
2026.02.12 01:00:00;XAUUSD;PERIOD_M5;LIVE;VALID;BUY;5095.61;2026.02.12 01:10:00;5063.30;-3231.0;2;LOSS;NEXT_SIGNAL;2026.02.12 01:15:00;5063.28;-3233.0;3;LOSS;REV;YES;;;;6.36;45;5085.35;5084.82;53.0;14.0;BEAR NOISE;SELL;OFF;0.85;18.79;28.00;12.56;5087.66;5101.97;5108.33;5114.69;5121.05;5127.41
2026.02.12 01:10:00;XAUUSD;PERIOD_M5;LIVE;VALID;SELL;5063.30;2026.02.12 02:50:00;5063.00;30.0;20;WIN;NEXT_SIGNAL;2026.02.12 02:55:00;5063.36;-6.0;21;LOSS;REV;YES;;;;9.19;45;5079.83;5082.44;-260.8;-36.9;BEAR;SELL;OFF;0.86;17.18;21.03;24.67;5074.79;5054.11;5044.91;5035.72;5026.53;5017.34
2026.02.12 02:50:00;XAUUSD;PERIOD_M5;LIVE;VALID;BUY;5063.00;2026.02.12 03:00:00;5051.25;-1175.0;2;LOSS;NEXT_SIGNAL;2026.02.12 03:05:00;5051.26;-1174.0;3;LOSS;REV;YES;;;;7.33;35;5061.45;5061.28;17.0;0.0;BEAR;SELL;OFF;0.90;15.85;27.64;16.16;5053.83;5070.33;5077.67;5085.00;5092.33;5099.66
2026.02.12 03:00:00;XAUUSD;PERIOD_M5;LIVE;VALID;SELL;5051.25;2026.02.12 03:35:00;5062.20;-1095.0;7;LOSS;NEXT_SIGNAL;2026.02.12 03:40:00;5062.53;-1128.0;8;LOSS;REV;YES;;;;8.04;34;5059.44;5060.27;-82.7;-14.0;BEAR;SELL;OFF;0.90;15.32;20.76;22.35;5061.29;5043.21;5035.18;5027.14;5019.11;5011.07
2026.02.12 03:35:00;XAUUSD;PERIOD_M5;LIVE;VALID;BUY;5062.20;2026.02.12 04:40:00;5058.00;-420.0;13;LOSS;NEXT_SIGNAL;2026.02.12 04:45:00;5058.01;-419.0;14;LOSS;REV;YES;;;;7.86;34;5057.91;5057.88;2.9;14.0;BEAR;SELL;OFF;0.88;11.74;15.81;10.44;5052.38;5070.06;5077.91;5085.77;5093.63;5101.49
2026.02.12 04:40:00;XAUUSD;PERIOD_M5;LIVE;VALID;SELL;5058.00;2026.02.12 04:55:00;5066.06;-806.0;3;LOSS;NEXT_SIGNAL;2026.02.12 05:00:00;5066.37;-837.0;4;LOSS;REV;YES;;;;6.14;34;5062.73;5062.87;-14.1;-14.0;BEAR;SELL;OFF;0.82;18.91;17.16;24.33;5065.68;5051.86;5045.72;5039.58;5033.44;5027.30
2026.02.12 04:55:00;XAUUSD;PERIOD_M5;LIVE;VALID;BUY;5066.06;2026.02.12 05:25:00;5059.99;-607.0;6;LOSS;NEXT_SIGNAL;2026.02.12 05:30:00;5059.97;-609.0;7;LOSS;REV;YES;;;;6.15;34;5063.60;5063.58;2.6;0.0;BEAR;SELL;OFF;0.89;16.02;16.45;17.95;5058.37;5072.21;5078.36;5084.51;5090.66;5096.81
2026.02.12 05:25:00;XAUUSD;PERIOD_M5;LIVE;VALID;SELL;5059.99;2026.02.12 06:50:00;5062.99;-300.0;17;LOSS;NEXT_SIGNAL;2026.02.12 06:55:00;5063.29;-330.0;18;LOSS;REV;YES;;;;6.63;34;5064.96;5065.22;-26.8;0.0;BEAR;SELL;OFF;0.90;18.04;15.38;27.64;5068.28;5053.36;5046.72;5040.09;5033.45;5026.82
2026.02.12 06:50:00;XAUUSD;PERIOD_M5;LIVE;VALID;BUY;5062.99;2026.02.12 08:05:00;5066.00;301.0;15;WIN;NEXT_SIGNAL;2026.02.12 08:10:00;5066.03;304.0;16;WIN;REV;YES;;;;4.14;34;5058.27;5057.91;36.2;14.0;BEAR NOISE;SELL;OFF;0.94;23.69;23.18;22.16;5057.82;5067.13;5071.26;5075.40;5079.53;5083.67
2026.02.12 08:05:00;XAUUSD;PERIOD_M5;LIVE;VALID;SELL;5066.00;2026.02.12 09:15:00;5062.02;398.0;14;WIN;NEXT_SIGNAL;2026.02.12 09:20:00;5062.37;363.0;15;WIN;REV;YES;;;;5.82;34;5069.78;5070.08;-29.1;0.0;BULL;BUY;OFF;0.85;16.27;17.37;24.69;5073.27;5060.18;5054.37;5048.55;5042.73;5036.92
2026.02.12 09:15:00;XAUUSD;PERIOD_M5;LIVE;VALID;BUY;5062.02;2026.02.12 10:35:00;5059.81;-221.0;16;LOSS;NEXT_SIGNAL;2026.02.12 10:40:00;5059.80;-222.0;17;LOSS;REV;YES;;;;6.08;34;5061.01;5060.76;25.0;-14.0;BULL;BUY;OFF;0.89;15.27;21.06;20.53;5054.42;5068.10;5074.18;5080.27;5086.35;5092.43
2026.02.12 10:35:00;XAUUSD;PERIOD_M5;LIVE;VALID;SELL;5059.81;2026.02.12 10:55:00;5068.48;-867.0;4;LOSS;NEXT_SIGNAL;2026.02.12 11:00:00;5068.68;-887.0;5;LOSS;REV;YES;;;;4.74;39;5062.86;5063.42;-55.3;-14.0;BULL;BUY;OFF;0.94;21.14;18.58;28.65;5065.73;5055.07;5050.34;5045.60;5040.86;5036.13
2026.02.12 10:55:00;XAUUSD;PERIOD_M5;LIVE;VALID;BUY;5068.48;2026.02.12 12:10:00;5065.85;-263.0;15;LOSS;NEXT_SIGNAL;2026.02.12 12:15:00;5065.55;-293.0;16;LOSS;REV;YES;;;;5.35;39;5064.66;5064.18;48.4;0.0;BULL;BUY;OFF;0.82;20.46;32.11;16.17;5061.80;5073.83;5079.17;5084.52;5089.86;5095.21
2026.02.12 12:10:00;XAUUSD;PERIOD_M5;LIVE;VALID;SELL;5065.85;2026.02.12 13:30:00;5063.15;270.0;16;WIN;NEXT_SIGNAL;2026.02.12 13:35:03;5063.40;245.0;17;WIN;REV;YES;;;;4.90;39;5070.90;5071.67;-77.2;-14.0;BULL NOISE;BUY;OFF;0.86;26.13;16.78;26.91;5071.98;5060.95;5056.05;5051.14;5046.24;5041.34
2026.02.12 13:30:00;XAUUSD;PERIOD_M5;LIVE;VALID;BUY;5063.15;2026.02.12 14:20:00;5060.25;-290.0;10;LOSS;NEXT_SIGNAL;2026.02.12 14:25:00;5060.24;-291.0;11;LOSS;REV;YES;;;;3.88;34;5062.65;5062.52;12.7;0.0;BULL;BUY;OFF;0.65;19.06;16.58;13.67;5058.29;5067.03;5070.92;5074.80;5078.69;5082.57
2026.02.12 14:20:00;XAUUSD;PERIOD_M5;LIVE;VALID;SELL;5060.25;2026.02.12 14:35:00;5063.75;-350.0;3;LOSS;NEXT_SIGNAL;2026.02.12 14:40:00;5064.08;-383.0;4;LOSS;REV;YES;;;;3.61;34;5062.76;5063.18;-42.1;0.0;BULL NOISE;BUY;OFF;0.80;17.45;18.48;15.66;5064.76;5056.64;5053.03;5049.42;5045.81;5042.20
2026.02.12 14:35:00;XAUUSD;PERIOD_M5;LIVE;VALID;BUY;5063.75;2026.02.12 14:40:00;5057.56;-619.0;1;LOSS;NEXT_SIGNAL;2026.02.12 14:45:00;5057.53;-622.0;2;LOSS;REV;YES;;;;3.81;34;5063.50;5063.49;0.7;0.0;BULL;BUY;OFF;0.81;21.53;27.64;10.73;5058.98;5067.56;5071.38;5075.19;5079.00;5082.81
2026.02.12 14:40:00;XAUUSD;PERIOD_M5;LIVE;VALID;SELL;5057.56;2026.02.12 15:15:00;5070.01;-1245.0;7;LOSS;NEXT_SIGNAL;2026.02.12 15:20:00;5070.30;-1274.0;8;LOSS;REV;YES;;;;4.28;36;5062.18;5062.94;-76.4;-14.0;BULL NOISE;BUY;OFF;0.81;19.04;23.95;22.63;5062.91;5053.28;5049.00;5044.72;5040.44;5036.16
2026.02.12 15:15:00;XAUUSD;PERIOD_M5;LIVE;VALID;BUY;5070.01;2026.02.12 16:15:00;5058.06;-1195.0;12;LOSS;NEXT_SIGNAL;2026.02.12 16:20:00;5057.95;-1206.0;13;LOSS;REV;YES;;;;5.27;36;5061.77;5060.76;101.5;26.6;BULL;BUY;OFF;0.82;21.72;39.31;15.51;5063.42;5075.28;5080.56;5085.83;5091.10;5096.37
2026.02.12 16:15:00;XAUUSD;PERIOD_M5;LIVE;VALID;SELL;5058.06;2026.02.12 17:20:00;5062.93;-487.0;13;LOSS;NEXT_SIGNAL;2026.02.12 17:25:00;5063.29;-523.0;14;LOSS;REV;YES;;;;8.42;36;5068.53;5069.37;-84.1;-14.0;BULL NOISE;BUY;OFF;0.85;23.98;14.88;25.17;5068.59;5049.64;5041.21;5032.79;5024.36;5015.94
2026.02.12 17:20:00;XAUUSD;PERIOD_M5;LIVE;VALID;BUY;5062.93;2026.02.12 18:05:00;5050.64;-1229.0;9;LOSS;NEXT_SIGNAL;2026.02.12 18:10:00;5050.66;-1227.0;10;LOSS;REV;YES;;;;9.61;34;5060.43;5060.06;37.3;0.0;BULL;BUY;OFF;0.82;23.83;26.50;19.99;5050.92;5072.54;5082.15;5091.76;5101.37;5110.98
2026.02.12 18:05:00;XAUUSD;PERIOD_M5;LIVE;VALID;SELL;5050.64;2026.02.12 19:20:00;4973.45;7719.0;15;WIN;NEXT_SIGNAL;2026.02.12 19:25:00;4973.76;7688.0;16;WIN;REV;YES;;;;7.77;36;5062.75;5063.37;-62.4;-26.6;BEAR NOISE;SELL;OFF;0.91;22.87;16.85;24.67;5060.36;5042.87;5035.09;5027.32;5019.55;5011.77
2026.02.12 19:20:00;XAUUSD;PERIOD_M5;LIVE;VALID;BUY;4973.45;2026.02.12 19:55:00;4941.01;-3244.0;7;LOSS;NEXT_SIGNAL;2026.02.12 20:00:00;4940.99;-3246.0;8;LOSS;REV;YES;;;;27.11;37;4959.79;4957.39;239.8;0.0;BEAR;SELL;OFF;0.88;19.88;24.52;11.59;4939.56;5000.56;5027.67;5054.78;5081.88;5108.99
2026.02.12 19:55:00;XAUUSD;PERIOD_M5;LIVE;VALID;SELL;4941.01;2026.02.12 20:55:00;4935.56;545.0;12;WIN;NEXT_SIGNAL;2026.02.12 21:00:00;4936.23;478.0;13;WIN;REV;YES;;;;16.70;34;4954.53;4955.69;-116.0;0.0;BEAR;SELL;OFF;0.87;18.03;14.33;26.15;4961.88;4924.31;4907.62;4890.92;4874.22;4857.53
2026.02.12 20:55:00;XAUUSD;PERIOD_M5;LIVE;VALID;BUY;4935.56;2026.02.12 22:15:00;4937.57;201.0;16;WIN;NEXT_SIGNAL;2026.02.12 22:20:00;4937.53;197.0;17;WIN;REV;YES;;;;15.24;39;4937.29;4937.01;28.4;0.0;BEAR;SELL;OFF;0.81;24.72;19.06;15.46;4916.52;4950.80;4966.03;4981.27;4996.50;5011.74
2026.02.12 22:15:00;XAUUSD;PERIOD_M5;LIVE;VALID;SELL;4937.57;2026.02.12 23:35:00;4921.42;1615.0;16;WIN;NEXT_SIGNAL;2026.02.12 23:40:03;4921.83;1574.0;17;WIN;REV;YES;;;;8.96;34;4942.71;4943.12;-41.0;0.0;BEAR;SELL;OFF;0.82;19.23;12.55;25.46;4948.78;4928.61;4919.64;4910.68;4901.71;4892.75
2026.02.12 23:35:00;XAUUSD;PERIOD_M5;LIVE;VALID;BUY;4921.42;2026.02.12 23:40:00;4918.15;-327.0;1;LOSS;NEXT_SIGNAL;2026.02.12 23:45:00;4918.16;-326.0;2;LOSS;REV;YES;;;;8.36;45;4921.09;4921.05;4.1;0.0;BEAR;SELL;OFF;0.74;29.17;12.43;9.31;4910.97;4929.78;4938.15;4946.51;4954.87;4963.23
2026.02.12 23:40:00;XAUUSD;PERIOD_M5;LIVE;VALID;SELL;4918.15;2026.02.12 23:45:00;4919.73;-158.0;1;LOSS;NEXT_SIGNAL;2026.02.12 23:50:00;4920.20;-205.0;2;LOSS;REV;YES;;;;7.82;45;4920.44;4920.44;-0.6;0.0;BEAR;SELL;OFF;0.73;28.88;10.77;18.72;4927.93;4910.33;4902.51;4894.68;4886.86;4879.04
2026.02.12 23:45:00;XAUUSD;PERIOD_M5;LIVE;VALID;BUY;4919.73;2026.02.13 01:00:00;4891.78;-2795.0;3;LOSS;NEXT_SIGNAL;2026.02.13 01:05:00;4891.84;-2789.0;4;LOSS;REV;YES;;;;7.36;45;4920.28;4920.12;16.5;-14.0;BEAR;SELL;OFF;0.74;30.50;9.34;22.36;4910.53;4927.09;4934.45;4941.81;4949.17;4956.53
2026.02.13 01:00:00;XAUUSD;PERIOD_M5;LIVE;VALID;SELL;4891.78;2026.02.13 01:30:00;4926.11;-3433.0;6;LOSS;NEXT_SIGNAL;2026.02.13 01:35:00;4926.43;-3465.0;7;LOSS;REV;YES;;;;9.39;45;4914.93;4917.76;-283.6;-26.6;BEAR;SELL;OFF;0.82;23.74;15.74;25.06;4903.52;4882.39;4873.00;4863.61;4854.21;4844.82
2026.02.13 01:30:00;XAUUSD;PERIOD_M5;LIVE;VALID;BUY;4926.11;2026.02.13 01:40:00;4913.80;-1231.0;2;LOSS;NEXT_SIGNAL;2026.02.13 01:45:00;4913.81;-1230.0;3;LOSS;REV;YES;;;;10.87;39;4918.80;4917.62;118.1;14.0;BEAR NOISE;SELL;OFF;0.79;19.52;17.83;17.57;4912.53;4936.98;4947.84;4958.71;4969.58;4980.44
2026.02.13 01:40:00;XAUUSD;PERIOD_M5;LIVE;VALID;SELL;4913.80;2026.02.13 01:55:00;4920.17;-637.0;3;LOSS;NEXT_SIGNAL;2026.02.13 02:00:00;4920.55;-675.0;4;LOSS;REV;YES;;;;12.23;39;4916.24;4916.56;-32.2;0.0;BEAR;SELL;OFF;0.80;17.62;13.39;17.30;4929.09;4901.57;4889.33;4877.10;4864.87;4852.64
2026.02.13 01:55:00;XAUUSD;PERIOD_M5;LIVE;VALID;BUY;4920.17;2026.02.13 05:20:00;4975.50;5533.0;41;WIN;NEXT_SIGNAL;2026.02.13 05:25:00;4975.52;5535.0;42;WIN;REV;YES;;;;13.13;39;4916.51;4916.24;27.6;0.0;BEAR;SELL;OFF;0.81;17.32;19.06;12.02;4903.76;4933.30;4946.43;4959.56;4972.70;4985.83
2026.02.13 05:20:00;XAUUSD;PERIOD_M5;LIVE;VALID;SELL;4975.50;2026.02.13 06:10:00;4985.75;-1025.0;10;LOSS;NEXT_SIGNAL;2026.02.13 06:15:00;4986.15;-1065.0;11;LOSS;REV;YES;;;;7.40;39;4980.64;4981.47;-83.7;-14.0;BEAR;SELL;OFF;0.98;31.11;11.98;23.78;4984.75;4968.10;4960.70;4953.30;4945.90;4938.50
2026.02.13 06:10:00;XAUUSD;PERIOD_M5;LIVE;VALID;BUY;4985.75;2026.02.13 06:45:00;4973.92;-1183.0;7;LOSS;NEXT_SIGNAL;2026.02.13 06:50:00;4973.99;-1176.0;8;LOSS;REV;YES;;;;5.79;39;4980.27;4979.93;34.7;0.0;BEAR;SELL;OFF;0.87;19.70;22.91;14.76;4978.51;4991.54;4997.34;5003.13;5008.92;5014.72
2026.02.13 06:45:00;XAUUSD;PERIOD_M5;LIVE;VALID;SELL;4973.92;2026.02.13 08:55:00;4967.23;669.0;26;WIN;NEXT_SIGNAL;2026.02.13 09:00:00;4966.44;748.0;27;WIN;REV;YES;;;;5.89;39;4980.14;4981.12;-98.0;0.0;BEAR;SELL;OFF;0.83;28.07;13.27;36.75;4981.29;4968.03;4962.14;4956.24;4950.35;4944.46
2026.02.13 08:55:00;XAUUSD;PERIOD_M5;LIVE;VALID;BUY;4967.23;2026.02.13 11:05:00;4977.75;1052.0;26;WIN;NEXT_SIGNAL;2026.02.13 11:10:01;4977.74;1051.0;27;WIN;REV;YES;;;;8.88;36;4959.00;4957.84;115.2;14.0;BEAR;SELL;OFF;0.78;26.70;19.53;14.99;4956.13;4976.11;4984.99;4993.87;5002.75;5011.63
2026.02.13 11:05:00;XAUUSD;PERIOD_M5;LIVE;VALID;SELL;4977.75;2026.02.13 12:25:00;4977.24;51.0;16;WIN;NEXT_SIGNAL;2026.02.13 12:30:00;4977.68;7.0;17;WIN;REV;YES;;;;6.97;34;4979.74;4980.02;-27.4;0.0;BEAR;SELL;OFF;0.75;32.21;11.09;11.27;4986.46;4970.78;4963.81;4956.84;4949.87;4942.90
2026.02.13 12:25:00;XAUUSD;PERIOD_M5;LIVE;VALID;BUY;4977.24;2026.02.13 12:40:00;4969.30;-794.0;3;LOSS;NEXT_SIGNAL;2026.02.13 12:45:00;4969.31;-793.0;4;LOSS;REV;YES;;;;7.64;36;4972.17;4971.95;22.2;0.0;BEAR;SELL;OFF;0.89;16.41;23.22;13.37;4967.69;4984.88;4992.52;5000.16;5007.80;5015.44
2026.02.13 12:40:00;XAUUSD;PERIOD_M5;LIVE;VALID;SELL;4969.30;2026.02.13 14:00:00;4958.40;1090.0;16;WIN;NEXT_SIGNAL;2026.02.13 14:05:00;4958.77;1053.0;17;WIN;REV;YES;;;;6.56;35;4970.94;4971.10;-16.0;-14.0;BEAR;SELL;OFF;0.94;14.61;15.12;16.46;4977.51;4962.74;4956.17;4949.61;4943.04;4936.48
2026.02.13 14:00:00;XAUUSD;PERIOD_M5;LIVE;VALID;BUY;4958.40;2026.02.13 15:25:00;4967.19;879.0;17;WIN;NEXT_SIGNAL;2026.02.13 15:30:00;4967.04;864.0;18;WIN;REV;YES;;;;9.60;36;4950.50;4949.55;95.6;0.0;BEAR;SELL;OFF;0.87;33.08;25.74;13.80;4946.40;4968.00;4977.61;4987.21;4996.81;5006.41
2026.02.13 15:25:00;XAUUSD;PERIOD_M5;LIVE;VALID;SELL;4967.19;2026.02.13 15:30:00;4993.36;-2617.0;1;LOSS;NEXT_SIGNAL;2026.02.13 15:35:00;4993.88;-2669.0;2;LOSS;REV;YES;;;;6.92;41;4967.37;4967.60;-22.2;0.0;BEAR;SELL;OFF;0.97;26.64;10.19;20.55;4975.84;4960.27;4953.35;4946.43;4939.51;4932.59
2026.02.13 15:30:00;XAUUSD;PERIOD_M5;LIVE;VALID;BUY;4993.36;2026.02.13 17:50:00;4986.34;-702.0;28;LOSS;NEXT_SIGNAL;2026.02.13 17:55:00;4986.33;-703.0;29;LOSS;REV;YES;;;;8.83;36;4973.15;4970.25;290.3;26.6;BULL;BUY;OFF;0.97;24.16;20.92;17.81;4982.32;5002.19;5011.02;5019.85;5028.68;5037.51
2026.02.13 17:50:00;XAUUSD;PERIOD_M5;LIVE;VALID;SELL;4986.34;2026.02.13 18:20:00;5009.91;-2357.0;6;LOSS;NEXT_SIGNAL;2026.02.13 18:25:00;5010.27;-2393.0;7;LOSS;REV;YES;;;;12.47;35;4999.18;5000.63;-144.8;-14.0;BULL NOISE;BUY;OFF;0.87;21.74;16.51;21.56;5001.92;4973.87;4961.40;4948.94;4936.47;4924.00
2026.02.13 18:20:00;XAUUSD;PERIOD_M5;LIVE;VALID;BUY;5009.91;2026.02.13 21:50:00;5032.38;2247.0;42;WIN;NEXT_SIGNAL;2026.02.13 21:55:00;5032.35;2244.0;43;WIN;REV;YES;;;;11.54;34;4999.75;4998.89;85.6;14.0;BULL;BUY;OFF;0.87;22.06;29.49;14.27;4995.49;5021.45;5032.99;5044.53;5056.06;5067.60
2026.02.13 21:50:00;XAUUSD;PERIOD_M5;LIVE;VALID;SELL;5032.38;2026.02.13 23:00:00;5033.86;-148.0;14;LOSS;NEXT_SIGNAL;2026.02.13 23:05:00;5034.28;-190.0;15;LOSS;REV;YES;;;;5.38;34;5036.09;5036.40;-31.2;0.0;BULL;BUY;OFF;0.87;39.93;12.31;27.49;5039.11;5027.00;5021.62;5016.24;5010.85;5005.47
2026.02.13 23:00:00;XAUUSD;PERIOD_M5;LIVE;VALID;BUY;5033.86;2026.02.16 01:00:00;5015.35;-1851.0;12;LOSS;NEXT_SIGNAL;2026.02.16 01:05:00;5015.21;-1865.0;13;LOSS;REV;YES;;;;6.31;43;5030.58;5030.21;36.9;0.0;BULL;BUY;OFF;0.90;32.61;14.70;19.18;5025.98;5040.17;5046.47;5052.78;5059.08;5065.39
2026.02.16 01:00:00;XAUUSD;PERIOD_M5;LIVE;VALID;SELL;5015.35;2026.02.16 02:55:00;5015.54;-19.0;23;LOSS;NEXT_SIGNAL;2026.02.16 03:00:00;5015.87;-52.0;24;LOSS;REV;YES;;;;7.02;45;5033.37;5033.76;-39.2;-14.0;BEAR;SELL;OFF;0.77;25.67;22.92;17.58;5024.13;5008.33;5001.30;4994.28;4987.25;4980.23
2026.02.16 02:55:00;XAUUSD;PERIOD_M5;LIVE;VALID;BUY;5015.54;2026.02.16 04:10:00;5021.98;644.0;15;WIN;NEXT_SIGNAL;2026.02.16 04:15:00;5021.99;645.0;16;WIN;REV;YES;;;;6.86;36;5016.13;5016.07;6.2;0.0;BEAR;SELL;OFF;0.89;22.11;24.94;15.51;5006.97;5022.40;5029.26;5036.12;5042.98;5049.84
2026.02.16 04:10:00;XAUUSD;PERIOD_M5;LIVE;VALID;SELL;5021.98;2026.02.16 07:05:00;4983.53;3845.0;35;WIN;NEXT_SIGNAL;2026.02.16 07:10:00;4983.93;3805.0;36;WIN;REV;YES;;;;4.31;36;5025.77;5025.87;-10.7;0.0;BEAR;SELL;OFF;0.90;23.44;19.59;30.36;5027.37;5017.67;5013.36;5009.05;5004.75;5000.44
2026.02.16 07:05:00;XAUUSD;PERIOD_M5;LIVE;VALID;BUY;4983.53;2026.02.16 12:10:00;5007.55;2402.0;61;WIN;NEXT_SIGNAL;2026.02.16 12:15:00;5007.54;2401.0;62;WIN;REV;YES;;;;5.63;36;4979.01;4978.93;8.1;0.0;BEAR NOISE;SELL;OFF;0.92;34.10;23.68;22.23;4976.50;4989.16;4994.78;5000.41;5006.04;5011.67
2026.02.16 12:10:00;XAUUSD;PERIOD_M5;LIVE;VALID;SELL;5007.55;2026.02.16 14:40:00;5004.93;262.0;30;WIN;NEXT_SIGNAL;2026.02.16 14:45:00;5005.25;230.0;31;WIN;REV;YES;;;;3.94;34;5011.62;5011.98;-36.4;0.0;BULL NOISE;BUY;OFF;0.67;22.44;13.17;29.82;5012.48;5003.61;4999.66;4995.72;4991.77;4987.83
2026.02.16 14:40:00;XAUUSD;PERIOD_M5;LIVE;VALID;BUY;5004.93;2026.02.16 14:50:00;5000.18;-475.0;2;LOSS;NEXT_SIGNAL;2026.02.16 14:55:03;5000.20;-473.0;3;LOSS;REV;YES;;;;4.15;34;5002.31;5002.16;15.4;0.0;BULL;BUY;OFF;0.80;31.92;15.57;26.87;4999.75;5009.08;5013.23;5017.37;5021.52;5025.67
2026.02.16 14:50:00;XAUUSD;PERIOD_M5;LIVE;VALID;SELL;5000.18;2026.02.16 15:00:00;5002.39;-221.0;2;LOSS;NEXT_SIGNAL;2026.02.16 15:05:00;5002.76;-258.0;3;LOSS;REV;YES;;;;4.37;34;5001.89;5001.96;-6.7;0.0;BULL;BUY;OFF;0.78;30.80;14.10;29.87;5005.64;4995.82;4991.45;4987.09;4982.72;4978.36
2026.02.16 15:00:00;XAUUSD;PERIOD_M5;LIVE;VALID;BUY;5002.39;2026.02.16 15:10:00;4998.02;-437.0;2;LOSS;NEXT_SIGNAL;2026.02.16 15:15:00;4998.03;-436.0;3;LOSS;REV;YES;;;;4.04;34;5002.01;5001.91;10.1;0.0;BULL;BUY;OFF;0.71;29.00;17.25;22.43;4997.35;5006.43;5010.46;5014.50;5018.53;5022.57
2026.02.16 15:10:00;XAUUSD;PERIOD_M5;LIVE;VALID;SELL;4998.02;2026.02.16 18:25:00;4986.19;1183.0;39;WIN;NEXT_SIGNAL;2026.02.16 18:30:00;4986.52;1150.0;40;WIN;REV;YES;;;;4.20;34;5001.13;5001.47;-34.3;0.0;BULL;BUY;OFF;0.73;28.10;12.96;26.82;5003.28;4993.82;4989.61;4985.41;4981.20;4977.00
2026.02.16 18:25:00;XAUUSD;PERIOD_M5;LIVE;VALID;BUY;4986.19;2026.02.16 20:00:00;4989.20;301.0;19;WIN;NEXT_SIGNAL;2026.02.16 20:05:02;4989.15;296.0;20;WIN;REV;YES;;;;4.66;34;4980.00;4979.07;93.3;14.0;BEAR NOISE;SELL;OFF;0.87;22.85;25.96;12.70;4980.37;4990.85;4995.50;5000.16;5004.82;5009.47
2026.02.16 20:00:00;XAUUSD;PERIOD_M5;LIVE;VALID;SELL;4989.20;2026.02.16 20:10:00;4993.64;-444.0;2;LOSS;NEXT_SIGNAL;2026.02.16 20:15:01;4993.46;-426.0;3;LOSS;REV;YES;;;;2.75;34;4991.39;4991.54;-14.6;0.0;BEAR;SELL;OFF;0.94;27.67;11.27;20.47;4992.63;4986.45;4983.70;4980.96;4978.21;4975.46
2026.02.16 20:10:00;XAUUSD;PERIOD_M5;LIVE;VALID;BUY;4993.64;2026.02.16 21:15:00;4991.60;-204.0;13;LOSS;NEXT_SIGNAL;2026.02.16 21:20:00;4991.66;-198.0;14;LOSS;REV;YES;;;;2.64;34;4991.89;4991.88;1.6;0.0;BEAR;SELL;OFF;0.89;24.66;17.51;15.37;4990.34;4996.28;4998.92;5001.56;5004.20;5006.84
2026.02.16 21:15:00;XAUUSD;PERIOD_M5;LIVE;VALID;SELL;4991.60;2026.02.17 01:00:00;4997.89;-629.0;4;LOSS;NEXT_SIGNAL;2026.02.17 01:05:00;4998.59;-699.0;5;LOSS;REV;YES;;;;2.83;34;4993.55;4993.85;-30.2;0.0;BEAR;SELL;OFF;0.81;19.08;12.09;17.50;4995.14;4988.77;4985.94;4983.11;4980.27;4977.44
2026.02.17 01:00:00;XAUUSD;PERIOD_M5;LIVE;VALID;BUY;4997.89;2026.02.17 01:10:00;4990.90;-699.0;2;LOSS;NEXT_SIGNAL;2026.02.17 01:15:00;4990.88;-701.0;3;LOSS;REV;YES;;;;3.00;45;4994.27;4994.11;16.4;0.0;BEAR NOISE;SELL;OFF;0.95;20.16;23.72;9.87;4994.14;5000.89;5003.89;5006.89;5009.89;5012.89
2026.02.17 01:10:00;XAUUSD;PERIOD_M5;LIVE;VALID;SELL;4990.90;2026.02.17 01:25:00;4994.23;-333.0;3;LOSS;NEXT_SIGNAL;2026.02.17 01:30:00;4994.69;-379.0;4;LOSS;REV;YES;;;;3.67;45;4994.12;4994.17;-4.9;0.0;BEAR;SELL;OFF;0.94;20.03;17.82;17.49;4995.49;4987.23;4983.55;4979.88;4976.20;4972.53
2026.02.17 01:25:00;XAUUSD;PERIOD_M5;LIVE;VALID;BUY;4994.23;2026.02.17 01:30:00;4991.19;-304.0;1;LOSS;NEXT_SIGNAL;2026.02.17 01:35:00;4991.20;-303.0;2;LOSS;REV;YES;;;;4.92;35;4994.04;4994.01;2.4;0.0;BEAR;SELL;OFF;0.92;18.87;20.03;13.06;4988.09;4999.15;5004.06;5008.98;5013.89;5018.81
2026.02.17 01:30:00;XAUUSD;PERIOD_M5;LIVE;VALID;SELL;4991.19;2026.02.17 03:40:00;4963.33;2786.0;26;WIN;NEXT_SIGNAL;2026.02.17 03:45:00;4963.70;2749.0;27;WIN;REV;YES;;;;5.13;34;4993.40;4993.73;-32.8;0.0;BEAR;SELL;OFF;0.91;17.30;17.36;20.00;4997.61;4986.06;4980.92;4975.79;4970.65;4965.52
2026.02.17 03:40:00;XAUUSD;PERIOD_M5;LIVE;VALID;BUY;4963.33;2026.02.17 05:10:00;4961.44;-189.0;18;LOSS;NEXT_SIGNAL;2026.02.17 05:15:00;4961.38;-195.0;19;LOSS;REV;YES;;;;9.65;36;4956.76;4956.52;24.2;14.0;BEAR;SELL;OFF;0.83;35.52;26.45;15.69;4951.27;4972.98;4982.62;4992.27;5001.92;5011.56
2026.02.17 05:10:00;XAUUSD;PERIOD_M5;LIVE;VALID;SELL;4961.44;2026.02.17 06:25:00;4959.55;189.0;15;WIN;NEXT_SIGNAL;2026.02.17 06:30:00;4959.92;152.0;16;WIN;REV;YES;;;;4.70;36;4963.07;4963.29;-22.2;0.0;BEAR;SELL;OFF;0.88;15.53;18.54;19.15;4967.32;4956.74;4952.03;4947.33;4942.63;4937.93
2026.02.17 06:25:00;XAUUSD;PERIOD_M5;LIVE;VALID;BUY;4959.55;2026.02.17 06:40:00;4952.06;-749.0;3;LOSS;NEXT_SIGNAL;2026.02.17 06:45:00;4952.04;-751.0;4;LOSS;REV;YES;;;;4.73;34;4955.52;4955.40;11.7;0.0;BEAR NOISE;SELL;OFF;0.89;19.98;34.35;19.93;4953.64;4964.28;4969.00;4973.73;4978.45;4983.18
2026.02.17 06:40:00;XAUUSD;PERIOD_M5;LIVE;VALID;SELL;4952.06;2026.02.17 08:30:00;4904.22;4784.0;22;WIN;NEXT_SIGNAL;2026.02.17 08:35:01;4904.55;4751.0;23;WIN;REV;YES;;;;4.65;34;4954.28;4954.49;-20.5;0.0;BEAR;SELL;OFF;0.86;15.34;23.76;25.61;4957.87;4947.41;4942.76;4938.11;4933.47;4928.82
2026.02.17 08:30:00;XAUUSD;PERIOD_M5;LIVE;VALID;BUY;4904.22;2026.02.17 11:15:00;4919.66;1544.0;33;WIN;NEXT_SIGNAL;2026.02.17 11:20:00;4919.62;1540.0;34;WIN;REV;YES;;;;12.25;36;4896.66;4895.21;145.5;0.0;BEAR;SELL;OFF;0.78;23.38;22.45;20.54;4888.91;4916.47;4928.72;4940.97;4953.21;4965.46
2026.02.17 11:15:00;XAUUSD;PERIOD_M5;LIVE;VALID;SELL;4919.66;2026.02.17 11:50:00;4927.51;-785.0;7;LOSS;NEXT_SIGNAL;2026.02.17 11:55:00;4927.79;-813.0;8;LOSS;REV;YES;;;;6.13;34;4921.81;4921.88;-7.0;0.0;BEAR;SELL;OFF;0.70;18.51;15.05;14.66;4927.32;4913.53;4907.41;4901.28;4895.15;4889.03
2026.02.17 11:50:00;XAUUSD;PERIOD_M5;LIVE;VALID;BUY;4927.51;2026.02.17 12:45:00;4916.25;-1126.0;11;LOSS;NEXT_SIGNAL;2026.02.17 12:50:00;4916.19;-1132.0;12;LOSS;REV;YES;;;;6.03;34;4921.93;4921.54;39.8;14.0;BEAR;SELL;OFF;0.88;14.05;21.56;19.63;4919.97;4933.54;4939.57;4945.61;4951.64;4957.67
2026.02.17 12:45:00;XAUUSD;PERIOD_M5;LIVE;VALID;SELL;4916.25;2026.02.17 13:20:00;4927.52;-1127.0;7;LOSS;NEXT_SIGNAL;2026.02.17 13:25:00;4927.83;-1158.0;8;LOSS;REV;YES;;;;6.43;34;4924.20;4925.61;-141.0;-14.0;BEAR;SELL;OFF;0.78;27.96;9.91;32.45;4924.29;4909.82;4903.39;4896.96;4890.53;4884.10
2026.02.17 13:20:00;XAUUSD;PERIOD_M5;LIVE;VALID;BUY;4927.52;2026.02.17 15:00:00;4927.55;3.0;20;WIN;NEXT_SIGNAL;2026.02.17 15:05:00;4927.53;1.0;21;WIN;REV;YES;;;;5.96;34;4923.75;4923.61;14.3;14.0;BEAR;SELL;OFF;0.87;27.80;31.61;16.21;4920.07;4933.48;4939.44;4945.39;4951.35;4957.31
2026.02.17 15:00:00;XAUUSD;PERIOD_M5;LIVE;VALID;SELL;4927.55;2026.02.17 17:55:00;4878.57;4898.0;35;WIN;NEXT_SIGNAL;2026.02.17 18:00:00;4878.86;4869.0;36;WIN;REV;YES;;;;6.04;34;4933.36;4934.43;-106.1;0.0;BEAR;SELL;OFF;0.92;28.71;9.84;28.32;4935.11;4921.51;4915.46;4909.42;4903.37;4897.33
2026.02.17 17:55:00;XAUUSD;PERIOD_M5;LIVE;VALID;BUY;4878.57;2026.02.17 18:55:00;4869.15;-942.0;12;LOSS;NEXT_SIGNAL;2026.02.17 19:00:00;4869.16;-941.0;13;LOSS;REV;YES;;;;14.63;34;4868.84;4867.65;119.2;14.0;BEAR;SELL;OFF;0.93;23.66;23.95;19.14;4860.28;4893.20;4907.83;4922.46;4937.08;4951.71
2026.02.17 18:55:00;XAUUSD;PERIOD_M5;LIVE;VALID;SELL;4869.15;2026.02.17 20:10:00;4866.94;221.0;15;WIN;NEXT_SIGNAL;2026.02.17 20:15:00;4867.31;184.0;16;WIN;REV;YES;;;;9.97;34;4876.37;4877.39;-102.7;-14.0;BEAR;SELL;OFF;0.78;17.75;12.22;17.18;4881.61;4859.18;4849.21;4839.24;4829.27;4819.30
2026.02.17 20:10:00;XAUUSD;PERIOD_M5;LIVE;VALID;BUY;4866.94;2026.02.17 21:30:00;4880.83;1389.0;16;WIN;NEXT_SIGNAL;2026.02.17 21:35:00;4880.79;1385.0;17;WIN;REV;YES;;;;8.20;34;4864.84;4864.28;56.2;0.0;BEAR;SELL;OFF;0.92;21.44;11.93;12.74;4856.69;4875.14;4883.34;4891.55;4899.75;4907.95
2026.02.17 21:30:00;XAUUSD;PERIOD_M5;LIVE;VALID;SELL;4880.83;2026.02.17 22:50:00;4882.55;-172.0;16;LOSS;NEXT_SIGNAL;2026.02.17 22:55:00;4882.83;-200.0;17;LOSS;REV;YES;;;;8.17;34;4887.95;4888.93;-98.0;0.0;BEAR;SELL;OFF;0.81;35.98;15.17;28.86;4891.04;4872.66;4864.49;4856.32;4848.14;4839.97
2026.02.17 22:50:00;XAUUSD;PERIOD_M5;LIVE;VALID;BUY;4882.55;2026.02.17 22:55:00;4877.92;-463.0;1;LOSS;NEXT_SIGNAL;2026.02.17 23:00:00;4877.90;-465.0;2;LOSS;REV;YES;;;;4.67;34;4879.54;4879.49;4.9;0.0;BEAR;SELL;OFF;0.82;26.22;19.40;11.37;4876.71;4887.23;4891.90;4896.57;4901.25;4905.92
2026.02.17 22:55:00;XAUUSD;PERIOD_M5;LIVE;VALID;SELL;4877.92;2026.02.17 23:00:00;4883.19;-527.0;1;LOSS;NEXT_SIGNAL;2026.02.17 23:05:01;4883.64;-572.0;2;LOSS;REV;YES;;;;4.95;34;4879.18;4879.18;-0.3;-14.0;BEAR;SELL;OFF;0.82;23.08;16.82;15.94;4884.10;4872.97;4868.03;4863.08;4858.13;4853.19
2026.02.17 23:00:00;XAUUSD;PERIOD_M5;LIVE;VALID;BUY;4883.19;2026.02.17 23:45:00;4877.67;-552.0;9;LOSS;NEXT_SIGNAL;2026.02.17 23:50:00;4877.78;-541.0;10;LOSS;REV;YES;;;;5.29;40;4880.07;4879.43;63.6;14.0;BEAR;SELL;OFF;0.79;20.21;14.57;15.03;4876.57;4888.48;4893.78;4899.07;4904.37;4909.66
2026.02.17 23:45:00;XAUUSD;PERIOD_M5;LIVE;VALID;SELL;4877.67;2026.02.18 02:30:00;4875.22;245.0;21;WIN;NEXT_SIGNAL;2026.02.18 02:35:01;4875.59;208.0;22;WIN;REV;YES;;;;4.79;40;4879.47;4879.72;-25.2;0.0;BEAR;SELL;OFF;0.89;15.51;10.25;14.58;4883.66;4872.88;4868.08;4863.29;4858.49;4853.70
2026.02.18 02:30:00;XAUUSD;PERIOD_M5;LIVE;VALID;BUY;4875.22;2026.02.18 08:00:00;4932.00;5678.0;66;WIN;NEXT_SIGNAL;2026.02.18 08:05:00;4932.02;5680.0;67;WIN;REV;YES;;;;9.52;36;4869.12;4868.26;85.3;0.0;BEAR;SELL;OFF;0.99;15.15;20.32;11.47;4863.32;4884.74;4894.26;4903.78;4913.30;4922.82
2026.02.18 08:00:00;XAUUSD;PERIOD_M5;LIVE;VALID;SELL;4932.00;2026.02.18 08:50:00;4934.88;-288.0;10;LOSS;NEXT_SIGNAL;2026.02.18 08:55:00;4935.26;-326.0;11;LOSS;REV;YES;;;;3.82;36;4934.45;4934.84;-39.3;0.0;BEAR;SELL;OFF;0.80;34.49;25.20;25.94;4936.77;4928.18;4924.37;4920.55;4916.74;4912.92
2026.02.18 08:50:00;XAUUSD;PERIOD_M5;LIVE;VALID;BUY;4934.88;2026.02.18 09:50:00;4930.15;-473.0;12;LOSS;NEXT_SIGNAL;2026.02.18 09:55:01;4930.17;-471.0;13;LOSS;REV;YES;;;;3.92;34;4931.98;4931.64;33.9;0.0;BEAR;SELL;OFF;0.77;22.66;27.69;13.86;4929.98;4938.80;4942.72;4946.65;4950.57;4954.49
2026.02.18 09:50:00;XAUUSD;PERIOD_M5;LIVE;VALID;SELL;4930.15;2026.02.18 11:50:00;4920.63;952.0;24;WIN;NEXT_SIGNAL;2026.02.18 11:55:01;4920.95;920.0;25;WIN;REV;YES;;;;4.56;34;4934.02;4934.54;-52.3;-14.0;BEAR;SELL;OFF;0.89;23.54;13.99;29.76;4935.85;4925.59;4921.02;4916.46;4911.90;4907.34
2026.02.18 11:50:00;XAUUSD;PERIOD_M5;LIVE;VALID;BUY;4920.63;2026.02.18 11:55:00;4917.27;-336.0;1;LOSS;NEXT_SIGNAL;2026.02.18 12:00:00;4917.26;-337.0;2;LOSS;REV;YES;;;;4.53;34;4919.54;4919.45;9.0;0.0;BEAR;SELL;OFF;0.83;42.79;12.26;20.89;4914.97;4925.16;4929.69;4934.22;4938.76;4943.29
2026.02.18 11:55:00;XAUUSD;PERIOD_M5;LIVE;VALID;SELL;4917.27;2026.02.18 12:00:00;4921.71;-444.0;1;LOSS;NEXT_SIGNAL;2026.02.18 12:05:00;4922.01;-474.0;2;LOSS;REV;YES;;;;4.68;34;4919.04;4919.13;-9.2;-14.0;BEAR;SELL;OFF;0.83;41.02;10.63;19.54;4923.12;4912.59;4907.91;4903.24;4898.56;4893.88
2026.02.18 12:00:00;XAUUSD;PERIOD_M5;LIVE;VALID;BUY;4921.71;2026.02.18 12:35:00;4914.09;-762.0;7;LOSS;NEXT_SIGNAL;2026.02.18 12:40:00;4914.16;-755.0;8;LOSS;REV;YES;;;;4.81;34;4919.63;4919.27;35.9;0.0;BEAR;SELL;OFF;0.85;39.26;9.56;16.93;4915.70;4926.52;4931.33;4936.14;4940.96;4945.77
2026.02.18 12:35:00;XAUUSD;PERIOD_M5;LIVE;VALID;SELL;4914.09;2026.02.18 14:00:00;4918.89;-480.0;17;LOSS;NEXT_SIGNAL;2026.02.18 14:05:00;4919.21;-512.0;18;LOSS;REV;YES;;;;4.77;34;4918.65;4919.33;-67.7;0.0;BEAR;SELL;OFF;0.92;26.21;10.95;29.27;4920.05;4909.32;4904.55;4899.78;4895.02;4890.25
2026.02.18 14:00:00;XAUUSD;PERIOD_M5;LIVE;VALID;BUY;4918.89;2026.02.18 18:05:00;4999.13;8024.0;49;WIN;NEXT_SIGNAL;2026.02.18 18:10:00;4999.14;8025.0;50;WIN;REV;YES;;;;3.85;34;4914.91;4914.51;39.9;14.0;BEAR NOISE;SELL;OFF;0.77;22.98;20.42;21.95;4914.08;4922.74;4926.59;4930.44;4934.29;4938.14
2026.02.18 18:05:00;XAUUSD;PERIOD_M5;LIVE;VALID;SELL;4999.13;2026.02.18 18:40:00;5005.53;-640.0;7;LOSS;NEXT_SIGNAL;2026.02.18 18:45:00;5005.89;-676.0;8;LOSS;REV;YES;;;;6.76;34;4999.35;4999.37;-1.4;14.0;BULL;BUY;OFF;0.88;33.87;16.21;12.56;5007.58;4992.37;4985.61;4978.85;4972.09;4965.33
2026.02.18 18:40:00;XAUUSD;PERIOD_M5;LIVE;VALID;BUY;5005.53;2026.02.18 19:15:00;4998.26;-727.0;7;LOSS;NEXT_SIGNAL;2026.02.18 19:20:14;4998.31;-722.0;8;LOSS;REV;YES;;;;4.98;34;5000.40;4999.81;58.4;0.0;BULL;BUY;OFF;0.85;26.71;24.74;14.17;4999.30;5010.51;5015.50;5020.48;5025.47;5030.45
2026.02.18 19:15:00;XAUUSD;PERIOD_M5;LIVE;VALID;SELL;4998.26;2026.02.18 20:00:00;5001.93;-367.0;9;LOSS;NEXT_SIGNAL;2026.02.18 20:05:00;5002.28;-402.0;10;LOSS;REV;YES;;;;4.72;34;4999.90;5000.10;-20.6;-14.0;BULL;BUY;OFF;0.77;24.14;14.56;23.93;5004.16;4993.54;4988.82;4984.10;4979.37;4974.65
2026.02.18 20:00:00;XAUUSD;PERIOD_M5;LIVE;VALID;BUY;5001.93;2026.02.18 20:15:00;4994.41;-752.0;3;LOSS;NEXT_SIGNAL;2026.02.18 20:20:00;4994.42;-751.0;4;LOSS;REV;YES;;;;3.72;34;4999.14;4999.08;5.8;14.0;BULL;BUY;OFF;0.80;22.37;22.91;12.13;4997.28;5005.65;5009.38;5013.10;5016.82;5020.55
2026.02.18 20:15:00;XAUUSD;PERIOD_M5;LIVE;VALID;SELL;4994.41;2026.02.18 21:20:00;4993.37;104.0;13;WIN;NEXT_SIGNAL;2026.02.18 21:25:00;4993.74;67.0;14;WIN;REV;YES;;;;3.71;34;4998.12;4998.50;-38.4;0.0;BULL NOISE;BUY;OFF;0.86;21.19;16.14;25.35;4999.05;4990.69;4986.98;4983.27;4979.55;4975.84
2026.02.18 21:20:00;XAUUSD;PERIOD_M5;LIVE;VALID;BUY;4993.37;2026.02.18 21:25:00;4978.64;-1473.0;1;LOSS;NEXT_SIGNAL;2026.02.18 21:30:00;4978.68;-1469.0;2;LOSS;REV;YES;;;;5.77;34;4991.26;4990.76;50.3;0.0;BULL;BUY;OFF;0.90;28.67;17.57;8.92;4986.16;4999.14;5004.91;5010.68;5016.45;5022.22
2026.02.18 21:25:00;XAUUSD;PERIOD_M5;LIVE;VALID;SELL;4978.64;2026.02.18 22:40:00;4985.40;-676.0;15;LOSS;NEXT_SIGNAL;2026.02.18 22:45:00;4985.75;-711.0;16;LOSS;REV;YES;;;;6.94;34;4988.46;4989.43;-97.1;-14.0;BULL NOISE;BUY;OFF;0.90;26.38;15.23;19.19;4987.32;4971.70;4964.75;4957.81;4950.87;4943.92
2026.02.18 22:40:00;XAUUSD;PERIOD_M5;LIVE;VALID;BUY;4985.40;2026.02.18 23:30:00;4980.28;-512.0;10;LOSS;NEXT_SIGNAL;2026.02.18 23:35:00;4980.26;-514.0;11;LOSS;REV;YES;;;;4.56;34;4981.94;4981.61;32.5;0.0;BULL;BUY;OFF;0.95;23.23;23.14;6.63;4979.70;4989.96;4994.51;4999.07;5003.63;5008.19
2026.02.18 23:30:00;XAUUSD;PERIOD_M5;LIVE;VALID;SELL;4980.28;2026.02.19 01:30:00;4981.69;-141.0;12;LOSS;NEXT_SIGNAL;2026.02.19 01:35:03;4982.11;-183.0;13;LOSS;REV;YES;;;;3.49;45;4982.07;4982.27;-19.7;0.0;BULL;BUY;OFF;0.97;23.22;10.57;26.16;4984.64;4976.79;4973.30;4969.81;4966.32;4962.83
2026.02.19 01:30:00;XAUUSD;PERIOD_M5;LIVE;VALID;BUY;4981.69;2026.02.19 01:55:00;4975.96;-573.0;5;LOSS;NEXT_SIGNAL;2026.02.19 02:00:00;4975.93;-576.0;6;LOSS;REV;YES;;;;6.01;36;4979.64;4979.23;41.0;0.0;BULL;BUY;OFF;0.91;33.23;25.31;14.40;4974.17;4987.70;4993.71;4999.73;5005.74;5011.75
2026.02.19 01:55:00;XAUUSD;PERIOD_M5;LIVE;VALID;SELL;4975.96;2026.02.19 03:35:00;4968.21;775.0;20;WIN;NEXT_SIGNAL;2026.02.19 03:40:00;4968.59;737.0;21;WIN;REV;YES;;;;7.18;36;4978.41;4978.73;-31.9;0.0;BULL;BUY;OFF;0.82;26.90;12.37;26.66;4984.93;4968.78;4961.61;4954.43;4947.25;4940.07
2026.02.19 03:35:00;XAUUSD;PERIOD_M5;LIVE;VALID;BUY;4968.21;2026.02.19 04:55:00;4968.13;-8.0;16;LOSS;NEXT_SIGNAL;2026.02.19 05:00:00;4968.16;-5.0;17;LOSS;REV;YES;;;;4.44;36;4965.47;4965.30;16.6;14.0;BEAR;SELL;OFF;0.78;15.79;28.32;17.83;4962.66;4972.65;4977.09;4981.53;4985.96;4990.40
2026.02.19 04:55:00;XAUUSD;PERIOD_M5;LIVE;VALID;SELL;4968.13;2026.02.19 05:30:00;4976.70;-857.0;7;LOSS;NEXT_SIGNAL;2026.02.19 05:35:00;4977.00;-887.0;8;LOSS;REV;YES;;;;4.16;36;4971.00;4971.50;-50.0;0.0;BEAR;SELL;OFF;0.88;23.84;16.31;13.73;4973.33;4963.97;4959.80;4955.64;4951.48;4947.32
2026.02.19 05:30:00;XAUUSD;PERIOD_M5;LIVE;VALID;BUY;4976.70;2026.02.19 09:55:00;5010.31;3361.0;53;WIN;NEXT_SIGNAL;2026.02.19 10:00:00;5010.29;3359.0;54;WIN;REV;YES;;;;3.77;36;4971.23;4970.86;36.6;0.0;BEAR NOISE;SELL;OFF;0.82;19.06;24.20;10.53;4971.99;4980.47;4984.24;4988.01;4991.78;4995.55
2026.02.19 09:55:00;XAUUSD;PERIOD_M5;LIVE;VALID;SELL;5010.31;2026.02.19 10:40:00;5019.84;-953.0;9;LOSS;NEXT_SIGNAL;2026.02.19 10:45:00;5020.17;-986.0;10;LOSS;REV;YES;;;;3.52;34;5014.76;5015.72;-95.9;-14.0;BULL NOISE;BUY;OFF;0.73;39.46;18.52;30.86;5014.71;5006.79;5003.27;4999.74;4996.22;4992.70
2026.02.19 10:40:00;XAUUSD;PERIOD_M5;LIVE;VALID;BUY;5019.84;2026.02.19 11:20:00;5010.52;-932.0;8;LOSS;NEXT_SIGNAL;2026.02.19 11:25:00;5010.55;-929.0;9;LOSS;REV;YES;;;;3.81;34;5014.98;5014.29;69.1;14.0;BULL;BUY;OFF;0.85;22.43;22.11;16.37;5015.08;5023.65;5027.46;5031.27;5035.07;5038.88
2026.02.19 11:20:00;XAUUSD;PERIOD_M5;LIVE;VALID;SELL;5010.52;2026.02.19 13:05:00;4994.19;1633.0;21;WIN;NEXT_SIGNAL;2026.02.19 13:10:00;4994.54;1598.0;22;WIN;REV;YES;;;;4.13;34;5015.35;5015.52;-16.9;-14.0;BULL NOISE;BUY;OFF;0.87;17.73;17.73;26.62;5015.69;5006.39;5002.26;4998.12;4993.99;4989.86
2026.02.19 13:05:00;XAUUSD;PERIOD_M5;LIVE;VALID;BUY;4994.19;2026.02.19 13:15:00;4987.18;-701.0;2;LOSS;NEXT_SIGNAL;2026.02.19 13:20:00;4987.16;-703.0;3;LOSS;REV;YES;;;;5.52;34;4992.19;4992.09;9.7;0.0;BEAR;SELL;OFF;0.81;32.61;14.90;15.96;4987.29;4999.71;5005.22;5010.74;5016.26;5021.77
2026.02.19 13:15:00;XAUUSD;PERIOD_M5;LIVE;VALID;SELL;4987.18;2026.02.19 14:25:00;4992.04;-486.0;14;LOSS;NEXT_SIGNAL;2026.02.19 14:30:00;4992.55;-537.0;15;LOSS;REV;YES;;;;5.88;34;4991.18;4991.39;-20.3;-14.0;BEAR;SELL;OFF;0.77;28.74;16.36;23.78;4994.54;4981.30;4975.41;4969.53;4963.64;4957.76
2026.02.19 14:25:00;XAUUSD;PERIOD_M5;LIVE;VALID;BUY;4992.04;2026.02.19 14:45:00;4981.81;-1023.0;4;LOSS;NEXT_SIGNAL;2026.02.19 14:50:00;4981.69;-1035.0;5;LOSS;REV;YES;;;;4.98;34;4987.17;4986.44;73.5;0.0;BEAR;SELL;OFF;0.89;33.81;16.27;14.17;4985.82;4997.02;5001.99;5006.97;5011.95;5016.93
2026.02.19 14:45:00;XAUUSD;PERIOD_M5;LIVE;VALID;SELL;4981.81;2026.02.19 15:35:00;4994.58;-1277.0;10;LOSS;NEXT_SIGNAL;2026.02.19 15:40:00;4994.88;-1307.0;11;LOSS;REV;YES;;;;5.32;34;4985.63;4985.79;-16.0;-14.0;BEAR;SELL;OFF;0.90;29.12;10.39;21.14;4988.46;4976.49;4971.17;4965.85;4960.52;4955.20
2026.02.19 15:35:00;XAUUSD;PERIOD_M5;LIVE;VALID;BUY;4994.58;2026.02.19 16:10:00;4972.70;-2188.0;7;LOSS;NEXT_SIGNAL;2026.02.19 16:15:00;4972.57;-2201.0;8;LOSS;REV;YES;;;;6.39;34;4986.95;4985.67;127.6;0.0;BEAR NOISE;SELL;OFF;0.90;34.83;14.69;19.69;4986.59;5000.97;5007.36;5013.75;5020.13;5026.52
2026.02.19 16:10:00;XAUUSD;PERIOD_M5;LIVE;VALID;SELL;4972.70;2026.02.19 16:45:00;4999.73;-2703.0;7;LOSS;NEXT_SIGNAL;2026.02.19 16:50:00;5000.03;-2733.0;8;LOSS;REV;YES;;;;6.90;34;4984.66;4986.52;-186.0;-26.6;BEAR;SELL;OFF;0.87;25.86;14.60;36.29;4981.33;4965.80;4958.90;4952.00;4945.09;4938.19
2026.02.19 16:45:00;XAUUSD;PERIOD_M5;LIVE;VALID;BUY;4999.73;2026.02.19 18:10:00;5005.41;568.0;17;WIN;NEXT_SIGNAL;2026.02.19 18:15:00;5005.40;567.0;18;WIN;REV;YES;;;;8.35;36;4987.12;4985.59;152.6;14.0;BEAR NOISE;SELL;OFF;0.86;24.61;25.08;20.99;4989.29;5008.08;5016.44;5024.79;5033.14;5041.50
2026.02.19 18:10:00;XAUUSD;PERIOD_M5;LIVE;VALID;SELL;5005.41;2026.02.19 21:05:00;4988.01;1740.0;35;WIN;NEXT_SIGNAL;2026.02.19 21:10:00;4988.33;1708.0;36;WIN;REV;YES;;;;7.38;34;5009.80;5009.84;-4.1;0.0;BEAR;SELL;OFF;0.85;23.65;10.50;23.04;5014.63;4998.03;4990.65;4983.28;4975.90;4968.52
2026.02.19 21:05:00;XAUUSD;PERIOD_M5;LIVE;VALID;BUY;4988.01;2026.02.19 23:30:00;4995.43;742.0;29;WIN;NEXT_SIGNAL;2026.02.19 23:35:00;4995.42;741.0;30;WIN;REV;YES;;;;5.56;34;4983.42;4982.99;43.2;0.0;BEAR;SELL;OFF;0.86;42.59;23.92;15.42;4981.06;4993.57;4999.13;5004.69;5010.25;5015.81
2026.02.19 23:30:00;XAUUSD;PERIOD_M5;LIVE;VALID;SELL;4995.43;2026.02.20 01:05:00;5004.87;-944.0;7;LOSS;NEXT_SIGNAL;2026.02.20 01:10:00;5004.70;-927.0;8;LOSS;REV;YES;;;;3.50;40;4997.40;4997.90;-50.0;0.0;BEAR;SELL;OFF;0.95;42.75;15.98;12.45;4999.81;4991.93;4988.42;4984.92;4981.42;4977.92
2026.02.20 01:05:00;XAUUSD;PERIOD_M5;LIVE;VALID;BUY;5004.87;2026.02.20 01:40:00;4996.31;-856.0;7;LOSS;NEXT_SIGNAL;2026.02.20 01:45:00;4996.27;-860.0;8;LOSS;REV;YES;;;;4.54;45;4999.53;4998.78;75.0;14.0;BEAR NOISE;SELL;OFF;0.79;38.20;29.99;11.43;4999.19;5009.41;5013.95;5018.50;5023.04;5027.58
2026.02.20 01:40:00;XAUUSD;PERIOD_M5;LIVE;VALID;SELL;4996.31;2026.02.20 02:50:00;5000.92;-461.0;14;LOSS;NEXT_SIGNAL;2026.02.20 02:55:00;5001.29;-498.0;15;LOSS;REV;YES;;;;5.22;35;4998.50;4998.67;-16.4;0.0;BEAR;SELL;OFF;0.79;21.11;21.94;22.69;5002.83;4991.09;4985.88;4980.66;4975.44;4970.23
2026.02.20 02:50:00;XAUUSD;PERIOD_M5;LIVE;VALID;BUY;5000.92;2026.02.20 03:40:00;4997.58;-334.0;10;LOSS;NEXT_SIGNAL;2026.02.20 03:45:02;4997.55;-337.0;11;LOSS;REV;YES;;;;5.20;36;4995.09;4994.06;103.0;14.0;BEAR;SELL;OFF;0.65;22.13;30.27;16.39;4994.42;5006.12;5011.33;5016.53;5021.73;5026.94
2026.02.20 03:40:00;XAUUSD;PERIOD_M5;LIVE;VALID;SELL;4997.58;2026.02.20 06:30:00;4995.42;216.0;34;WIN;NEXT_SIGNAL;2026.02.20 06:35:00;4995.79;179.0;35;WIN;REV;YES;;;;5.78;34;5000.62;5001.15;-52.9;0.0;BEAR;SELL;OFF;0.80;24.24;16.67;22.47;5004.81;4991.80;4986.01;4980.23;4974.45;4968.66
2026.02.20 06:30:00;XAUUSD;PERIOD_M5;LIVE;VALID;BUY;4995.42;2026.02.20 09:20:00;5012.00;1658.0;34;WIN;NEXT_SIGNAL;2026.02.20 09:25:00;5012.01;1659.0;35;WIN;REV;YES;;;;4.87;36;4993.14;4992.89;25.4;0.0;BEAR;SELL;OFF;0.85;22.64;23.75;15.27;4989.33;5000.29;5005.16;5010.03;5014.89;5019.76
2026.02.20 09:20:00;XAUUSD;PERIOD_M5;LIVE;VALID;SELL;5012.00;2026.02.20 10:25:00;5018.26;-626.0;13;LOSS;NEXT_SIGNAL;2026.02.20 10:30:00;5018.85;-685.0;14;LOSS;REV;YES;;;;5.16;34;5020.15;5021.39;-124.1;-14.0;BEAR;SELL;OFF;0.86;36.22;25.27;31.87;5018.45;5006.84;5001.69;4996.53;4991.37;4986.22
2026.02.20 10:25:00;XAUUSD;PERIOD_M5;LIVE;VALID;BUY;5018.26;2026.02.20 11:55:00;5027.60;934.0;18;WIN;NEXT_SIGNAL;2026.02.20 12:00:00;5027.61;935.0;19;WIN;REV;YES;;;;5.69;44;5014.38;5014.36;1.6;0.0;BEAR;SELL;OFF;0.79;23.77;28.86;14.72;5011.15;5023.95;5029.64;5035.33;5041.02;5046.71
2026.02.20 11:55:00;XAUUSD;PERIOD_M5;LIVE;VALID;SELL;5027.60;2026.02.20 12:40:00;5033.74;-614.0;9;LOSS;NEXT_SIGNAL;2026.02.20 12:45:00;5034.05;-645.0;10;LOSS;REV;YES;;;;4.80;34;5031.73;5032.48;-74.4;0.0;BEAR;SELL;OFF;0.74;33.61;15.01;21.25;5033.60;5022.80;5018.00;5013.20;5008.40;5003.60
2026.02.20 12:40:00;XAUUSD;PERIOD_M5;LIVE;VALID;BUY;5033.74;2026.02.20 13:25:00;5028.71;-503.0;9;LOSS;NEXT_SIGNAL;2026.02.20 13:30:00;5028.79;-495.0;10;LOSS;REV;YES;;;;4.52;34;5030.80;5030.28;51.8;14.0;BEAR NOISE;SELL;OFF;0.82;25.55;28.91;27.49;5028.10;5038.26;5042.77;5047.29;5051.80;5056.32
2026.02.20 13:25:00;XAUUSD;PERIOD_M5;LIVE;VALID;SELL;5028.71;2026.02.20 14:50:00;5022.52;619.0;17;WIN;NEXT_SIGNAL;2026.02.20 14:55:00;5022.81;590.0;18;WIN;REV;YES;;;;4.44;34;5030.74;5030.97;-22.3;0.0;BULL;BUY;OFF;0.79;25.60;11.34;33.60;5034.26;5024.27;5019.83;5015.39;5010.95;5006.51
2026.02.20 14:50:00;XAUUSD;PERIOD_M5;LIVE;VALID;BUY;5022.52;2026.02.20 17:05:00;5022.14;-38.0;27;LOSS;NEXT_SIGNAL;2026.02.20 17:10:00;5022.26;-26.0;28;LOSS;REV;YES;;;;6.30;34;5021.73;5021.42;30.4;0.0;BULL;BUY;OFF;0.83;32.89;11.03;17.06;5014.64;5028.83;5035.13;5041.44;5047.74;5054.05
2026.02.20 17:05:00;XAUUSD;PERIOD_M5;LIVE;VALID;SELL;5022.14;2026.02.20 17:45:00;5047.10;-2496.0;8;LOSS;NEXT_SIGNAL;2026.02.20 17:50:00;5047.43;-2529.0;9;LOSS;REV;YES;;;;12.99;34;5040.66;5043.61;-294.9;-36.9;BEAR;SELL;OFF;0.86;22.43;15.40;27.39;5038.38;5009.15;4996.16;4983.17;4970.18;4957.19
2026.02.20 17:45:00;XAUUSD;PERIOD_M5;LIVE;VALID;BUY;5047.10;2026.02.20 20:25:00;5058.41;1131.0;32;WIN;NEXT_SIGNAL;2026.02.20 20:30:00;5058.35;1125.0;33;WIN;REV;YES;;;;18.29;34;5037.51;5037.42;9.1;14.0;BEAR NOISE;SELL;OFF;0.78;18.58;30.97;14.54;5024.23;5065.39;5083.69;5101.98;5120.27;5138.56
2026.02.20 20:25:00;XAUUSD;PERIOD_M5;LIVE;VALID;SELL;5058.41;2026.02.20 20:45:00;5072.59;-1418.0;4;LOSS;NEXT_SIGNAL;2026.02.20 20:50:00;5072.92;-1451.0;5;LOSS;REV;YES;;;;6.16;34;5066.80;5067.74;-94.4;-14.0;BEAR;SELL;OFF;0.92;27.87;12.07;28.78;5066.11;5052.25;5046.09;5039.93;5033.76;5027.60
2026.02.20 20:45:00;XAUUSD;PERIOD_M5;LIVE;VALID;BUY;5072.59;2026.02.23 02:15:00;5131.28;5869.0;54;WIN;NEXT_SIGNAL;2026.02.23 02:20:02;5131.26;5867.0;55;WIN;REV;YES;;;;7.40;34;5068.52;5068.39;13.8;0.0;BEAR NOISE;SELL;OFF;0.87;26.61;11.56;16.24;5063.34;5079.99;5087.39;5094.79;5102.19;5109.59
2026.02.23 02:15:00;XAUUSD;PERIOD_M5;LIVE;VALID;SELL;5131.28;2026.02.23 03:05:00;5155.01;-2373.0;10;LOSS;NEXT_SIGNAL;2026.02.23 03:10:00;5155.56;-2428.0;11;LOSS;REV;YES;;;;10.89;36;5145.04;5145.93;-88.4;0.0;BULL NOISE;BUY;OFF;0.68;62.48;22.48;14.91;5144.89;5120.39;5109.51;5098.62;5087.74;5076.85
2026.02.23 03:05:00;XAUUSD;PERIOD_M5;LIVE;VALID;BUY;5155.01;2026.02.23 05:15:00;5155.38;37.0;26;WIN;NEXT_SIGNAL;2026.02.23 05:20:01;5155.39;38.0;27;WIN;REV;YES;;;;12.30;36;5147.27;5146.96;31.0;0.0;BULL;BUY;OFF;0.87;34.21;33.82;13.97;5139.63;5167.31;5179.62;5191.92;5204.22;5216.53
2026.02.23 05:15:00;XAUUSD;PERIOD_M5;LIVE;VALID;SELL;5155.38;2026.02.23 05:40:00;5168.63;-1325.0;5;LOSS;NEXT_SIGNAL;2026.02.23 05:45:00;5169.00;-1362.0;6;LOSS;REV;YES;;;;6.73;35;5164.19;5165.42;-123.2;-14.0;BULL NOISE;BUY;OFF;0.84;36.98;21.48;24.34;5163.79;5148.65;5141.92;5135.20;5128.47;5121.74
2026.02.23 05:40:00;XAUUSD;PERIOD_M5;LIVE;VALID;BUY;5168.63;2026.02.23 06:00:00;5163.38;-525.0;4;LOSS;NEXT_SIGNAL;2026.02.23 06:05:00;5163.29;-534.0;5;LOSS;REV;YES;;;;6.43;36;5166.03;5166.02;0.9;0.0;BULL;BUY;OFF;0.87;36.94;33.28;11.90;5160.59;5175.06;5181.49;5187.92;5194.35;5200.78
2026.02.23 06:00:00;XAUUSD;PERIOD_M5;LIVE;VALID;SELL;5163.38;2026.02.23 07:55:00;5158.21;517.0;23;WIN;NEXT_SIGNAL;2026.02.23 08:00:00;5158.56;482.0;24;WIN;REV;YES;;;;5.45;36;5166.54;5166.59;-5.0;-14.0;BULL;BUY;OFF;0.90;34.76;22.10;20.15;5170.19;5157.93;5152.48;5147.03;5141.58;5136.13
2026.02.23 07:55:00;XAUUSD;PERIOD_M5;LIVE;VALID;BUY;5158.21;2026.02.23 08:25:00;5152.57;-564.0;6;LOSS;NEXT_SIGNAL;2026.02.23 08:30:00;5152.58;-563.0;7;LOSS;REV;YES;;;;3.77;34;5157.37;5157.20;17.7;0.0;BULL;BUY;OFF;0.88;17.51;19.00;14.22;5153.50;5161.98;5165.75;5169.52;5173.29;5177.06
2026.02.23 08:25:00;XAUUSD;PERIOD_M5;LIVE;VALID;SELL;5152.57;2026.02.23 10:55:00;5140.06;1251.0;30;WIN;NEXT_SIGNAL;2026.02.23 11:00:00;5140.49;1208.0;31;WIN;REV;YES;;;;3.48;36;5157.31;5157.39;-8.3;-14.0;BULL NOISE;BUY;OFF;0.88;22.56;14.92;15.76;5156.91;5149.09;5145.62;5142.14;5138.67;5135.19
2026.02.23 10:55:00;XAUUSD;PERIOD_M5;LIVE;VALID;BUY;5140.06;2026.02.23 13:20:00;5148.46;840.0;29;WIN;NEXT_SIGNAL;2026.02.23 13:25:00;5148.43;837.0;30;WIN;REV;YES;;;;5.87;34;5134.32;5133.51;80.8;14.0;BULL;BUY;OFF;0.90;31.34;35.07;17.96;5132.72;5145.93;5151.80;5157.67;5163.54;5169.41
2026.02.23 13:20:00;XAUUSD;PERIOD_M5;LIVE;VALID;SELL;5148.46;2026.02.23 14:35:00;5158.01;-955.0;15;LOSS;NEXT_SIGNAL;2026.02.23 14:40:00;5158.36;-990.0;16;LOSS;REV;YES;;;;5.58;34;5153.70;5154.29;-58.9;-14.0;BULL;BUY;OFF;0.90;36.73;16.83;26.68;5155.44;5142.88;5137.30;5131.72;5126.13;5120.55
2026.02.23 14:35:00;XAUUSD;PERIOD_M5;LIVE;VALID;BUY;5158.01;2026.02.23 15:20:00;5148.86;-915.0;9;LOSS;NEXT_SIGNAL;2026.02.23 15:25:00;5148.85;-916.0;10;LOSS;REV;YES;;;;4.20;34;5152.29;5151.53;76.3;14.0;BULL;BUY;OFF;0.90;15.93;28.94;16.33;5152.76;5162.21;5166.40;5170.60;5174.80;5178.99
2026.02.23 15:20:00;XAUUSD;PERIOD_M5;LIVE;VALID;SELL;5148.86;2026.02.23 16:15:00;5159.69;-1083.0;11;LOSS;NEXT_SIGNAL;2026.02.23 16:20:00;5160.07;-1121.0;12;LOSS;REV;YES;;;;5.14;34;5155.45;5155.97;-51.7;0.0;BULL NOISE;BUY;OFF;0.91;26.92;13.01;29.72;5155.29;5143.72;5138.57;5133.43;5128.28;5123.14
2026.02.23 16:15:00;XAUUSD;PERIOD_M5;LIVE;VALID;BUY;5159.69;2026.02.23 18:00:00;5179.97;2028.0;21;WIN;NEXT_SIGNAL;2026.02.23 18:05:00;5179.90;2021.0;22;WIN;REV;YES;;;;5.63;34;5153.62;5153.04;58.3;0.0;BULL;BUY;OFF;0.85;31.49;27.88;20.44;5152.65;5165.32;5170.95;5176.59;5182.22;5187.85
2026.02.23 18:00:00;XAUUSD;PERIOD_M5;LIVE;VALID;SELL;5179.97;2026.02.23 18:15:00;5215.03;-3506.0;3;LOSS;NEXT_SIGNAL;2026.02.23 18:20:00;5215.30;-3533.0;4;LOSS;REV;YES;;;;11.03;34;5193.13;5194.62;-148.5;-14.0;BULL NOISE;BUY;OFF;0.87;35.73;14.73;21.34;5193.75;5168.94;5157.92;5146.89;5135.86;5124.83
2026.02.23 18:15:00;XAUUSD;PERIOD_M5;LIVE;VALID;BUY;5215.03;2026.02.23 19:20:00;5209.43;-560.0;13;LOSS;NEXT_SIGNAL;2026.02.23 19:25:00;5209.45;-558.0;14;LOSS;REV;YES;;;;11.28;34;5200.10;5197.86;223.8;26.6;BULL;BUY;OFF;0.85;32.34;31.65;13.89;5200.92;5226.31;5237.60;5248.88;5260.17;5271.45
2026.02.23 19:20:00;XAUUSD;PERIOD_M5;LIVE;VALID;SELL;5209.43;2026.02.23 20:05:00;5214.21;-478.0;9;LOSS;NEXT_SIGNAL;2026.02.23 20:10:00;5214.60;-517.0;10;LOSS;REV;YES;;;;6.95;34;5208.44;5208.46;-1.7;14.0;BULL;BUY;OFF;0.87;19.32;11.50;16.88;5218.12;5202.48;5195.53;5188.58;5181.63;5174.68
2026.02.23 20:05:00;XAUUSD;PERIOD_M5;LIVE;VALID;BUY;5214.21;2026.02.23 23:40:00;5228.68;1447.0;43;WIN;NEXT_SIGNAL;2026.02.23 23:45:00;5228.66;1445.0;44;WIN;REV;YES;;;;6.62;34;5207.74;5206.92;82.0;0.0;BULL;BUY;OFF;0.88;21.95;33.71;12.54;5205.93;5220.83;5227.45;5234.08;5240.70;5247.32
2026.02.23 23:40:00;XAUUSD;PERIOD_M5;LIVE;VALID;SELL;5228.68;2026.02.24 01:00:00;5243.13;-1445.0;4;LOSS;NEXT_SIGNAL;2026.02.24 01:05:00;5243.55;-1487.0;5;LOSS;REV;YES;;;;3.72;40;5230.30;5230.57;-27.3;0.0;BULL;BUY;OFF;0.86;29.34;16.06;25.96;5233.33;5224.96;5221.23;5217.51;5213.79;5210.06
2026.02.24 01:00:00;XAUUSD;PERIOD_M5;LIVE;VALID;BUY;5243.13;2026.02.24 02:00:00;5230.11;-1302.0;12;LOSS;NEXT_SIGNAL;2026.02.24 02:05:01;5230.22;-1291.0;13;LOSS;REV;YES;;;;5.19;45;5232.58;5231.70;87.8;14.0;BULL;BUY;OFF;0.87;27.68;18.42;20.85;5236.64;5248.32;5253.52;5258.71;5263.91;5269.10
2026.02.24 02:00:00;XAUUSD;PERIOD_M5;LIVE;VALID;SELL;5230.11;2026.02.24 04:30:00;5184.13;4598.0;30;WIN;NEXT_SIGNAL;2026.02.24 04:35:00;5184.57;4554.0;31;WIN;REV;YES;;;;9.34;36;5236.80;5238.07;-126.0;0.0;BULL NOISE;BUY;OFF;0.88;25.43;7.56;27.72;5241.78;5220.77;5211.43;5202.09;5192.75;5183.41
2026.02.24 04:30:00;XAUUSD;PERIOD_M5;LIVE;VALID;BUY;5184.13;2026.02.24 05:40:00;5179.45;-468.0;14;LOSS;NEXT_SIGNAL;2026.02.24 05:45:00;5179.43;-470.0;15;LOSS;REV;YES;;;;10.88;36;5175.23;5173.48;175.1;0.0;BEAR;SELL;OFF;0.75;29.98;19.56;12.97;5170.53;5195.01;5205.90;5216.78;5227.66;5238.54
2026.02.24 05:40:00;XAUUSD;PERIOD_M5;LIVE;VALID;SELL;5179.45;2026.02.24 07:10:00;5172.03;742.0;18;WIN;NEXT_SIGNAL;2026.02.24 07:15:00;5172.40;705.0;19;WIN;REV;YES;;;;5.32;36;5184.01;5184.49;-48.1;0.0;BEAR;SELL;OFF;0.82;26.48;14.71;18.73;5186.10;5174.13;5168.80;5163.48;5158.16;5152.84
2026.02.24 07:10:00;XAUUSD;PERIOD_M5;LIVE;VALID;BUY;5172.03;2026.02.24 08:30:00;5166.40;-563.0;16;LOSS;NEXT_SIGNAL;2026.02.24 08:35:00;5166.42;-561.0;17;LOSS;REV;YES;;;;5.19;36;5170.23;5169.90;32.8;0.0;BEAR;SELL;OFF;0.83;26.76;13.08;14.79;5165.54;5177.22;5182.41;5187.60;5192.79;5197.98
2026.02.24 08:30:00;XAUUSD;PERIOD_M5;LIVE;VALID;SELL;5166.40;2026.02.24 09:25:00;5183.16;-1676.0;11;LOSS;NEXT_SIGNAL;2026.02.24 09:30:00;5183.51;-1711.0;12;LOSS;REV;YES;;;;6.43;36;5174.58;5175.69;-111.3;0.0;BEAR;SELL;OFF;0.88;29.21;12.51;31.44;5174.44;5159.97;5153.54;5147.11;5140.68;5134.25
2026.02.24 09:25:00;XAUUSD;PERIOD_M5;LIVE;VALID;BUY;5183.16;2026.02.24 10:15:00;5167.84;-1532.0;6;LOSS;NEXT_SIGNAL;2026.02.24 10:20:17;5167.83;-1533.0;7;LOSS;REV;YES;;;;7.92;34;5175.35;5173.99;136.7;14.0;BEAR NOISE;SELL;OFF;0.82;26.79;19.44;16.12;5173.26;5191.08;5199.00;5206.92;5214.84;5222.76
2026.02.24 10:15:00;XAUUSD;PERIOD_M5;LIVE;VALID;SELL;5167.84;2026.02.24 10:30:00;5180.49;-1265.0;3;LOSS;NEXT_SIGNAL;2026.02.24 10:35:00;5180.19;-1235.0;4;LOSS;REV;YES;;;;7.01;34;5173.44;5173.88;-43.8;0.0;BEAR;SELL;OFF;0.77;29.72;9.08;27.92;5176.60;5160.83;5153.82;5146.81;5139.80;5132.79
2026.02.24 10:30:00;XAUUSD;PERIOD_M5;LIVE;VALID;BUY;5180.49;2026.02.24 10:45:00;5172.41;-808.0;3;LOSS;NEXT_SIGNAL;2026.02.24 10:50:01;5172.42;-807.0;4;LOSS;REV;YES;;;;7.67;34;5174.48;5174.38;10.1;14.0;BEAR;SELL;OFF;0.73;28.92;15.99;18.18;5170.90;5188.16;5195.83;5203.50;5211.17;5218.84
2026.02.24 10:45:00;XAUUSD;PERIOD_M5;LIVE;VALID;SELL;5172.41;2026.02.24 11:05:00;5177.49;-508.0;4;LOSS;NEXT_SIGNAL;2026.02.24 11:10:00;5177.77;-536.0;5;LOSS;REV;YES;;;;7.19;34;5174.65;5174.76;-11.0;0.0;BEAR;SELL;OFF;0.79;27.20;12.20;30.62;5181.40;5165.22;5158.02;5150.83;5143.63;5136.44
2026.02.24 11:05:00;XAUUSD;PERIOD_M5;LIVE;VALID;BUY;5177.49;2026.02.24 11:10:00;5172.42;-507.0;1;LOSS;NEXT_SIGNAL;2026.02.24 11:15:00;5172.37;-512.0;2;LOSS;REV;YES;;;;6.29;34;5175.14;5174.90;24.6;0.0;BEAR;SELL;OFF;0.78;23.56;19.81;17.27;5169.63;5183.78;5190.07;5196.35;5202.64;5208.93
2026.02.24 11:10:00;XAUUSD;PERIOD_M5;LIVE;VALID;SELL;5172.42;2026.02.24 12:05:00;5173.18;-76.0;11;LOSS;NEXT_SIGNAL;2026.02.24 12:10:00;5173.53;-111.0;12;LOSS;REV;YES;;;;6.16;34;5174.54;5174.63;-9.0;0.0;BEAR;SELL;OFF;0.77;22.69;17.17;24.20;5180.12;5166.26;5160.10;5153.94;5147.78;5141.62
2026.02.24 12:05:00;XAUUSD;PERIOD_M5;LIVE;VALID;BUY;5173.18;2026.02.24 12:35:00;5166.68;-650.0;6;LOSS;NEXT_SIGNAL;2026.02.24 12:40:01;5166.67;-651.0;7;LOSS;REV;YES;;;;4.53;34;5172.35;5172.20;15.4;0.0;BEAR;SELL;OFF;0.73;23.84;19.35;13.02;5167.52;5177.71;5182.24;5186.77;5191.31;5195.84
2026.02.24 12:35:00;XAUUSD;PERIOD_M5;LIVE;VALID;SELL;5166.68;2026.02.24 13:00:00;5175.69;-901.0;5;LOSS;NEXT_SIGNAL;2026.02.24 13:05:00;5176.17;-949.0;6;LOSS;REV;YES;;;;4.94;34;5171.79;5172.33;-53.2;0.0;BEAR;SELL;OFF;0.77;24.52;16.79;20.48;5172.86;5161.74;5156.80;5151.86;5146.92;5141.98
2026.02.24 13:00:00;XAUUSD;PERIOD_M5;LIVE;VALID;BUY;5175.69;2026.02.24 14:00:00;5169.59;-610.0;12;LOSS;NEXT_SIGNAL;2026.02.24 14:05:00;5169.58;-611.0;13;LOSS;REV;YES;;;;4.81;34;5172.66;5172.46;19.7;14.0;BEAR;SELL;OFF;0.76;22.88;23.25;10.01;5169.68;5180.50;5185.31;5190.12;5194.93;5199.74
2026.02.24 14:00:00;XAUUSD;PERIOD_M5;LIVE;VALID;SELL;5169.59;2026.02.24 16:45:00;5132.92;3667.0;33;WIN;NEXT_SIGNAL;2026.02.24 16:50:00;5133.20;3639.0;34;WIN;REV;YES;;;;3.59;34;5173.33;5173.69;-35.3;0.0;BEAR;SELL;OFF;0.70;21.96;15.98;20.13;5174.08;5166.00;5162.41;5158.82;5155.23;5151.64
2026.02.24 16:45:00;XAUUSD;PERIOD_M5;LIVE;VALID;BUY;5132.92;2026.02.24 18:30:00;5137.35;443.0;21;WIN;NEXT_SIGNAL;2026.02.24 18:35:00;5137.30;438.0;22;WIN;REV;YES;;;;15.25;34;5126.91;5125.67;124.9;0.0;BEAR;SELL;OFF;0.88;34.78;19.22;13.64;5113.86;5148.17;5163.42;5178.67;5193.92;5209.17
2026.02.24 18:30:00;XAUUSD;PERIOD_M5;LIVE;VALID;SELL;5137.35;2026.02.24 19:05:00;5152.84;-1549.0;7;LOSS;NEXT_SIGNAL;2026.02.24 19:10:00;5153.28;-1593.0;8;LOSS;REV;YES;;;;6.07;34;5143.54;5144.56;-102.8;0.0;BEAR;SELL;OFF;0.81;21.90;17.31;33.04;5144.94;5131.28;5125.20;5119.13;5113.05;5106.98
2026.02.24 19:05:00;XAUUSD;PERIOD_M5;LIVE;VALID;BUY;5152.84;2026.02.24 20:30:00;5156.39;355.0;17;WIN;NEXT_SIGNAL;2026.02.24 20:35:00;5156.37;353.0;18;WIN;REV;YES;;;;6.71;34;5145.41;5144.73;68.5;14.0;BEAR NOISE;SELL;OFF;0.75;20.44;39.84;21.88;5144.45;5159.55;5166.26;5172.97;5179.68;5186.39
2026.02.24 20:30:00;XAUUSD;PERIOD_M5;LIVE;VALID;SELL;5156.39;2026.02.24 22:20:00;5164.88;-849.0;22;LOSS;NEXT_SIGNAL;2026.02.24 22:25:00;5165.24;-885.0;23;LOSS;REV;YES;;;;4.18;34;5159.84;5160.50;-65.2;0.0;BEAR;SELL;OFF;0.74;25.11;23.77;25.83;5161.61;5152.21;5148.03;5143.86;5139.68;5135.50
2026.02.24 22:20:00;XAUUSD;PERIOD_M5;LIVE;VALID;BUY;5164.88;2026.02.24 23:10:00;5160.82;-406.0;10;LOSS;NEXT_SIGNAL;2026.02.24 23:15:00;5160.81;-407.0;11;LOSS;REV;YES;;;;5.16;34;5155.25;5153.89;135.4;14.0;BULL NOISE;BUY;OFF;0.91;19.10;28.21;19.49;5158.43;5170.04;5175.19;5180.35;5185.51;5190.66
2026.02.24 23:10:00;XAUUSD;PERIOD_M5;LIVE;VALID;SELL;5160.82;2026.02.25 01:45:00;5149.66;1116.0;19;WIN;NEXT_SIGNAL;2026.02.25 01:50:00;5150.06;1076.0;20;WIN;REV;YES;;;;5.78;40;5161.76;5161.88;-12.0;0.0;BULL;BUY;OFF;0.90;20.26;20.23;22.94;5168.05;5155.04;5149.26;5143.48;5137.69;5131.91
2026.02.25 01:45:00;XAUUSD;PERIOD_M5;LIVE;VALID;BUY;5149.66;2026.02.25 04:50:00;5175.83;2617.0;37;WIN;NEXT_SIGNAL;2026.02.25 04:55:00;5175.89;2623.0;38;WIN;REV;YES;;;;7.46;36;5141.11;5140.53;57.8;14.0;BULL;BUY;OFF;0.76;39.11;25.74;15.77;5140.33;5157.13;5164.59;5172.05;5179.52;5186.98
2026.02.25 04:50:00;XAUUSD;PERIOD_M5;LIVE;VALID;SELL;5175.83;2026.02.25 05:30:00;5187.29;-1146.0;8;LOSS;NEXT_SIGNAL;2026.02.25 05:35:00;5187.63;-1180.0;9;LOSS;REV;YES;;;;6.33;36;5183.74;5184.83;-108.9;-14.0;BULL NOISE;BUY;OFF;0.82;29.55;12.07;26.36;5183.74;5169.50;5163.18;5156.85;5150.52;5144.19
2026.02.25 05:30:00;XAUUSD;PERIOD_M5;LIVE;VALID;BUY;5187.29;2026.02.25 05:35:00;5183.55;-374.0;1;LOSS;NEXT_SIGNAL;2026.02.25 05:40:00;5183.51;-378.0;2;LOSS;REV;YES;;;;6.60;36;5184.55;5184.54;1.1;0.0;BULL;BUY;OFF;0.88;16.56;13.58;13.25;5179.05;5193.89;5200.48;5207.08;5213.67;5220.27
2026.02.25 05:35:00;XAUUSD;PERIOD_M5;LIVE;VALID;SELL;5183.55;2026.02.25 05:45:00;5185.21;-166.0;2;LOSS;NEXT_SIGNAL;2026.02.25 05:50:00;5185.56;-201.0;3;LOSS;REV;YES;;;;6.63;34;5184.33;5184.43;-9.5;0.0;BULL;BUY;OFF;0.88;14.51;11.77;11.49;5191.84;5176.91;5170.28;5163.65;5157.01;5150.38
2026.02.25 05:45:00;XAUUSD;PERIOD_M5;LIVE;VALID;BUY;5185.21;2026.02.25 05:50:00;5179.56;-565.0;1;LOSS;NEXT_SIGNAL;2026.02.25 05:55:00;5178.91;-630.0;2;LOSS;REV;YES;;;;6.73;36;5184.45;5184.31;13.1;0.0;BULL;BUY;OFF;0.88;14.72;17.36;16.65;5176.79;5191.94;5198.68;5205.41;5212.15;5218.88
2026.02.25 05:50:00;XAUUSD;PERIOD_M5;LIVE;VALID;SELL;5179.56;2026.02.25 06:40:00;5184.11;-455.0;10;LOSS;NEXT_SIGNAL;2026.02.25 06:45:00;5184.49;-493.0;11;LOSS;REV;YES;;;;6.86;36;5183.36;5183.79;-42.8;-14.0;BULL;BUY;OFF;0.90;15.57;15.05;23.07;5188.13;5172.70;5165.84;5158.98;5152.12;5145.26
2026.02.25 06:40:00;XAUUSD;PERIOD_M5;LIVE;VALID;BUY;5184.11;2026.02.25 06:50:00;5181.23;-288.0;2;LOSS;NEXT_SIGNAL;2026.02.25 06:55:00;5181.21;-290.0;3;LOSS;REV;YES;;;;4.88;36;5182.43;5182.28;15.9;0.0;BULL;BUY;OFF;0.77;17.96;16.67;17.12;5178.01;5188.99;5193.87;5198.75;5203.63;5208.51
2026.02.25 06:50:00;XAUUSD;PERIOD_M5;LIVE;VALID;SELL;5181.23;2026.02.25 06:55:00;5182.62;-139.0;1;LOSS;NEXT_SIGNAL;2026.02.25 07:00:00;5182.99;-176.0;2;LOSS;REV;YES;;;;4.54;36;5181.92;5181.97;-5.3;0.0;BULL;BUY;OFF;0.81;17.39;12.52;17.36;5186.91;5176.69;5172.14;5167.60;5163.06;5158.52
2026.02.25 06:55:00;XAUUSD;PERIOD_M5;LIVE;VALID;BUY;5182.62;2026.02.25 08:15:00;5193.58;1096.0;16;WIN;NEXT_SIGNAL;2026.02.25 08:20:00;5193.56;1094.0;17;WIN;REV;YES;;;;4.49;36;5182.07;5181.99;8.1;0.0;BULL;BUY;OFF;0.81;15.91;17.06;15.05;5177.01;5187.11;5191.60;5196.09;5200.58;5205.07
2026.02.25 08:15:00;XAUUSD;PERIOD_M5;LIVE;VALID;SELL;5193.58;2026.02.25 10:15:00;5192.38;120.0;24;WIN;NEXT_SIGNAL;2026.02.25 10:20:00;5192.75;83.0;25;WIN;REV;YES;;;;6.68;36;5194.94;5195.36;-42.1;0.0;BULL;BUY;OFF;0.82;37.64;25.01;21.03;5201.93;5186.90;5180.23;5173.55;5166.87;5160.19
2026.02.25 10:15:00;XAUUSD;PERIOD_M5;LIVE;VALID;BUY;5192.38;2026.02.25 10:55:00;5185.27;-711.0;8;LOSS;NEXT_SIGNAL;2026.02.25 11:00:00;5185.37;-701.0;9;LOSS;REV;YES;;;;4.71;36;5188.06;5187.77;28.9;0.0;BULL;BUY;OFF;0.94;24.19;20.09;9.27;5186.49;5197.09;5201.80;5206.51;5211.22;5215.93
2026.02.25 10:55:00;XAUUSD;PERIOD_M5;LIVE;VALID;SELL;5185.27;2026.02.25 11:40:00;5190.77;-550.0;9;LOSS;NEXT_SIGNAL;2026.02.25 11:45:00;5191.48;-621.0;10;LOSS;REV;YES;;;;4.22;34;5189.71;5189.80;-9.1;-14.0;BULL NOISE;BUY;OFF;0.88;28.17;16.78;29.00;5190.54;5181.05;5176.84;5172.62;5168.40;5164.19
2026.02.25 11:40:00;XAUUSD;PERIOD_M5;LIVE;VALID;BUY;5190.77;2026.02.25 12:10:00;5184.62;-615.0;6;LOSS;NEXT_SIGNAL;2026.02.25 12:15:00;5184.31;-646.0;7;LOSS;REV;YES;;;;4.41;34;5188.58;5188.27;30.5;0.0;BULL;BUY;OFF;0.82;24.39;26.94;13.83;5185.26;5195.18;5199.59;5203.99;5208.40;5212.81
2026.02.25 12:10:00;XAUUSD;PERIOD_M5;LIVE;VALID;SELL;5184.62;2026.02.25 13:50:00;5173.49;1113.0;20;WIN;NEXT_SIGNAL;2026.02.25 13:55:00;5173.85;1077.0;21;WIN;REV;YES;;;;4.30;34;5187.74;5188.01;-27.6;-14.0;BULL;BUY;OFF;0.91;21.20;16.92;23.57;5189.99;5180.32;5176.03;5171.73;5167.43;5163.14
2026.02.25 13:50:00;XAUUSD;PERIOD_M5;LIVE;VALID;BUY;5173.49;2026.02.25 16:10:00;5185.21;1172.0;28;WIN;NEXT_SIGNAL;2026.02.25 16:15:00;5185.18;1169.0;29;WIN;REV;YES;;;;5.01;34;5170.99;5170.46;53.8;0.0;BEAR;SELL;OFF;0.78;28.12;27.01;17.09;5167.23;5178.50;5183.51;5188.52;5193.52;5198.53
2026.02.25 16:10:00;XAUUSD;PERIOD_M5;LIVE;VALID;SELL;5185.21;2026.02.25 16:55:00;5191.25;-604.0;9;LOSS;NEXT_SIGNAL;2026.02.25 17:00:00;5191.62;-641.0;10;LOSS;REV;YES;;;;4.63;36;5186.95;5187.02;-6.9;0.0;BEAR;SELL;OFF;0.77;18.79;18.72;17.92;5191.00;5180.58;5175.95;5171.32;5166.69;5162.06
2026.02.25 16:55:00;XAUUSD;PERIOD_M5;LIVE;VALID;BUY;5191.25;2026.02.25 19:45:00;5206.84;1559.0;34;WIN;NEXT_SIGNAL;2026.02.25 19:50:00;5206.87;1562.0;35;WIN;REV;YES;;;;7.34;34;5182.40;5181.93;47.4;14.0;BEAR NOISE;SELL;OFF;0.88;27.76;32.35;20.19;5182.07;5198.60;5205.94;5213.28;5220.63;5227.97
2026.02.25 19:45:00;XAUUSD;PERIOD_M5;LIVE;VALID;SELL;5206.84;2026.02.25 21:45:00;5205.09;175.0;24;WIN;NEXT_SIGNAL;2026.02.25 21:50:00;5205.42;142.0;25;WIN;REV;YES;;;;4.44;34;5210.42;5210.69;-27.6;0.0;BEAR;SELL;OFF;0.81;26.64;11.92;27.80;5212.39;5202.40;5197.95;5193.51;5189.07;5184.63
2026.02.25 21:45:00;XAUUSD;PERIOD_M5;LIVE;VALID;BUY;5205.09;2026.02.25 22:10:00;5195.42;-967.0;5;LOSS;NEXT_SIGNAL;2026.02.25 22:15:00;5195.52;-957.0;6;LOSS;REV;YES;;;;6.02;36;5202.88;5202.56;32.3;0.0;BULL;BUY;OFF;0.77;39.71;15.92;17.79;5197.56;5211.11;5217.13;5223.16;5229.18;5235.20
2026.02.25 22:10:00;XAUUSD;PERIOD_M5;LIVE;VALID;SELL;5195.42;2026.02.26 01:00:00;5175.12;2030.0;22;WIN;NEXT_SIGNAL;2026.02.26 01:05:00;5175.64;1978.0;23;WIN;REV;YES;;;;7.56;36;5201.41;5201.97;-56.2;-14.0;BULL NOISE;BUY;OFF;0.77;31.69;9.67;23.46;5204.86;5187.86;5180.31;5172.75;5165.20;5157.64
2026.02.26 01:00:00;XAUUSD;PERIOD_M5;LIVE;VALID;BUY;5175.12;2026.02.26 01:45:00;5167.34;-778.0;9;LOSS;NEXT_SIGNAL;2026.02.26 01:50:00;5168.21;-691.0;10;LOSS;REV;YES;;;;9.02;45;5168.97;5168.08;88.5;14.0;BEAR;SELL;OFF;0.82;19.27;17.09;14.57;5163.84;5184.14;5193.16;5202.18;5211.20;5220.22
2026.02.26 01:45:00;XAUUSD;PERIOD_M5;LIVE;VALID;SELL;5167.34;2026.02.26 02:20:00;5180.89;-1355.0;7;LOSS;NEXT_SIGNAL;2026.02.26 02:25:01;5182.09;-1475.0;8;LOSS;REV;YES;;;;8.20;36;5170.03;5170.20;-16.2;0.0;BEAR;SELL;OFF;0.78;16.55;24.07;19.68;5177.59;5159.14;5150.94;5142.74;5134.54;5126.34
2026.02.26 02:20:00;XAUUSD;PERIOD_M5;LIVE;VALID;BUY;5180.89;2026.02.26 04:10:00;5183.00;211.0;22;WIN;NEXT_SIGNAL;2026.02.26 04:15:00;5183.02;213.0;23;WIN;REV;YES;;;;8.56;36;5169.93;5169.07;85.8;14.0;BEAR NOISE;SELL;OFF;0.87;18.22;28.09;14.77;5170.20;5189.45;5198.00;5206.56;5215.11;5223.67
2026.02.26 04:10:00;XAUUSD;PERIOD_M5;LIVE;VALID;SELL;5183.00;2026.02.26 05:05:00;5185.83;-283.0;11;LOSS;NEXT_SIGNAL;2026.02.26 05:10:00;5186.25;-325.0;12;LOSS;REV;YES;;;;7.52;36;5187.39;5187.73;-34.5;0.0;BEAR;SELL;OFF;0.83;27.32;11.22;19.75;5192.40;5175.48;5167.96;5160.44;5152.92;5145.40
2026.02.26 05:05:00;XAUUSD;PERIOD_M5;LIVE;VALID;BUY;5185.83;2026.02.26 07:00:00;5193.18;735.0;23;WIN;NEXT_SIGNAL;2026.02.26 07:05:00;5193.13;730.0;24;WIN;REV;YES;;;;6.10;36;5184.13;5184.03;10.2;0.0;BEAR;SELL;OFF;0.87;31.86;17.99;9.93;5178.21;5191.93;5198.02;5204.12;5210.22;5216.32
2026.02.26 07:00:00;XAUUSD;PERIOD_M5;LIVE;VALID;SELL;5193.18;2026.02.26 07:10:00;5197.91;-473.0;2;LOSS;NEXT_SIGNAL;2026.02.26 07:15:00;5198.31;-513.0;3;LOSS;REV;YES;;;;3.07;36;5193.11;5193.20;-8.5;0.0;BEAR;SELL;OFF;0.79;24.63;18.30;18.38;5197.02;5190.11;5187.03;5183.96;5180.89;5177.82
2026.02.26 07:10:00;XAUUSD;PERIOD_M5;LIVE;VALID;BUY;5197.91;2026.02.26 08:00:00;5193.79;-412.0;10;LOSS;NEXT_SIGNAL;2026.02.26 08:05:00;5193.77;-414.0;11;LOSS;REV;YES;;;;3.27;36;5194.41;5193.93;47.9;14.0;BEAR;SELL;OFF;0.79;22.41;25.15;13.80;5193.82;5201.18;5204.46;5207.73;5211.00;5214.27
2026.02.26 08:00:00;XAUUSD;PERIOD_M5;LIVE;VALID;SELL;5193.79;2026.02.26 10:20:00;5186.92;687.0;28;WIN;NEXT_SIGNAL;2026.02.26 10:25:01;5187.28;651.0;29;WIN;REV;YES;;;;4.72;36;5196.48;5196.88;-40.0;0.0;BEAR;SELL;OFF;0.81;21.11;17.85;14.84;5199.69;5189.07;5184.35;5179.63;5174.91;5170.19
2026.02.26 10:20:00;XAUUSD;PERIOD_M5;LIVE;VALID;BUY;5186.92;2026.02.26 10:25:00;5176.83;-1009.0;1;LOSS;NEXT_SIGNAL;2026.02.26 10:30:00;5176.85;-1007.0;2;LOSS;REV;YES;;;;5.14;34;5186.20;5186.05;15.1;0.0;BEAR;SELL;OFF;0.88;19.99;17.18;15.43;5180.49;5192.06;5197.20;5202.34;5207.48;5212.62
2026.02.26 10:25:00;XAUUSD;PERIOD_M5;LIVE;VALID;SELL;5176.83;2026.02.26 11:30:00;5181.55;-472.0;13;LOSS;NEXT_SIGNAL;2026.02.26 11:35:00;5181.85;-502.0;14;LOSS;REV;YES;;;;5.61;34;5184.12;5185.07;-94.9;-14.0;BEAR;SELL;OFF;0.89;20.40;14.89;23.80;5183.84;5171.22;5165.61;5160.00;5154.39;5148.78
2026.02.26 11:30:00;XAUUSD;PERIOD_M5;LIVE;VALID;BUY;5181.55;2026.02.26 12:35:00;5173.46;-809.0;13;LOSS;NEXT_SIGNAL;2026.02.26 12:41:05;5173.44;-811.0;14;LOSS;REV;YES;;;;6.39;34;5179.30;5178.97;33.0;0.0;BEAR;SELL;OFF;0.94;21.37;25.79;17.36;5173.56;5187.94;5194.34;5200.73;5207.13;5213.52
2026.02.26 12:35:00;XAUUSD;PERIOD_M5;LIVE;VALID;SELL;5173.46;2026.02.26 14:25:00;5178.27;-481.0;17;LOSS;NEXT_SIGNAL;2026.02.26 14:30:00;5178.57;-511.0;18;LOSS;REV;YES;;;;3.58;34;5181.69;5183.12;-142.8;-26.6;BEAR;SELL;OFF;0.89;25.62;13.33;32.62;5177.93;5169.88;5166.31;5162.73;5159.16;5155.58
2026.02.26 14:25:00;XAUUSD;PERIOD_M5;LIVE;VALID;BUY;5178.27;2026.02.26 15:15:00;5171.59;-668.0;9;LOSS;NEXT_SIGNAL;2026.02.26 15:20:00;5171.58;-669.0;10;LOSS;REV;YES;;;;4.38;34;5172.34;5171.85;48.5;14.0;BEAR NOISE;SELL;OFF;0.81;25.57;24.33;21.50;5172.80;5182.65;5187.03;5191.41;5195.79;5200.17
2026.02.26 15:15:00;XAUUSD;PERIOD_M5;LIVE;VALID;SELL;5171.59;2026.02.26 15:20:00;5178.10;-651.0;1;LOSS;NEXT_SIGNAL;2026.02.26 15:25:00;5178.27;-668.0;2;LOSS;REV;YES;;;;5.26;34;5175.32;5175.36;-4.3;-14.0;BEAR;SELL;OFF;0.88;25.14;27.03;19.59;5178.17;5166.33;5161.07;5155.81;5150.55;5145.29
2026.02.26 15:20:00;XAUUSD;PERIOD_M5;LIVE;VALID;BUY;5178.10;2026.02.26 15:25:00;5174.70;-340.0;1;LOSS;NEXT_SIGNAL;2026.02.26 15:30:00;5174.69;-341.0;2;LOSS;REV;YES;;;;5.63;34;5175.94;5175.75;18.8;14.0;BEAR;SELL;OFF;0.86;24.41;25.26;16.97;5171.06;5183.73;5189.37;5195.00;5200.63;5206.26
2026.02.26 15:25:00;XAUUSD;PERIOD_M5;LIVE;VALID;SELL;5174.70;2026.02.26 16:40:00;5172.31;239.0;15;WIN;NEXT_SIGNAL;2026.02.26 16:45:00;5172.61;209.0;16;WIN;REV;YES;;;;5.84;42;5175.66;5175.79;-12.2;0.0;BEAR;SELL;OFF;0.83;23.77;21.90;14.71;5182.00;5168.86;5163.02;5157.18;5151.35;5145.51
2026.02.26 16:40:00;XAUUSD;PERIOD_M5;LIVE;VALID;BUY;5172.31;2026.02.26 17:05:00;5167.17;-514.0;5;LOSS;NEXT_SIGNAL;2026.02.26 17:10:00;5167.26;-505.0;6;LOSS;REV;YES;;;;8.72;34;5168.50;5168.50;0.5;0.0;BEAR NOISE;SELL;OFF;0.77;17.86;17.68;25.13;5161.41;5181.03;5189.75;5198.47;5207.18;5215.90
2026.02.26 17:05:00;XAUUSD;PERIOD_M5;LIVE;VALID;SELL;5167.17;2026.02.26 17:45:00;5182.42;-1525.0;8;LOSS;NEXT_SIGNAL;2026.02.26 17:50:00;5182.75;-1558.0;9;LOSS;REV;YES;;;;9.85;34;5167.85;5167.88;-2.5;0.0;BEAR;SELL;OFF;0.83;20.30;9.96;18.56;5179.48;5157.32;5147.48;5137.63;5127.79;5117.94
2026.02.26 17:45:00;XAUUSD;PERIOD_M5;LIVE;VALID;BUY;5182.42;2026.02.26 19:15:00;5178.12;-430.0;18;LOSS;NEXT_SIGNAL;2026.02.26 19:20:00;5178.13;-429.0;19;LOSS;REV;YES;;;;12.76;34;5167.55;5165.13;241.6;45.0;BEAR NOISE;SELL;OFF;0.80;33.05;30.91;17.63;5166.47;5195.18;5207.94;5220.70;5233.46;5246.22
2026.02.26 19:15:00;XAUUSD;PERIOD_M5;LIVE;VALID;SELL;5178.12;2026.02.26 20:25:00;5177.07;105.0;14;WIN;NEXT_SIGNAL;2026.02.26 20:30:00;5177.45;67.0;15;WIN;REV;YES;;;;6.79;34;5180.61;5180.94;-32.9;-14.0;BEAR;SELL;OFF;0.88;19.25;22.06;18.55;5186.61;5171.33;5164.53;5157.74;5150.94;5144.15
2026.02.26 20:25:00;XAUUSD;PERIOD_M5;LIVE;VALID;BUY;5177.07;2026.02.26 20:30:00;5167.47;-960.0;1;LOSS;NEXT_SIGNAL;2026.02.26 20:35:00;5167.55;-952.0;2;LOSS;REV;YES;;;;5.42;34;5173.73;5173.56;16.9;0.0;BEAR;SELL;OFF;0.90;22.23;25.26;15.21;5170.29;5182.49;5187.91;5193.34;5198.76;5204.18
2026.02.26 20:30:00;XAUUSD;PERIOD_M5;LIVE;VALID;SELL;5167.47;2026.02.26 20:35:00;5175.46;-799.0;1;LOSS;NEXT_SIGNAL;2026.02.26 20:40:00;5175.82;-835.0;2;LOSS;REV;YES;;;;6.22;34;5172.34;5172.82;-47.8;-14.0;BEAR;SELL;OFF;0.90;19.70;21.89;20.53;5175.25;5161.25;5155.03;5148.81;5142.59;5136.37
2026.02.26 20:35:00;XAUUSD;PERIOD_M5;LIVE;VALID;BUY;5175.46;2026.02.26 23:20:00;5191.27;1581.0;33;WIN;NEXT_SIGNAL;2026.02.26 23:25:00;5191.28;1582.0;34;WIN;REV;YES;;;;6.98;34;5173.03;5172.89;14.4;0.0;BEAR;SELL;OFF;0.89;18.06;18.97;22.01;5166.74;5182.44;5189.42;5196.39;5203.37;5210.35
2026.02.26 23:20:00;XAUUSD;PERIOD_M5;LIVE;VALID;SELL;5191.27;2026.02.27 01:50:00;5184.80;647.0;18;WIN;NEXT_SIGNAL;2026.02.27 01:55:03;5185.15;612.0;19;WIN;REV;YES;;;;4.39;40;5195.36;5195.87;-51.0;-14.0;BEAR;SELL;OFF;0.82;25.22;17.58;33.09;5196.75;5186.88;5182.50;5178.11;5173.72;5169.33
2026.02.27 01:50:00;XAUUSD;PERIOD_M5;LIVE;VALID;BUY;5184.80;2026.02.27 02:00:00;5180.18;-462.0;2;LOSS;NEXT_SIGNAL;2026.02.27 02:05:00;5180.20;-460.0;3;LOSS;REV;YES;;;;5.03;34;5184.76;5184.75;1.2;-14.0;BEAR;SELL;OFF;0.83;19.59;16.12;17.30;5178.51;5189.83;5194.86;5199.90;5204.93;5209.96
2026.02.27 02:00:00;XAUUSD;PERIOD_M5;LIVE;VALID;SELL;5180.18;2026.02.27 02:15:00;5189.23;-905.0;3;LOSS;NEXT_SIGNAL;2026.02.27 02:20:00;5189.70;-952.0;4;LOSS;REV;YES;;;;5.03;36;5183.70;5184.15;-45.2;-14.0;BEAR;SELL;OFF;0.84;19.03;12.11;22.14;5186.47;5175.15;5170.12;5165.09;5160.06;5155.03
2026.02.27 02:15:00;XAUUSD;PERIOD_M5;LIVE;VALID;BUY;5189.23;2026.02.27 02:35:00;5174.60;-1463.0;4;LOSS;NEXT_SIGNAL;2026.02.27 02:40:00;5174.62;-1461.0;5;LOSS;REV;YES;;;;4.36;34;5185.12;5184.51;60.6;14.0;BEAR;SELL;OFF;0.85;19.08;21.03;14.42;5183.78;5193.59;5197.94;5202.30;5206.66;5211.02
2026.02.27 02:35:00;XAUUSD;PERIOD_M5;LIVE;VALID;SELL;5174.60;2026.02.27 03:35:00;5190.55;-1595.0;12;LOSS;NEXT_SIGNAL;2026.02.27 03:40:00;5190.93;-1633.0;13;LOSS;REV;YES;;;;5.46;35;5183.44;5184.36;-92.0;-14.0;BEAR;SELL;OFF;0.88;20.46;18.34;29.21;5181.43;5169.14;5163.68;5158.22;5152.76;5147.30
2026.02.27 03:35:00;XAUUSD;PERIOD_M5;LIVE;VALID;BUY;5190.55;2026.02.27 04:35:00;5178.60;-1195.0;12;LOSS;NEXT_SIGNAL;2026.02.27 04:40:00;5178.58;-1197.0;13;LOSS;REV;YES;;;;6.66;36;5180.67;5179.18;148.9;26.6;BEAR NOISE;SELL;OFF;0.94;21.89;27.32;13.58;5182.22;5197.21;5203.88;5210.54;5217.20;5223.86
2026.02.27 04:35:00;XAUUSD;PERIOD_M5;LIVE;VALID;SELL;5178.60;2026.02.27 05:25:00;5186.94;-834.0;10;LOSS;NEXT_SIGNAL;2026.02.27 05:30:00;5187.29;-869.0;11;LOSS;REV;YES;;;;5.86;36;5185.77;5187.19;-142.2;-14.0;BEAR;SELL;OFF;0.96;33.05;12.71;30.97;5185.93;5172.74;5166.88;5161.01;5155.15;5149.29
2026.02.27 05:25:00;XAUUSD;PERIOD_M5;LIVE;VALID;BUY;5186.94;2026.02.27 06:45:00;5185.56;-138.0;16;LOSS;NEXT_SIGNAL;2026.02.27 06:50:00;5185.59;-135.0;17;LOSS;REV;YES;;;;4.66;34;5184.06;5183.93;13.0;0.0;BEAR;SELL;OFF;0.93;22.87;27.86;12.47;5181.11;5191.60;5196.27;5200.93;5205.59;5210.25
2026.02.27 06:45:00;XAUUSD;PERIOD_M5;LIVE;VALID;SELL;5185.56;2026.02.27 07:20:00;5188.85;-329.0;7;LOSS;NEXT_SIGNAL;2026.02.27 07:25:01;5189.22;-366.0;8;LOSS;REV;YES;;;;2.85;36;5186.58;5186.63;-4.8;0.0;BEAR;SELL;OFF;0.86;13.59;17.96;23.33;5189.13;5182.71;5179.86;5177.00;5174.15;5171.30
2026.02.27 07:20:00;XAUUSD;PERIOD_M5;LIVE;VALID;BUY;5188.85;2026.02.27 08:40:00;5193.49;464.0;16;WIN;NEXT_SIGNAL;2026.02.27 08:45:00;5193.50;465.0;17;WIN;REV;YES;;;;2.75;36;5186.30;5185.95;35.2;14.0;BEAR NOISE;SELL;OFF;0.89;18.54;27.01;16.37;5185.42;5191.60;5194.34;5197.09;5199.83;5202.58
2026.02.27 08:40:00;XAUUSD;PERIOD_M5;LIVE;VALID;SELL;5193.49;2026.02.27 10:40:00;5180.23;1326.0;24;WIN;NEXT_SIGNAL;2026.02.27 10:45:00;5180.54;1295.0;25;WIN;REV;YES;;;;4.14;34;5193.90;5194.02;-12.1;0.0;BULL;BUY;OFF;0.92;27.52;20.78;13.69;5198.66;5189.35;5185.22;5181.08;5176.94;5172.80
2026.02.27 10:40:00;XAUUSD;PERIOD_M5;LIVE;VALID;BUY;5180.23;2026.02.27 10:50:00;5178.23;-200.0;2;LOSS;NEXT_SIGNAL;2026.02.27 10:55:00;5178.35;-188.0;3;LOSS;REV;YES;;;;3.87;34;5179.55;5179.43;12.7;0.0;BULL;BUY;OFF;0.68;36.37;9.93;13.70;5175.39;5184.10;5187.98;5191.85;5195.73;5199.60
2026.02.27 10:50:00;XAUUSD;PERIOD_M5;LIVE;VALID;SELL;5178.23;2026.02.27 11:30:00;5179.58;-135.0;8;LOSS;NEXT_SIGNAL;2026.02.27 11:35:00;5180.02;-179.0;9;LOSS;REV;YES;;;;3.99;34;5179.19;5179.21;-2.3;0.0;BULL;BUY;OFF;0.77;31.41;10.18;19.02;5183.21;5174.24;5170.26;5166.27;5162.29;5158.30
2026.02.27 11:30:00;XAUUSD;PERIOD_M5;LIVE;VALID;BUY;5179.58;2026.02.27 11:50:00;5173.21;-637.0;4;LOSS;NEXT_SIGNAL;2026.02.27 11:55:00;5173.40;-618.0;5;LOSS;REV;YES;;;;3.38;34;5178.88;5178.80;7.6;0.0;BULL;BUY;OFF;0.82;19.28;16.42;16.00;5175.35;5182.96;5186.34;5189.73;5193.11;5196.49
2026.02.27 11:50:00;XAUUSD;PERIOD_M5;LIVE;VALID;SELL;5173.21;2026.02.27 12:50:00;5176.99;-378.0;12;LOSS;NEXT_SIGNAL;2026.02.27 12:55:00;5177.28;-407.0;13;LOSS;REV;YES;;;;3.78;34;5177.71;5178.40;-69.6;-14.0;BULL NOISE;BUY;OFF;0.83;14.58;16.91;17.52;5177.94;5169.43;5165.64;5161.86;5158.08;5154.29
2026.02.27 12:50:00;XAUUSD;PERIOD_M5;LIVE;VALID;BUY;5176.99;2026.02.27 13:15:00;5174.07;-292.0;5;LOSS;NEXT_SIGNAL;2026.02.27 13:20:01;5174.30;-269.0;6;LOSS;REV;YES;;;;5.44;34;5175.92;5175.79;13.4;0.0;BULL;BUY;OFF;0.87;16.53;18.34;13.85;5170.19;5182.43;5187.87;5193.30;5198.74;5204.18
2026.02.27 13:15:00;XAUUSD;PERIOD_M5;LIVE;VALID;SELL;5174.07;2026.02.27 13:20:00;5176.71;-264.0;1;LOSS;NEXT_SIGNAL;2026.02.27 13:25:00;5177.07;-300.0;2;LOSS;REV;YES;;;;4.36;34;5175.48;5175.54;-5.5;0.0;BULL;BUY;OFF;0.85;17.35;9.42;18.59;5179.53;5169.71;5165.34;5160.98;5156.61;5152.25
2026.02.27 13:20:00;XAUUSD;PERIOD_M5;LIVE;VALID;BUY;5176.71;2026.02.27 16:45:00;5222.87;4616.0;41;WIN;NEXT_SIGNAL;2026.02.27 16:50:00;5222.84;4613.0;42;WIN;REV;YES;;;;4.17;34;5175.75;5175.64;11.5;0.0;BULL;BUY;OFF;0.85;15.48;17.23;16.11;5171.50;5180.88;5185.04;5189.21;5193.38;5197.55
2026.02.27 16:45:00;XAUUSD;PERIOD_M5;LIVE;VALID;SELL;5222.87;2026.02.27 16:50:00;5225.82;-295.0;1;LOSS;NEXT_SIGNAL;2026.02.27 16:55:00;5226.15;-328.0;2;LOSS;REV;YES;;;;9.86;36;5224.09;5224.11;-2.3;0.0;BULL;BUY;OFF;0.90;19.46;15.88;16.05;5235.20;5213.01;5203.14;5193.28;5183.42;5173.55
2026.02.27 16:50:00;XAUUSD;PERIOD_M5;LIVE;VALID;BUY;5225.82;2026.02.27 17:00:00;5222.57;-325.0;2;LOSS;NEXT_SIGNAL;2026.02.27 17:05:00;5222.59;-323.0;3;LOSS;REV;YES;;;;9.56;34;5224.47;5224.33;14.0;0.0;BULL;BUY;OFF;0.88;19.32;20.18;13.91;5213.87;5235.38;5244.94;5254.50;5264.07;5273.63
2026.02.27 17:00:00;XAUUSD;PERIOD_M5;LIVE;VALID;SELL;5222.57;2026.02.27 17:05:00;5230.39;-782.0;1;LOSS;NEXT_SIGNAL;2026.02.27 17:10:00;5230.77;-820.0;2;LOSS;REV;YES;;;;9.49;34;5223.92;5224.12;-19.9;0.0;BULL;BUY;OFF;0.88;16.25;15.16;16.19;5234.43;5213.08;5203.60;5194.11;5184.63;5175.14
2026.02.27 17:05:00;XAUUSD;PERIOD_M5;LIVE;VALID;BUY;5230.39;2026.02.27 17:20:00;5219.15;-1124.0;3;LOSS;NEXT_SIGNAL;2026.02.27 17:25:00;5219.14;-1125.0;4;LOSS;REV;YES;;;;9.71;34;5225.36;5224.75;60.8;14.0;BULL;BUY;OFF;0.84;16.82;21.27;14.03;5218.25;5240.11;5249.82;5259.53;5269.25;5278.97
2026.02.27 17:20:00;XAUUSD;PERIOD_M5;LIVE;VALID;SELL;5219.15;2026.02.27 17:25:00;5231.44;-1229.0;1;LOSS;NEXT_SIGNAL;2026.02.27 17:30:00;5232.09;-1294.0;2;LOSS;REV;YES;;;;10.61;34;5225.26;5225.51;-24.7;0.0;BULL;BUY;OFF;0.90;16.26;17.33;21.36;5232.41;5208.54;5197.93;5187.32;5176.71;5166.10
2026.02.27 17:25:00;XAUUSD;PERIOD_M5;LIVE;VALID;BUY;5231.44;2026.02.27 18:40:00;5235.59;415.0;15;WIN;NEXT_SIGNAL;2026.02.27 18:45:00;5235.63;419.0;16;WIN;REV;YES;;;;11.48;34;5226.64;5226.17;46.6;14.0;BULL;BUY;OFF;0.91;14.64;20.08;18.51;5217.09;5242.92;5254.40;5265.89;5277.37;5288.85
2026.02.27 18:40:00;XAUUSD;PERIOD_M5;LIVE;VALID;SELL;5235.59;2026.02.27 19:45:00;5236.35;-76.0;13;LOSS;NEXT_SIGNAL;2026.02.27 19:50:00;5236.68;-109.0;14;LOSS;REV;YES;;;;10.02;34;5236.69;5237.09;-40.0;0.0;BULL;BUY;OFF;0.96;33.18;17.90;10.92;5248.12;5225.57;5215.55;5205.53;5195.50;5185.48
2026.02.27 19:45:00;XAUUSD;PERIOD_M5;LIVE;VALID;BUY;5236.35;2026.02.27 20:25:00;5230.48;-587.0;8;LOSS;NEXT_SIGNAL;2026.02.27 20:30:00;5230.46;-589.0;9;LOSS;REV;YES;;;;6.04;34;5232.04;5231.76;28.2;14.0;BULL;BUY;OFF;0.98;25.04;16.50;17.40;5228.80;5242.39;5248.43;5254.46;5260.50;5266.54
2026.02.27 20:25:00;XAUUSD;PERIOD_M5;LIVE;VALID;SELL;5230.48;2026.02.27 20:40:00;5239.64;-916.0;3;LOSS;NEXT_SIGNAL;2026.02.27 20:45:00;5239.91;-943.0;4;LOSS;REV;YES;;;;5.50;36;5231.99;5232.24;-25.3;0.0;BULL;BUY;OFF;0.88;24.92;9.30;27.47;5237.36;5224.98;5219.47;5213.97;5208.47;5202.97
2026.02.27 20:40:00;XAUUSD;PERIOD_M5;LIVE;VALID;BUY;5239.64;2026.03.02 02:25:00;5363.87;12423.0;57;WIN;NEXT_SIGNAL;2026.03.02 02:30:00;5363.85;12421.0;58;WIN;REV;YES;;;;5.40;34;5233.08;5232.65;43.3;14.0;BULL;BUY;OFF;0.76;26.67;17.44;17.88;5232.89;5245.04;5250.44;5255.84;5261.23;5266.63
2026.03.02 02:25:00;XAUUSD;PERIOD_M5;LIVE;BLOCKED;SELL;5363.87;2026.03.02 04:20:00;5332.59;3128.0;23;WIN;NEXT_SIGNAL;;;;;;;NO;MARKET;SPREAD;;14.23;65;5366.96;5367.81;-85.4;0.0;BULL;BUY;OFF;0.85;41.21;12.84;19.08;5381.65;5349.64;5335.42;5321.19;5306.96;5292.74
2026.03.02 04:20:00;XAUUSD;PERIOD_M5;LIVE;BLOCKED;BUY;5332.59;2026.03.02 06:35:00;5350.26;1767.0;27;WIN;NEXT_SIGNAL;;;;;;;NO;MARKET;SPREAD;;14.01;65;5328.95;5328.71;24.2;0.0;BULL;BUY;OFF;0.89;20.18;14.40;12.38;5315.07;5346.60;5360.62;5374.63;5388.65;5402.66
2026.03.02 06:35:00;XAUUSD;PERIOD_M5;LIVE;BLOCKED;SELL;5350.26;2026.03.02 07:40:00;5360.43;-1017.0;13;LOSS;NEXT_SIGNAL;;;;;;;NO;MARKET;SPREAD;;6.37;62;5359.01;5360.10;-108.6;0.0;BULL NOISE;BUY;OFF;0.95;41.33;12.19;25.52;5358.22;5343.89;5337.52;5331.15;5324.79;5318.42
2026.03.02 07:40:00;XAUUSD;PERIOD_M5;LIVE;BLOCKED;BUY;5360.43;2026.03.02 10:40:00;5401.72;4129.0;36;WIN;NEXT_SIGNAL;;;;;;;NO;MARKET;SPREAD;;6.97;64;5355.01;5354.20;81.5;0.0;BULL;BUY;OFF;0.92;26.08;28.33;14.20;5351.71;5367.41;5374.38;5381.36;5388.33;5395.31
2026.03.02 10:40:00;XAUUSD;PERIOD_M5;LIVE;VALID;SELL;5401.72;2026.03.02 12:40:00;5400.41;131.0;24;WIN;NEXT_SIGNAL;2026.03.02 12:45:00;5400.80;92.0;25;WIN;REV;YES;;;;8.11;37;5408.03;5408.57;-54.7;-14.0;BULL;BUY;OFF;0.77;23.71;15.31;21.78;5411.86;5393.61;5385.49;5377.38;5369.27;5361.15
2026.03.02 12:40:00;XAUUSD;PERIOD_M5;LIVE;VALID;BUY;5400.41;2026.03.02 12:55:00;5388.94;-1147.0;3;LOSS;NEXT_SIGNAL;2026.03.02 13:00:00;5389.00;-1141.0;4;LOSS;REV;YES;;;;7.03;40;5393.53;5392.49;104.3;14.0;BULL;BUY;OFF;0.85;30.11;20.09;16.05;5391.62;5407.44;5414.47;5421.50;5428.52;5435.55
2026.03.02 12:55:00;XAUUSD;PERIOD_M5;LIVE;VALID;SELL;5388.94;2026.03.02 13:30:00;5396.75;-781.0;7;LOSS;NEXT_SIGNAL;2026.03.02 13:35:00;5397.14;-820.0;8;LOSS;REV;YES;;;;7.66;40;5391.40;5391.67;-27.2;0.0;BULL;BUY;OFF;0.88;27.31;13.08;23.70;5398.52;5381.28;5373.61;5365.95;5358.29;5350.62
2026.03.02 13:30:00;XAUUSD;PERIOD_M5;LIVE;VALID;BUY;5396.75;2026.03.02 13:45:00;5380.79;-1596.0;3;LOSS;NEXT_SIGNAL;2026.03.02 13:50:00;5381.44;-1531.0;4;LOSS;REV;YES;;;;7.44;40;5391.57;5391.04;53.6;14.0;BULL;BUY;OFF;0.84;17.57;23.47;15.13;5387.45;5404.19;5411.63;5419.07;5426.51;5433.95
2026.03.02 13:45:00;XAUUSD;PERIOD_M5;LIVE;VALID;SELL;5380.79;2026.03.02 14:20:00;5394.37;-1358.0;7;LOSS;NEXT_SIGNAL;2026.03.02 14:25:00;5394.75;-1396.0;8;LOSS;REV;YES;;;;7.92;39;5389.30;5390.32;-102.9;-14.0;BULL NOISE;BUY;OFF;0.83;18.02;18.96;30.59;5390.69;5372.87;5364.96;5357.04;5349.12;5341.21
2026.03.02 14:20:00;XAUUSD;PERIOD_M5;LIVE;VALID;BUY;5394.37;2026.03.02 15:50:00;5393.33;-104.0;18;LOSS;NEXT_SIGNAL;2026.03.02 15:55:00;5393.33;-104.0;19;LOSS;REV;YES;;;;7.73;39;5389.40;5388.83;57.3;0.0;BULL;BUY;OFF;0.70;18.79;30.23;21.13;5384.70;5402.10;5409.83;5417.57;5425.30;5433.03
2026.03.02 15:50:00;XAUUSD;PERIOD_M5;LIVE;VALID;SELL;5393.33;2026.03.02 17:35:00;5347.62;4571.0;21;WIN;NEXT_SIGNAL;2026.03.02 17:40:00;5348.12;4521.0;22;WIN;REV;YES;;;;11.62;37;5395.90;5396.21;-30.2;0.0;BULL;BUY;OFF;0.92;13.03;15.76;20.73;5407.85;5381.71;5370.09;5358.48;5346.86;5335.24
2026.03.02 17:35:00;XAUUSD;PERIOD_M5;LIVE;VALID;BUY;5347.62;2026.03.02 17:55:00;5315.86;-3176.0;4;LOSS;NEXT_SIGNAL;2026.03.02 18:00:00;5315.80;-3182.0;5;LOSS;REV;YES;;;;20.14;40;5338.86;5337.99;87.5;0.0;BEAR;SELL;OFF;0.69;35.10;15.37;15.08;5322.45;5367.76;5387.89;5408.03;5428.17;5448.30
2026.03.02 17:55:00;XAUUSD;PERIOD_M5;LIVE;VALID;SELL;5315.86;2026.03.02 19:20:00;5304.60;1126.0;17;WIN;NEXT_SIGNAL;2026.03.02 19:25:00;5304.98;1088.0;18;WIN;REV;YES;;;;17.46;40;5332.49;5334.42;-193.0;-14.0;BEAR;SELL;OFF;0.74;31.61;8.67;24.17;5337.69;5298.40;5280.94;5263.48;5246.02;5228.56
2026.03.02 19:20:00;XAUUSD;PERIOD_M5;LIVE;VALID;BUY;5304.60;2026.03.02 20:05:00;5291.38;-1322.0;9;LOSS;NEXT_SIGNAL;2026.03.02 20:10:00;5292.00;-1260.0;10;LOSS;REV;YES;;;;14.21;40;5300.00;5299.23;76.7;14.0;BEAR;SELL;OFF;0.85;19.65;21.94;19.40;5286.84;5318.81;5333.01;5347.22;5361.43;5375.63
2026.03.02 20:05:00;XAUUSD;PERIOD_M5;LIVE;VALID;SELL;5291.38;2026.03.02 20:45:00;5311.09;-1971.0;8;LOSS;NEXT_SIGNAL;2026.03.02 20:50:00;5311.55;-2017.0;9;LOSS;REV;YES;;;;9.88;40;5301.28;5302.55;-127.1;0.0;BEAR;SELL;OFF;0.97;17.68;16.63;30.70;5303.74;5281.49;5271.61;5261.73;5251.84;5241.96
2026.03.02 20:45:00;XAUUSD;PERIOD_M5;LIVE;VALID;BUY;5311.09;2026.03.02 23:20:00;5336.60;2551.0;31;WIN;NEXT_SIGNAL;2026.03.02 23:25:00;5336.62;2553.0;32;WIN;REV;YES;;;;8.79;39;5301.68;5301.19;48.3;14.0;BEAR;SELL;OFF;0.85;16.93;26.31;16.05;5300.10;5319.88;5328.67;5337.47;5346.26;5355.05
2026.03.02 23:20:00;XAUUSD;PERIOD_M5;LIVE;VALID;SELL;5336.60;2026.03.03 01:10:00;5338.64;-204.0;10;LOSS;NEXT_SIGNAL;2026.03.03 01:15:00;5339.12;-252.0;11;LOSS;REV;YES;;;;8.56;45;5337.22;5337.27;-5.3;0.0;BEAR;SELL;OFF;0.86;18.91;11.31;15.43;5347.30;5328.04;5319.49;5310.93;5302.37;5293.82
2026.03.03 01:10:00;XAUUSD;PERIOD_M5;LIVE;VALID;BUY;5338.64;2026.03.03 03:50:00;5355.99;1735.0;32;WIN;NEXT_SIGNAL;2026.03.03 03:55:01;5356.65;1801.0;33;WIN;REV;YES;;;;7.15;45;5334.33;5333.48;85.1;0.0;BULL;BUY;OFF;0.82;23.58;15.10;20.26;5329.70;5345.79;5352.94;5360.09;5367.24;5374.39
2026.03.03 03:50:00;XAUUSD;PERIOD_M5;LIVE;VALID;SELL;5355.99;2026.03.03 04:45:00;5363.81;-782.0;11;LOSS;NEXT_SIGNAL;2026.03.03 04:50:01;5364.25;-826.0;12;LOSS;REV;YES;;;;9.90;40;5363.16;5364.19;-102.8;-14.0;BULL NOISE;BUY;OFF;0.93;33.23;15.46;24.06;5368.37;5346.09;5336.18;5326.28;5316.38;5306.47
2026.03.03 04:45:00;XAUUSD;PERIOD_M5;LIVE;VALID;BUY;5363.81;2026.03.03 05:55:00;5366.94;313.0;14;WIN;NEXT_SIGNAL;2026.03.03 06:00:00;5366.95;314.0;15;WIN;REV;YES;;;;11.56;40;5358.52;5357.42;109.6;14.0;BULL;BUY;OFF;0.87;29.14;23.63;8.96;5349.35;5375.37;5386.94;5398.50;5410.07;5421.63
2026.03.03 05:55:00;XAUUSD;PERIOD_M5;LIVE;BLOCKED;SELL;5366.94;2026.03.03 06:25:00;5371.86;-492.0;6;LOSS;NEXT_SIGNAL;;;;;;;NO;MARKET;SPREAD;;5.67;51;5366.49;5366.58;-9.3;0.0;BULL;BUY;OFF;0.91;28.81;11.16;14.35;5374.03;5361.27;5355.59;5349.92;5344.25;5338.58
2026.03.03 06:25:00;XAUUSD;PERIOD_M5;LIVE;VALID;BUY;5371.86;2026.03.03 06:50:00;5364.60;-726.0;5;LOSS;NEXT_SIGNAL;2026.03.03 06:55:00;5364.41;-745.0;6;LOSS;REV;YES;;;;5.73;38;5367.56;5367.08;48.5;14.0;BULL;BUY;OFF;0.97;27.20;27.28;11.01;5364.70;5377.59;5383.31;5389.04;5394.76;5400.49
2026.03.03 06:50:00;XAUUSD;PERIOD_M5;LIVE;VALID;SELL;5364.60;2026.03.03 09:05:00;5313.44;5116.0;27;WIN;NEXT_SIGNAL;2026.03.03 09:10:00;5313.80;5080.0;28;WIN;REV;YES;;;;5.56;40;5366.93;5367.13;-19.6;0.0;BULL;BUY;OFF;0.88;23.78;13.34;24.60;5371.55;5359.04;5353.48;5347.92;5342.37;5336.81
2026.03.03 09:05:00;XAUUSD;PERIOD_M5;LIVE;VALID;BUY;5313.44;2026.03.03 10:25:00;5311.92;-152.0;16;LOSS;NEXT_SIGNAL;2026.03.03 10:30:00;5312.01;-143.0;17;LOSS;REV;YES;;;;13.81;35;5310.80;5310.67;12.6;-14.0;BEAR;SELL;OFF;0.87;35.61;21.21;21.91;5296.17;5327.25;5341.07;5354.88;5368.69;5382.50
2026.03.03 10:25:00;XAUUSD;PERIOD_M5;LIVE;VALID;SELL;5311.92;2026.03.03 12:25:00;5276.66;3526.0;24;WIN;NEXT_SIGNAL;2026.03.03 12:30:00;5276.38;3554.0;25;WIN;REV;YES;;;;8.44;35;5320.58;5321.73;-115.3;-14.0;BEAR;SELL;OFF;0.87;26.58;12.41;17.95;5322.47;5303.48;5295.04;5286.60;5278.16;5269.72
2026.03.03 12:25:00;XAUUSD;PERIOD_M5;LIVE;VALID;BUY;5276.66;2026.03.03 12:30:00;5269.03;-763.0;1;LOSS;NEXT_SIGNAL;2026.03.03 12:35:00;5269.04;-762.0;2;LOSS;REV;YES;;;;16.80;34;5274.71;5274.46;24.1;-14.0;BEAR;SELL;OFF;0.89;23.44;17.09;14.84;5255.66;5293.46;5310.26;5327.06;5343.87;5360.67
2026.03.03 12:30:00;XAUUSD;PERIOD_M5;LIVE;VALID;SELL;5269.03;2026.03.03 14:15:00;5191.51;7752.0;21;WIN;NEXT_SIGNAL;2026.03.03 14:20:00;5191.88;7715.0;22;WIN;REV;YES;;;;16.29;34;5273.44;5273.57;-12.4;0.0;BEAR;SELL;OFF;0.92;22.33;14.81;20.07;5289.39;5252.74;5236.45;5220.16;5203.87;5187.58
2026.03.03 14:15:00;XAUUSD;PERIOD_M5;LIVE;VALID;BUY;5191.51;2026.03.03 15:05:00;5152.59;-3892.0;10;LOSS;NEXT_SIGNAL;2026.03.03 15:10:00;5152.57;-3894.0;11;LOSS;REV;YES;;;;30.58;38;5171.48;5167.33;414.3;0.0;BEAR;SELL;OFF;0.89;35.78;30.31;12.81;5153.29;5222.09;5252.67;5283.25;5313.83;5344.41
2026.03.03 15:05:00;XAUUSD;PERIOD_M5;LIVE;VALID;SELL;5152.59;2026.03.03 17:45:00;5073.15;7944.0;32;WIN;NEXT_SIGNAL;2026.03.03 17:50:00;5073.52;7907.0;33;WIN;REV;YES;;;;19.71;40;5187.78;5187.95;-16.7;-14.0;BEAR;SELL;OFF;0.79;35.28;25.37;25.02;5177.23;5132.88;5113.17;5093.46;5073.75;5054.04
2026.03.03 17:45:00;XAUUSD;PERIOD_M5;LIVE;VALID;BUY;5073.15;2026.03.03 19:00:00;5086.93;1378.0;15;WIN;NEXT_SIGNAL;2026.03.03 19:05:00;5086.94;1379.0;16;WIN;REV;YES;;;;31.42;40;5059.69;5059.30;39.0;0.0;BEAR;SELL;OFF;0.90;32.06;17.61;12.69;5033.87;5104.57;5136.00;5167.42;5198.84;5230.27
2026.03.03 19:00:00;XAUUSD;PERIOD_M5;LIVE;VALID;SELL;5086.93;2026.03.03 20:10:00;5103.33;-1640.0;14;LOSS;NEXT_SIGNAL;2026.03.03 20:15:00;5103.73;-1680.0;15;LOSS;REV;YES;;;;16.93;36;5104.38;5104.87;-48.3;0.0;BEAR;SELL;OFF;0.89;27.89;14.96;23.60;5108.09;5070.00;5053.08;5036.15;5019.22;5002.29
2026.03.03 20:10:00;XAUUSD;PERIOD_M5;LIVE;VALID;BUY;5103.33;2026.03.03 21:25:00;5106.16;283.0;15;WIN;NEXT_SIGNAL;2026.03.03 21:30:00;5106.45;312.0;16;WIN;REV;YES;;;;12.66;35;5090.80;5089.28;152.0;0.0;BEAR NOISE;SELL;OFF;0.77;21.57;28.27;17.52;5087.50;5115.99;5128.65;5141.31;5153.97;5166.63
2026.03.03 21:25:00;XAUUSD;PERIOD_M5;LIVE;VALID;SELL;5106.16;2026.03.03 22:20:00;5129.38;-2322.0;11;LOSS;NEXT_SIGNAL;2026.03.03 22:25:00;5129.76;-2360.0;12;LOSS;REV;YES;;;;12.70;35;5117.71;5119.70;-199.1;0.0;BEAR;SELL;OFF;0.83;26.09;17.02;30.57;5122.03;5093.46;5080.76;5068.07;5055.37;5042.67
2026.03.03 22:20:00;XAUUSD;PERIOD_M5;LIVE;VALID;BUY;5129.38;2026.03.03 22:40:00;5111.45;-1793.0;4;LOSS;NEXT_SIGNAL;2026.03.03 22:45:00;5111.35;-1803.0;5;LOSS;REV;YES;;;;12.23;35;5119.28;5117.86;142.0;0.0;BEAR;SELL;OFF;0.86;16.37;24.47;13.79;5114.09;5141.61;5153.84;5166.07;5178.30;5190.53
2026.03.03 22:40:00;XAUUSD;PERIOD_M5;LIVE;VALID;SELL;5111.45;2026.03.04 01:05:00;5105.72;573.0;17;WIN;NEXT_SIGNAL;2026.03.04 01:10:02;5107.65;380.0;18;WIN;REV;YES;;;;11.83;35;5115.74;5116.29;-55.1;0.0;BEAR;SELL;OFF;0.87;17.26;13.81;24.10;5126.24;5099.62;5087.79;5075.96;5064.13;5052.30
2026.03.04 01:05:00;XAUUSD;PERIOD_M5;LIVE;VALID;BUY;5105.72;2026.03.04 04:50:00;5163.25;5753.0;45;WIN;NEXT_SIGNAL;2026.03.04 04:55:00;5163.26;5754.0;46;WIN;REV;YES;;;;10.46;45;5097.83;5096.30;152.7;0.0;BEAR;SELL;OFF;0.75;30.04;20.64;16.28;5092.64;5116.18;5126.64;5137.11;5147.57;5158.03
2026.03.04 04:50:00;XAUUSD;PERIOD_M5;LIVE;VALID;SELL;5163.25;2026.03.04 05:45:00;5166.61;-336.0;11;LOSS;NEXT_SIGNAL;2026.03.04 05:50:00;5167.05;-380.0;12;LOSS;REV;YES;;;;10.49;38;5171.00;5172.56;-156.0;0.0;BEAR;SELL;OFF;0.79;28.15;19.46;22.75;5176.36;5152.76;5142.28;5131.79;5121.31;5110.82
2026.03.04 05:45:00;XAUUSD;PERIOD_M5;LIVE;VALID;BUY;5166.61;2026.03.04 06:40:00;5161.64;-497.0;11;LOSS;NEXT_SIGNAL;2026.03.04 06:45:00;5161.65;-496.0;12;LOSS;REV;YES;;;;10.19;40;5162.09;5162.02;7.2;0.0;BEAR;SELL;OFF;0.85;19.58;27.46;16.21;5153.87;5176.80;5187.00;5197.19;5207.38;5217.57
2026.03.04 06:40:00;XAUUSD;PERIOD_M5;LIVE;VALID;SELL;5161.64;2026.03.04 07:45:00;5166.21;-457.0;13;LOSS;NEXT_SIGNAL;2026.03.04 07:50:00;5166.64;-500.0;14;LOSS;REV;YES;;;;7.89;40;5166.73;5167.43;-70.0;0.0;BEAR;SELL;OFF;0.93;21.80;12.16;23.86;5171.50;5153.75;5145.86;5137.97;5130.07;5122.18
2026.03.04 07:45:00;XAUUSD;PERIOD_M5;LIVE;VALID;BUY;5166.21;2026.03.04 08:00:00;5141.63;-2458.0;3;LOSS;NEXT_SIGNAL;2026.03.04 08:05:00;5141.85;-2436.0;4;LOSS;REV;YES;;;;8.55;40;5161.34;5160.36;97.9;0.0;BEAR;SELL;OFF;0.85;16.56;12.87;14.26;5155.52;5174.76;5183.31;5191.86;5200.42;5208.97
2026.03.04 08:00:00;XAUUSD;PERIOD_M5;LIVE;VALID;SELL;5141.63;2026.03.04 08:55:00;5160.33;-1870.0;11;LOSS;NEXT_SIGNAL;2026.03.04 09:00:00;5160.89;-1926.0;12;LOSS;REV;YES;;;;9.25;40;5156.26;5158.07;-180.5;-14.0;BEAR;SELL;OFF;0.82;19.31;9.13;23.44;5153.20;5132.38;5123.12;5113.87;5104.61;5095.36
2026.03.04 08:55:00;XAUUSD;PERIOD_M5;LIVE;VALID;BUY;5160.33;2026.03.04 10:05:00;5148.67;-1166.0;14;LOSS;NEXT_SIGNAL;2026.03.04 10:10:00;5148.72;-1161.0;15;LOSS;REV;YES;;;;11.83;40;5150.77;5149.30;146.4;0.0;BEAR NOISE;SELL;OFF;0.73;19.39;19.89;14.26;5145.54;5172.16;5183.99;5195.82;5207.65;5219.48
2026.03.04 10:05:00;XAUUSD;PERIOD_M5;LIVE;VALID;SELL;5148.67;2026.03.04 10:40:00;5175.64;-2697.0;7;LOSS;NEXT_SIGNAL;2026.03.04 10:45:00;5176.00;-2733.0;8;LOSS;REV;YES;;;;8.51;39;5162.67;5165.10;-243.6;-14.0;BEAR;SELL;OFF;0.85;27.66;13.93;33.08;5159.30;5140.16;5131.66;5123.15;5114.64;5106.14
2026.03.04 10:40:00;XAUUSD;PERIOD_M5;LIVE;VALID;BUY;5175.64;2026.03.04 14:15:00;5183.71;807.0;43;WIN;NEXT_SIGNAL;2026.03.04 14:20:00;5183.14;750.0;44;WIN;REV;YES;;;;8.63;35;5166.53;5165.18;135.2;0.0;BEAR NOISE;SELL;OFF;0.80;25.32;31.57;12.15;5164.85;5184.27;5192.90;5201.53;5210.16;5218.79
2026.03.04 14:15:00;XAUUSD;PERIOD_M5;LIVE;VALID;SELL;5183.71;2026.03.04 15:10:00;5193.68;-997.0;11;LOSS;NEXT_SIGNAL;2026.03.04 15:15:00;5194.33;-1062.0;12;LOSS;REV;YES;;;;6.49;39;5193.47;5193.92;-45.5;0.0;BEAR;SELL;OFF;0.78;19.19;17.61;29.13;5191.83;5177.22;5170.72;5164.23;5157.73;5151.24
2026.03.04 15:10:00;XAUUSD;PERIOD_M5;LIVE;BLOCKED;BUY;5193.68;2026.03.04 15:55:00;5167.87;-2581.0;9;LOSS;NEXT_SIGNAL;;;;;;;NO;MARKET;SPREAD;;9.32;51;5180.98;5180.28;70.1;14.0;BEAR NOISE;SELL;OFF;0.75;28.75;34.11;22.81;5182.03;5203.00;5212.32;5221.64;5230.97;5240.29
2026.03.04 15:55:00;XAUUSD;PERIOD_M5;LIVE;VALID;SELL;5167.87;2026.03.04 18:00:00;5157.67;1020.0;25;WIN;NEXT_SIGNAL;2026.03.04 18:05:00;5158.12;975.0;26;WIN;REV;YES;;;;9.39;39;5181.93;5182.47;-54.4;0.0;BEAR;SELL;OFF;0.77;18.30;16.90;34.99;5179.61;5158.48;5149.09;5139.70;5130.31;5120.92
2026.03.04 18:00:00;XAUUSD;PERIOD_M5;LIVE;VALID;BUY;5157.67;2026.03.04 18:15:00;5147.62;-1005.0;3;LOSS;NEXT_SIGNAL;2026.03.04 18:20:00;5147.60;-1007.0;4;LOSS;REV;YES;;;;13.67;37;5151.30;5151.23;7.4;0.0;BEAR;SELL;OFF;0.80;22.89;31.53;15.36;5140.58;5171.34;5185.01;5198.68;5212.35;5226.02
2026.03.04 18:15:00;XAUUSD;PERIOD_M5;LIVE;VALID;SELL;5147.62;2026.03.04 18:35:00;5150.73;-311.0;4;LOSS;NEXT_SIGNAL;2026.03.04 18:40:00;5151.05;-343.0;5;LOSS;REV;YES;;;;11.71;34;5149.70;5149.75;-4.6;-14.0;BEAR;SELL;OFF;0.73;18.02;20.52;19.85;5162.25;5135.91;5124.20;5112.50;5100.79;5089.08
2026.03.04 18:35:00;XAUUSD;PERIOD_M5;LIVE;VALID;BUY;5150.73;2026.03.04 18:40:00;5146.70;-403.0;1;LOSS;NEXT_SIGNAL;2026.03.04 18:45:00;5146.75;-398.0;2;LOSS;REV;YES;;;;11.04;34;5149.08;5149.00;7.4;0.0;BULL;BUY;OFF;0.83;18.35;18.74;11.20;5136.94;5161.77;5172.80;5183.84;5194.87;5205.91
2026.03.04 18:40:00;XAUUSD;PERIOD_M5;LIVE;VALID;SELL;5146.70;2026.03.04 19:00:00;5149.54;-284.0;4;LOSS;NEXT_SIGNAL;2026.03.04 19:05:00;5150.03;-333.0;5;LOSS;REV;YES;;;;11.49;39;5148.55;5148.76;-21.5;0.0;BULL;BUY;OFF;0.83;20.39;19.53;9.71;5161.07;5135.21;5123.71;5112.22;5100.73;5089.24
2026.03.04 19:00:00;XAUUSD;PERIOD_M5;LIVE;VALID;BUY;5149.54;2026.03.04 19:05:00;5147.27;-227.0;1;LOSS;NEXT_SIGNAL;2026.03.04 19:10:00;5147.28;-226.0;2;LOSS;REV;YES;;;;9.51;34;5148.80;5148.71;9.3;0.0;BULL;BUY;OFF;0.92;17.98;14.34;8.84;5137.65;5159.05;5168.56;5178.07;5187.57;5197.08
2026.03.04 19:05:00;XAUUSD;PERIOD_M5;LIVE;VALID;SELL;5147.27;2026.03.04 21:00:00;5130.56;1671.0;23;WIN;NEXT_SIGNAL;2026.03.04 21:05:00;5130.87;1640.0;24;WIN;REV;YES;;;;9.49;35;5148.46;5148.50;-3.4;0.0;BULL;BUY;OFF;0.89;19.81;14.79;7.66;5159.13;5137.78;5128.29;5118.80;5109.30;5099.81
2026.03.04 21:00:00;XAUUSD;PERIOD_M5;LIVE;VALID;BUY;5130.56;2026.03.04 21:25:00;5124.56;-600.0;5;LOSS;NEXT_SIGNAL;2026.03.04 21:30:00;5124.52;-604.0;6;LOSS;REV;YES;;;;9.88;34;5129.31;5128.99;31.3;0.0;BULL;BUY;OFF;0.87;22.71;17.15;15.26;5118.22;5140.44;5150.31;5160.19;5170.06;5179.94
2026.03.04 21:25:00;XAUUSD;PERIOD_M5;LIVE;VALID;SELL;5124.56;2026.03.04 21:40:00;5130.77;-621.0;3;LOSS;NEXT_SIGNAL;2026.03.04 21:45:00;5131.12;-656.0;4;LOSS;REV;YES;;;;8.10;39;5127.98;5128.04;-5.5;0.0;BULL;BUY;OFF;0.88;23.50;8.39;19.80;5134.69;5116.46;5108.36;5100.26;5092.16;5084.06
2026.03.04 21:40:00;XAUUSD;PERIOD_M5;LIVE;VALID;BUY;5130.77;2026.03.04 23:30:00;5129.61;-116.0;22;LOSS;NEXT_SIGNAL;2026.03.04 23:35:00;5129.57;-120.0;23;LOSS;REV;YES;;;;6.91;34;5128.37;5128.10;27.0;0.0;BULL;BUY;OFF;0.91;20.88;15.26;12.89;5122.14;5137.68;5144.59;5151.49;5158.40;5165.31
2026.03.04 23:30:00;XAUUSD;PERIOD_M5;LIVE;VALID;SELL;5129.61;2026.03.05 03:40:00;5172.30;-4269.0;38;LOSS;NEXT_SIGNAL;2026.03.05 01:00:03;5146.88;-1727.0;6;LOSS;REV;YES;;;;5.97;45;5137.17;5137.58;-41.3;-14.0;BULL NOISE;BUY;OFF;0.84;18.84;14.76;21.82;5137.08;5123.64;5117.66;5111.69;5105.71;5099.74
2026.03.05 03:40:00;XAUUSD;PERIOD_M5;LIVE;VALID;SELL;5172.30;2026.03.05 04:10:00;5178.58;-628.0;6;LOSS;NEXT_SIGNAL;2026.03.05 04:15:00;5178.93;-663.0;7;LOSS;REV;NO;POSITION_ACTIVE;;;7.24;39;5174.83;5174.89;-6.2;-14.0;BULL;BUY;OFF;0.75;19.91;13.64;20.39;5181.35;5165.06;5157.82;5150.58;5143.35;5136.11
2026.03.05 04:10:00;XAUUSD;PERIOD_M5;LIVE;VALID;BUY;5178.58;2026.03.05 05:50:00;5183.33;475.0;20;WIN;NEXT_SIGNAL;2026.03.05 05:55:01;5183.34;476.0;21;WIN;REV;YES;;;;7.07;39;5175.57;5175.33;23.2;0.0;BULL;BUY;OFF;0.78;14.87;19.51;16.41;5169.75;5185.65;5192.71;5199.78;5206.85;5213.92
2026.03.05 05:50:00;XAUUSD;PERIOD_M5;LIVE;VALID;SELL;5183.33;2026.03.05 08:50:00;5156.20;2713.0;36;WIN;NEXT_SIGNAL;2026.03.05 08:55:00;5156.58;2675.0;37;WIN;REV;YES;;;;5.48;39;5185.69;5186.05;-36.4;0.0;BULL;BUY;OFF;0.92;17.88;12.26;22.48;5190.18;5177.85;5172.37;5166.89;5161.41;5155.93
2026.03.05 08:50:00;XAUUSD;PERIOD_M5;LIVE;VALID;BUY;5156.20;2026.03.05 10:00:00;5156.20;0.0;14;BE;NEXT_SIGNAL;2026.03.05 10:05:00;5156.14;-6.0;15;LOSS;REV;YES;;;;10.53;39;5151.54;5150.55;99.2;0.0;BEAR;SELL;OFF;0.87;34.20;24.91;13.19;5143.03;5166.73;5177.27;5187.80;5198.34;5208.87
2026.03.05 10:00:00;XAUUSD;PERIOD_M5;LIVE;VALID;SELL;5156.20;2026.03.05 10:45:00;5167.95;-1175.0;9;LOSS;NEXT_SIGNAL;2026.03.05 10:50:00;5168.32;-1212.0;10;LOSS;REV;YES;;;;6.58;39;5160.54;5161.52;-97.2;0.0;BEAR;SELL;OFF;0.82;20.23;8.93;18.24;5164.42;5149.62;5143.04;5136.46;5129.88;5123.30
2026.03.05 10:45:00;XAUUSD;PERIOD_M5;LIVE;VALID;BUY;5167.95;2026.03.05 11:45:00;5164.56;-339.0;12;LOSS;NEXT_SIGNAL;2026.03.05 11:50:00;5164.57;-338.0;13;LOSS;REV;YES;;;;7.38;38;5156.76;5155.05;170.8;26.6;BEAR NOISE;SELL;OFF;0.81;30.86;30.13;14.52;5158.72;5175.33;5182.71;5190.09;5197.47;5204.85
2026.03.05 11:45:00;XAUUSD;PERIOD_M5;LIVE;VALID;SELL;5164.56;2026.03.05 12:50:00;5165.99;-143.0;13;LOSS;NEXT_SIGNAL;2026.03.05 12:55:00;5166.45;-189.0;14;LOSS;REV;YES;;;;8.35;34;5165.15;5165.60;-45.6;0.0;BEAR;SELL;OFF;0.85;33.25;9.59;21.79;5175.00;5156.21;5147.86;5139.50;5131.15;5122.80
2026.03.05 12:50:00;XAUUSD;PERIOD_M5;LIVE;VALID;BUY;5165.99;2026.03.05 14:45:00;5162.07;-392.0;23;LOSS;NEXT_SIGNAL;2026.03.05 14:50:00;5162.04;-395.0;24;LOSS;REV;YES;;;;5.75;39;5158.90;5157.87;103.4;14.0;BEAR NOISE;SELL;OFF;0.86;26.87;28.44;16.65;5158.81;5171.74;5177.49;5183.23;5188.98;5194.73
2026.03.05 14:45:00;XAUUSD;PERIOD_M5;LIVE;VALID;SELL;5162.07;2026.03.05 17:55:00;5102.42;5965.0;38;WIN;NEXT_SIGNAL;2026.03.05 18:00:00;5102.78;5929.0;39;WIN;REV;YES;;;;4.44;39;5164.17;5164.51;-34.7;0.0;BEAR;SELL;OFF;0.92;15.35;16.14;22.75;5167.62;5157.63;5153.20;5148.76;5144.32;5139.88
2026.03.05 17:55:00;XAUUSD;PERIOD_M5;LIVE;VALID;BUY;5102.42;2026.03.05 18:05:00;5076.87;-2555.0;2;LOSS;NEXT_SIGNAL;2026.03.05 18:10:00;5076.88;-2554.0;3;LOSS;REV;YES;;;;16.09;35;5092.09;5090.85;124.0;14.0;BEAR;SELL;OFF;0.77;20.37;23.30;12.10;5082.31;5118.51;5134.60;5150.69;5166.78;5182.87
2026.03.05 18:05:00;XAUUSD;PERIOD_M5;LIVE;VALID;SELL;5076.87;2026.03.05 19:00:00;5086.09;-922.0;11;LOSS;NEXT_SIGNAL;2026.03.05 19:05:00;5086.49;-962.0;12;LOSS;REV;YES;;;;16.36;35;5089.04;5089.11;-7.1;-26.6;BEAR;SELL;OFF;0.75;20.35;19.01;22.01;5097.32;5060.51;5044.15;5027.79;5011.43;4995.07
2026.03.05 19:00:00;XAUUSD;PERIOD_M5;LIVE;VALID;BUY;5086.09;2026.03.05 19:35:00;5067.33;-1876.0;7;LOSS;NEXT_SIGNAL;2026.03.05 19:40:00;5067.32;-1877.0;8;LOSS;REV;YES;;;;11.99;34;5077.71;5077.56;15.1;0.0;BEAR;SELL;OFF;0.75;24.08;21.80;11.58;5071.11;5098.08;5110.06;5122.05;5134.04;5146.02
2026.03.05 19:35:00;XAUUSD;PERIOD_M5;LIVE;VALID;SELL;5067.33;2026.03.05 20:30:00;5074.46;-713.0;11;LOSS;NEXT_SIGNAL;2026.03.05 20:35:00;5075.02;-769.0;12;LOSS;REV;YES;;;;9.84;35;5075.77;5076.83;-105.9;-26.6;BEAR;SELL;OFF;0.73;28.82;10.88;32.69;5079.64;5057.49;5047.64;5037.80;5027.95;5018.11
2026.03.05 20:30:00;XAUUSD;PERIOD_M5;LIVE;VALID;BUY;5074.46;2026.03.05 21:20:00;5069.97;-449.0;10;LOSS;NEXT_SIGNAL;2026.03.05 21:25:00;5069.94;-452.0;11;LOSS;REV;YES;;;;10.11;34;5070.19;5069.97;21.7;0.0;BEAR;SELL;OFF;0.87;23.95;24.58;18.63;5061.83;5084.57;5094.68;5104.78;5114.89;5125.00
2026.03.05 21:20:00;XAUUSD;PERIOD_M5;LIVE;VALID;SELL;5069.97;2026.03.05 22:10:00;5078.92;-895.0;10;LOSS;NEXT_SIGNAL;2026.03.05 22:15:00;5079.28;-931.0;11;LOSS;REV;YES;;;;8.46;34;5072.88;5073.30;-41.6;0.0;BEAR;SELL;OFF;0.90;18.22;16.52;27.74;5080.54;5061.51;5053.05;5044.60;5036.14;5027.68
2026.03.05 22:10:00;XAUUSD;PERIOD_M5;LIVE;VALID;BUY;5078.92;2026.03.05 23:40:00;5075.50;-342.0;18;LOSS;NEXT_SIGNAL;2026.03.05 23:45:00;5075.24;-368.0;19;LOSS;REV;YES;;;;7.67;38;5069.53;5068.88;64.8;14.0;BEAR NOISE;SELL;OFF;0.83;15.51;22.73;15.60;5069.33;5086.59;5094.26;5101.93;5109.61;5117.28
2026.03.05 23:40:00;XAUUSD;PERIOD_M5;LIVE;VALID;SELL;5075.50;2026.03.05 23:50:00;5084.73;-923.0;2;LOSS;NEXT_SIGNAL;2026.03.05 23:55:00;5085.22;-972.0;3;LOSS;REV;YES;;;;5.77;45;5078.12;5078.60;-47.5;-14.0;BEAR;SELL;OFF;0.87;12.34;14.84;15.95;5082.71;5069.73;5063.96;5058.19;5052.42;5046.65
2026.03.05 23:50:00;XAUUSD;PERIOD_M5;LIVE;VALID;BUY;5084.73;2026.03.06 02:05:00;5090.44;571.0;15;WIN;NEXT_SIGNAL;2026.03.06 02:10:00;5090.31;558.0;16;WIN;REV;YES;;;;5.63;45;5079.46;5079.00;46.2;14.0;BEAR NOISE;SELL;OFF;0.86;16.06;27.52;11.98;5077.69;5090.36;5096.00;5101.63;5107.26;5112.90
2026.03.06 02:05:00;XAUUSD;PERIOD_M5;LIVE;VALID;SELL;5090.44;2026.03.06 03:30:00;5099.11;-867.0;17;LOSS;NEXT_SIGNAL;2026.03.06 03:35:00;5099.41;-897.0;18;LOSS;REV;YES;;;;8.46;39;5089.94;5090.07;-12.5;0.0;BEAR;SELL;OFF;0.83;23.32;21.85;23.10;5101.01;5081.98;5073.52;5065.07;5056.61;5048.15
2026.03.06 03:30:00;XAUUSD;PERIOD_M5;LIVE;VALID;BUY;5099.11;2026.03.06 04:55:00;5126.24;2713.0;17;WIN;NEXT_SIGNAL;2026.03.06 05:00:00;5126.20;2709.0;18;WIN;REV;YES;;;;9.59;37;5086.24;5084.71;152.3;26.6;BEAR NOISE;SELL;OFF;0.80;28.20;21.31;13.95;5087.13;5108.70;5118.28;5127.87;5137.46;5147.04
2026.03.06 04:55:00;XAUUSD;PERIOD_M5;LIVE;VALID;SELL;5126.24;2026.03.06 05:10:00;5132.86;-662.0;3;LOSS;NEXT_SIGNAL;2026.03.06 05:15:00;5133.24;-700.0;4;LOSS;REV;YES;;;;7.38;39;5125.75;5126.21;-45.6;14.0;BULL;BUY;OFF;0.87;23.47;9.72;12.33;5135.47;5118.86;5111.47;5104.09;5096.71;5089.33
2026.03.06 05:10:00;XAUUSD;PERIOD_M5;LIVE;VALID;BUY;5132.86;2026.03.06 06:20:00;5130.56;-230.0;14;LOSS;NEXT_SIGNAL;2026.03.06 06:25:00;5130.56;-230.0;15;LOSS;REV;YES;;;;5.93;39;5128.76;5128.41;34.6;14.0;BULL;BUY;OFF;0.91;26.21;19.92;8.03;5125.45;5138.79;5144.72;5150.65;5156.58;5162.51
2026.03.06 06:20:00;XAUUSD;PERIOD_M5;LIVE;VALID;SELL;5130.56;2026.03.06 08:45:00;5119.03;1153.0;29;WIN;NEXT_SIGNAL;2026.03.06 08:50:00;5119.11;1145.0;30;WIN;REV;YES;;;;4.63;39;5132.79;5133.05;-25.8;0.0;BULL;BUY;OFF;0.90;22.60;15.12;18.42;5136.34;5125.93;5121.31;5116.68;5112.06;5107.43
2026.03.06 08:45:00;XAUUSD;PERIOD_M5;LIVE;VALID;BUY;5119.03;2026.03.06 08:55:00;5115.85;-318.0;2;LOSS;NEXT_SIGNAL;2026.03.06 09:00:00;5115.62;-341.0;3;LOSS;REV;YES;;;;5.45;35;5119.42;5119.36;5.6;0.0;BULL;BUY;OFF;0.89;17.33;14.30;12.46;5112.21;5124.48;5129.94;5135.39;5140.85;5146.30
2026.03.06 08:55:00;XAUUSD;PERIOD_M5;LIVE;VALID;SELL;5115.85;2026.03.06 09:50:00;5117.52;-167.0;11;LOSS;NEXT_SIGNAL;2026.03.06 09:55:01;5117.94;-209.0;12;LOSS;REV;YES;;;;5.41;35;5118.76;5118.86;-9.5;-14.0;BULL;BUY;OFF;0.91;16.31;10.74;15.79;5122.61;5110.44;5105.03;5099.63;5094.22;5088.81
2026.03.06 09:50:00;XAUUSD;PERIOD_M5;LIVE;VALID;BUY;5117.52;2026.03.06 10:20:00;5110.28;-724.0;6;LOSS;NEXT_SIGNAL;2026.03.06 10:25:00;5110.04;-748.0;7;LOSS;REV;YES;;;;5.09;38;5115.14;5115.04;10.0;0.0;BULL;BUY;OFF;0.93;19.08;25.09;13.66;5111.15;5122.62;5127.71;5132.81;5137.90;5142.99
2026.03.06 10:20:00;XAUUSD;PERIOD_M5;LIVE;VALID;SELL;5110.28;2026.03.06 12:50:00;5090.56;1972.0;30;WIN;NEXT_SIGNAL;2026.03.06 12:55:00;5090.81;1947.0;31;WIN;REV;YES;;;;5.51;35;5114.80;5115.02;-21.8;-14.0;BULL;BUY;OFF;0.86;18.57;16.87;25.04;5117.16;5104.77;5099.26;5093.76;5088.25;5082.74
2026.03.06 12:50:00;XAUUSD;PERIOD_M5;LIVE;VALID;BUY;5090.56;2026.03.06 13:45:00;5084.73;-583.0;11;LOSS;NEXT_SIGNAL;2026.03.06 13:50:00;5084.93;-563.0;12;LOSS;REV;YES;;;;7.67;34;5087.25;5087.19;5.3;0.0;BEAR;SELL;OFF;0.87;29.98;11.18;16.38;5080.97;5098.23;5105.90;5113.57;5121.24;5128.91
2026.03.06 13:45:00;XAUUSD;PERIOD_M5;LIVE;VALID;SELL;5084.73;2026.03.06 14:15:00;5095.82;-1109.0;6;LOSS;NEXT_SIGNAL;2026.03.06 14:20:00;5096.17;-1144.0;7;LOSS;REV;YES;;;;6.97;34;5088.14;5088.56;-42.5;0.0;BEAR;SELL;OFF;0.84;21.27;11.82;20.38;5093.45;5077.76;5070.79;5063.81;5056.84;5049.87
2026.03.06 14:15:00;XAUUSD;PERIOD_M5;LIVE;VALID;BUY;5095.82;2026.03.06 14:55:00;5083.16;-1266.0;8;LOSS;NEXT_SIGNAL;2026.03.06 15:00:00;5082.78;-1304.0;9;LOSS;REV;YES;;;;7.92;34;5087.80;5087.29;51.5;14.0;BEAR NOISE;SELL;OFF;0.70;24.84;30.04;17.29;5085.92;5103.74;5111.66;5119.58;5127.50;5135.42
2026.03.06 14:55:00;XAUUSD;PERIOD_M5;LIVE;VALID;SELL;5083.16;2026.03.06 15:30:00;5123.81;-4065.0;7;LOSS;NEXT_SIGNAL;2026.03.06 15:35:00;5124.22;-4106.0;8;LOSS;REV;YES;;;;8.18;34;5088.44;5088.53;-8.9;0.0;BEAR;SELL;OFF;0.68;18.75;15.75;22.01;5093.38;5074.98;5066.80;5058.62;5050.44;5042.26
2026.03.06 15:30:00;XAUUSD;PERIOD_M5;LIVE;VALID;BUY;5123.81;2026.03.06 16:35:00;5088.81;-3500.0;13;LOSS;NEXT_SIGNAL;2026.03.06 16:40:00;5088.70;-3511.0;14;LOSS;REV;YES;;;;10.61;34;5090.51;5087.08;343.4;45.0;BULL;BUY;OFF;0.73;24.42;33.81;16.39;5110.54;5134.42;5145.04;5155.65;5166.26;5176.88
2026.03.06 16:35:00;XAUUSD;PERIOD_M5;LIVE;VALID;SELL;5088.81;2026.03.06 16:55:00;5130.41;-4160.0;4;LOSS;NEXT_SIGNAL;2026.03.06 17:00:00;5130.71;-4190.0;5;LOSS;REV;YES;;;;17.03;34;5098.78;5099.28;-49.2;-14.0;BULL;BUY;OFF;0.84;20.23;23.10;18.63;5110.10;5071.78;5054.75;5037.72;5020.68;5003.65
2026.03.06 16:55:00;XAUUSD;PERIOD_M5;LIVE;VALID;BUY;5130.41;2026.03.06 18:10:00;5143.63;1322.0;15;WIN;NEXT_SIGNAL;2026.03.06 18:15:00;5143.72;1331.0;16;WIN;REV;YES;;;;16.37;34;5104.57;5101.67;289.6;45.0;BULL;BUY;OFF;0.77;21.43;32.67;12.63;5109.95;5146.78;5163.15;5179.52;5195.90;5212.27
2026.03.06 18:10:00;XAUUSD;PERIOD_M5;LIVE;VALID;SELL;5143.63;2026.03.06 19:20:00;5143.86;-23.0;14;LOSS;NEXT_SIGNAL;2026.03.06 19:25:00;5144.22;-59.0;15;LOSS;REV;YES;;;;12.17;34;5146.09;5146.64;-55.0;14.0;BULL;BUY;OFF;0.81;24.59;12.42;22.90;5158.84;5131.46;5119.29;5107.12;5094.95;5082.78
2026.03.06 19:20:00;XAUUSD;PERIOD_M5;LIVE;VALID;BUY;5143.86;2026.03.06 19:50:00;5134.37;-949.0;6;LOSS;NEXT_SIGNAL;2026.03.06 19:55:00;5134.41;-945.0;7;LOSS;REV;YES;;;;9.75;34;5140.19;5140.06;12.9;0.0;BULL;BUY;OFF;0.78;15.76;21.32;17.44;5131.68;5153.61;5163.35;5173.10;5182.85;5192.60
2026.03.06 19:50:00;XAUUSD;PERIOD_M5;LIVE;VALID;SELL;5134.37;2026.03.06 20:05:00;5144.44;-1007.0;3;LOSS;NEXT_SIGNAL;2026.03.06 20:10:00;5144.79;-1042.0;4;LOSS;REV;YES;;;;8.42;34;5139.69;5140.14;-44.8;-14.0;BULL;BUY;OFF;0.79;16.19;14.83;23.07;5144.89;5125.95;5117.53;5109.11;5100.69;5092.27
2026.03.06 20:05:00;XAUUSD;PERIOD_M5;LIVE;VALID;BUY;5144.44;2026.03.06 21:45:00;5160.29;1585.0;20;WIN;NEXT_SIGNAL;2026.03.06 21:50:00;5160.19;1575.0;21;WIN;REV;YES;;;;7.94;34;5141.24;5140.81;43.6;14.0;BULL;BUY;OFF;0.84;15.67;21.12;15.42;5134.51;5152.38;5160.32;5168.26;5176.21;5184.15
2026.03.06 21:45:00;XAUUSD;PERIOD_M5;LIVE;VALID;SELL;5160.29;2026.03.06 23:00:00;5160.96;-67.0;15;LOSS;NEXT_SIGNAL;2026.03.06 23:05:00;5161.48;-119.0;16;LOSS;REV;YES;;;;6.42;34;5162.28;5162.77;-49.4;14.0;BULL;BUY;OFF;0.73;31.25;16.74;19.95;5168.31;5153.87;5147.45;5141.03;5134.61;5128.19
2026.03.06 23:00:00;XAUUSD;PERIOD_M5;LIVE;VALID;BUY;5160.96;2026.03.09 01:00:00;5117.83;-4313.0;12;LOSS;NEXT_SIGNAL;2026.03.09 01:05:00;5117.74;-4322.0;13;LOSS;REV;YES;;;;6.03;45;5157.13;5156.98;14.5;0.0;BULL;BUY;OFF;0.86;21.73;15.98;19.81;5153.42;5166.99;5173.02;5179.06;5185.09;5191.12
2026.03.09 01:00:00;XAUUSD;PERIOD_M5;LIVE;VALID;SELL;5117.83;2026.03.09 03:10:00;5072.47;4536.0;26;WIN;NEXT_SIGNAL;2026.03.09 03:15:00;5072.77;4506.0;27;WIN;REV;YES;;;;8.96;37;5158.21;5162.55;-434.8;-56.3;BEAR;SELL;OFF;0.79;22.03;24.05;21.92;5129.04;5108.86;5099.90;5090.94;5081.97;5073.01
2026.03.09 03:10:00;XAUUSD;PERIOD_M5;LIVE;VALID;BUY;5072.47;2026.03.09 05:35:00;5085.43;1296.0;29;WIN;NEXT_SIGNAL;2026.03.09 05:40:00;5085.41;1294.0;30;WIN;REV;YES;;;;17.51;39;5053.04;5051.19;184.3;26.6;BEAR NOISE;SELL;OFF;0.89;23.04;21.48;18.68;5050.58;5089.98;5107.49;5125.00;5142.51;5160.02
2026.03.09 05:35:00;XAUUSD;PERIOD_M5;LIVE;VALID;SELL;5085.43;2026.03.09 05:55:00;5091.27;-584.0;4;LOSS;NEXT_SIGNAL;2026.03.09 06:00:00;5091.69;-626.0;5;LOSS;REV;YES;;;;9.09;39;5088.71;5089.00;-29.8;0.0;BEAR;SELL;OFF;0.77;13.37;16.61;14.99;5096.79;5076.34;5067.25;5058.16;5049.08;5039.99
2026.03.09 05:55:00;XAUUSD;PERIOD_M5;LIVE;VALID;BUY;5091.27;2026.03.09 06:00:00;5089.49;-178.0;1;LOSS;NEXT_SIGNAL;2026.03.09 06:05:01;5089.56;-171.0;2;LOSS;REV;YES;;;;7.74;39;5089.99;5089.95;3.7;0.0;BEAR;SELL;OFF;0.78;14.75;18.80;14.65;5081.60;5099.01;5106.75;5114.49;5122.23;5129.97
2026.03.09 06:00:00;XAUUSD;PERIOD_M5;LIVE;VALID;SELL;5089.49;2026.03.09 06:05:00;5093.52;-403.0;1;LOSS;NEXT_SIGNAL;2026.03.09 06:10:00;5093.90;-441.0;2;LOSS;REV;YES;;;;7.48;39;5089.88;5090.00;-12.1;14.0;BEAR;SELL;OFF;0.78;14.39;16.29;20.76;5098.84;5082.01;5074.53;5067.05;5059.57;5052.09
2026.03.09 06:05:00;XAUUSD;PERIOD_M5;LIVE;VALID;BUY;5093.52;2026.03.09 06:45:00;5089.37;-415.0;8;LOSS;NEXT_SIGNAL;2026.03.09 06:50:02;5089.33;-419.0;9;LOSS;REV;YES;;;;7.65;39;5090.69;5090.38;30.6;0.0;BEAR;SELL;OFF;0.84;13.68;21.57;17.99;5083.96;5101.17;5108.82;5116.47;5124.13;5131.78
2026.03.09 06:45:00;XAUUSD;PERIOD_M5;LIVE;VALID;SELL;5089.37;2026.03.09 07:00:00;5095.15;-578.0;3;LOSS;NEXT_SIGNAL;2026.03.09 07:05:00;5095.32;-595.0;4;LOSS;REV;YES;;;;4.98;39;5090.35;5090.37;-2.5;0.0;BEAR;SELL;OFF;0.91;15.23;9.16;22.72;5095.59;5084.39;5079.41;5074.44;5069.46;5064.48
2026.03.09 07:00:00;XAUUSD;PERIOD_M5;LIVE;VALID;BUY;5095.15;2026.03.09 08:40:00;5106.88;1173.0;20;WIN;NEXT_SIGNAL;2026.03.09 08:45:00;5106.89;1174.0;21;WIN;REV;YES;;;;5.73;37;5090.68;5090.42;26.3;14.0;BEAR;SELL;OFF;0.93;19.22;11.93;14.89;5087.99;5100.88;5106.61;5112.34;5118.07;5123.80
2026.03.09 08:40:00;XAUUSD;PERIOD_M5;LIVE;VALID;SELL;5106.88;2026.03.09 10:00:00;5109.40;-252.0;16;LOSS;NEXT_SIGNAL;2026.03.09 10:05:00;5109.77;-289.0;17;LOSS;REV;YES;;;;10.19;35;5119.41;5120.27;-86.4;-14.0;BULL NOISE;BUY;OFF;0.78;28.17;11.84;29.12;5119.62;5096.69;5086.49;5076.30;5066.11;5055.92
2026.03.09 10:00:00;XAUUSD;PERIOD_M5;LIVE;VALID;BUY;5109.40;2026.03.09 10:20:00;5098.01;-1139.0;4;LOSS;NEXT_SIGNAL;2026.03.09 10:25:00;5098.03;-1137.0;5;LOSS;REV;YES;;;;7.41;34;5102.08;5101.67;41.3;0.0;BULL;BUY;OFF;0.95;24.61;19.90;15.72;5100.13;5116.81;5124.22;5131.64;5139.05;5146.46
2026.03.09 10:20:00;XAUUSD;PERIOD_M5;LIVE;VALID;SELL;5098.01;2026.03.09 11:05:00;5109.12;-1111.0;9;LOSS;NEXT_SIGNAL;2026.03.09 11:10:00;5109.48;-1147.0;10;LOSS;REV;YES;;;;7.48;34;5100.71;5100.80;-9.1;-14.0;BULL;BUY;OFF;0.94;18.42;11.22;14.09;5107.36;5090.53;5083.05;5075.57;5068.08;5060.60
2026.03.09 11:05:00;XAUUSD;PERIOD_M5;LIVE;VALID;BUY;5109.12;2026.03.09 11:55:00;5105.23;-389.0;10;LOSS;NEXT_SIGNAL;2026.03.09 12:00:00;5105.25;-387.0;11;LOSS;REV;YES;;;;9.16;34;5099.35;5098.37;98.8;14.0;BULL;BUY;OFF;0.93;21.39;19.89;14.16;5097.66;5118.28;5127.45;5136.61;5145.78;5154.94
2026.03.09 11:55:00;XAUUSD;PERIOD_M5;LIVE;VALID;SELL;5105.23;2026.03.09 14:00:00;5097.25;798.0;25;WIN;NEXT_SIGNAL;2026.03.09 14:05:00;5097.58;765.0;26;WIN;REV;YES;;;;9.35;34;5108.42;5108.69;-27.2;0.0;BULL;BUY;OFF;0.78;24.30;20.59;21.60;5116.92;5095.88;5086.53;5077.18;5067.83;5058.48
2026.03.09 14:00:00;XAUUSD;PERIOD_M5;LIVE;VALID;BUY;5097.25;2026.03.09 15:20:00;5087.11;-1014.0;9;LOSS;NEXT_SIGNAL;2026.03.09 15:25:00;5087.15;-1010.0;10;LOSS;REV;YES;;;;7.66;34;5090.58;5089.90;68.3;0.0;BULL;BUY;OFF;0.86;26.44;18.04;11.96;5087.67;5104.91;5112.58;5120.24;5127.91;5135.57
2026.03.09 15:20:00;XAUUSD;PERIOD_M5;LIVE;VALID;SELL;5087.11;2026.03.09 15:25:00;5094.68;-757.0;1;LOSS;NEXT_SIGNAL;2026.03.09 15:30:00;5094.77;-766.0;2;LOSS;REV;YES;;;;6.79;35;5092.05;5092.15;-10.4;0.0;BULL;BUY;OFF;0.84;24.24;9.67;20.14;5095.60;5080.32;5073.53;5066.74;5059.95;5053.16
2026.03.09 15:25:00;XAUUSD;PERIOD_M5;LIVE;VALID;BUY;5094.68;2026.03.09 15:40:00;5076.32;-1836.0;3;LOSS;NEXT_SIGNAL;2026.03.09 15:45:00;5076.10;-1858.0;4;LOSS;REV;YES;;;;6.89;34;5092.63;5092.51;12.3;0.0;BULL;BUY;OFF;0.83;23.12;12.69;17.46;5086.07;5101.57;5108.46;5115.35;5122.24;5129.13
2026.03.09 15:40:00;XAUUSD;PERIOD_M5;LIVE;VALID;SELL;5076.32;2026.03.09 16:35:00;5094.23;-1791.0;11;LOSS;NEXT_SIGNAL;2026.03.09 16:40:00;5094.66;-1834.0;12;LOSS;REV;YES;;;;9.38;34;5092.18;5093.22;-103.8;-14.0;BULL NOISE;BUY;OFF;0.71;21.16;17.61;23.49;5088.04;5066.94;5057.56;5048.18;5038.80;5029.42
2026.03.09 16:35:00;XAUUSD;PERIOD_M5;LIVE;VALID;BUY;5094.23;2026.03.09 19:10:00;5099.91;568.0;31;WIN;NEXT_SIGNAL;2026.03.09 19:15:00;5099.93;570.0;32;WIN;REV;YES;;;;14.29;34;5084.45;5083.52;93.8;14.0;BULL;BUY;OFF;0.79;23.74;28.72;11.64;5076.36;5108.52;5122.82;5137.11;5151.41;5165.70
2026.03.09 19:10:00;XAUUSD;PERIOD_M5;LIVE;VALID;SELL;5099.91;2026.03.09 20:15:00;5103.46;-355.0;13;LOSS;NEXT_SIGNAL;2026.03.09 20:20:00;5103.85;-394.0;14;LOSS;REV;YES;;;;5.03;34;5103.10;5103.25;-15.4;0.0;BULL;BUY;OFF;0.79;24.14;15.53;22.68;5106.19;5094.88;5089.86;5084.83;5079.81;5074.78
2026.03.09 20:15:00;XAUUSD;PERIOD_M5;LIVE;VALID;BUY;5103.46;2026.03.09 22:50:00;5134.95;3149.0;31;WIN;NEXT_SIGNAL;2026.03.09 22:55:00;5135.07;3161.0;32;WIN;REV;YES;;;;5.47;34;5097.08;5096.58;50.5;0.0;BULL;BUY;OFF;0.89;29.41;24.54;17.40;5096.63;5108.93;5114.40;5119.86;5125.33;5130.80
2026.03.09 22:50:00;XAUUSD;PERIOD_M5;LIVE;VALID;SELL;5134.95;2026.03.10 01:00:00;5142.43;-748.0;2;LOSS;NEXT_SIGNAL;2026.03.10 01:05:00;5142.79;-784.0;3;LOSS;REV;YES;;;;5.35;45;5137.51;5137.80;-29.4;0.0;BULL;BUY;OFF;0.90;22.74;10.91;17.13;5141.64;5129.60;5124.24;5118.89;5113.54;5108.19
2026.03.10 01:00:00;XAUUSD;PERIOD_M5;LIVE;VALID;BUY;5142.43;2026.03.10 01:50:00;5141.59;-84.0;10;LOSS;NEXT_SIGNAL;2026.03.10 01:55:00;5141.56;-87.0;11;LOSS;REV;YES;;;;5.94;37;5138.77;5138.38;38.2;0.0;BULL;BUY;OFF;0.94;22.89;21.53;14.44;5135.01;5148.37;5154.31;5160.24;5166.18;5172.12
2026.03.10 01:50:00;XAUUSD;PERIOD_M5;LIVE;VALID;SELL;5141.59;2026.03.10 03:00:00;5145.18;-359.0;14;LOSS;NEXT_SIGNAL;2026.03.10 03:05:00;5145.60;-401.0;15;LOSS;REV;YES;;;;7.61;37;5142.69;5142.83;-14.8;0.0;BULL;BUY;OFF;0.86;21.47;16.89;12.12;5151.10;5133.98;5126.37;5118.76;5111.16;5103.55
2026.03.10 03:00:00;XAUUSD;PERIOD_M5;LIVE;VALID;BUY;5145.18;2026.03.10 04:55:00;5165.68;2050.0;23;WIN;NEXT_SIGNAL;2026.03.10 05:00:00;5165.85;2067.0;24;WIN;REV;YES;;;;7.46;38;5135.18;5134.83;35.1;14.0;BULL;BUY;OFF;0.76;27.03;15.70;18.54;5135.85;5152.65;5160.11;5167.57;5175.04;5182.51
2026.03.10 04:55:00;XAUUSD;PERIOD_M5;LIVE;VALID;SELL;5165.68;2026.03.10 06:30:00;5163.66;202.0;19;WIN;NEXT_SIGNAL;2026.03.10 06:35:00;5164.09;159.0;20;WIN;REV;YES;;;;7.34;37;5174.76;5175.52;-76.2;-14.0;BULL NOISE;BUY;OFF;0.82;36.84;21.45;27.40;5174.85;5158.34;5151.00;5143.67;5136.33;5128.99
2026.03.10 06:30:00;XAUUSD;PERIOD_M5;LIVE;VALID;BUY;5163.66;2026.03.10 09:05:00;5172.69;903.0;31;WIN;NEXT_SIGNAL;2026.03.10 09:10:00;5172.67;901.0;32;WIN;REV;YES;;;;4.70;37;5162.16;5161.91;25.4;0.0;BULL;BUY;OFF;0.83;31.81;10.33;15.09;5157.78;5168.36;5173.07;5177.77;5182.47;5187.17
2026.03.10 09:05:00;XAUUSD;PERIOD_M5;LIVE;VALID;SELL;5172.69;2026.03.10 09:45:00;5178.52;-583.0;8;LOSS;NEXT_SIGNAL;2026.03.10 09:50:00;5178.88;-619.0;9;LOSS;REV;YES;;;;4.51;34;5175.46;5175.94;-47.3;0.0;BULL;BUY;OFF;0.94;28.53;10.08;16.38;5178.33;5168.18;5163.66;5159.15;5154.64;5150.13
2026.03.10 09:45:00;XAUUSD;PERIOD_M5;LIVE;VALID;BUY;5178.52;2026.03.10 11:20:00;5184.00;548.0;19;WIN;NEXT_SIGNAL;2026.03.10 11:25:00;5184.01;549.0;20;WIN;REV;YES;;;;5.84;34;5173.25;5173.02;23.4;14.0;BEAR NOISE;SELL;OFF;0.83;31.97;22.75;13.44;5171.22;5184.36;5190.20;5196.04;5201.88;5207.72
2026.03.10 11:20:00;XAUUSD;PERIOD_M5;LIVE;VALID;SELL;5184.00;2026.03.10 13:05:00;5190.63;-663.0;21;LOSS;NEXT_SIGNAL;2026.03.10 13:10:00;5190.92;-692.0;22;LOSS;REV;YES;;;;5.62;34;5184.93;5185.14;-20.3;0.0;BEAR;SELL;OFF;0.69;19.60;18.27;19.21;5191.03;5178.38;5172.75;5167.13;5161.51;5155.89
2026.03.10 13:05:00;XAUUSD;PERIOD_M5;LIVE;VALID;BUY;5190.63;2026.03.10 13:45:00;5172.47;-1816.0;8;LOSS;NEXT_SIGNAL;2026.03.10 13:50:00;5172.49;-1814.0;9;LOSS;REV;YES;;;;7.51;34;5178.67;5176.94;173.0;14.0;BEAR NOISE;SELL;OFF;0.76;30.94;37.10;16.56;5181.24;5198.14;5205.65;5213.16;5220.67;5228.18
2026.03.10 13:45:00;XAUUSD;PERIOD_M5;LIVE;VALID;SELL;5172.47;2026.03.10 14:35:00;5180.61;-814.0;10;LOSS;NEXT_SIGNAL;2026.03.10 14:40:00;5180.88;-841.0;11;LOSS;REV;YES;;;;6.66;34;5178.39;5178.78;-39.5;-14.0;BEAR;SELL;OFF;0.77;22.11;16.80;35.04;5180.79;5165.81;5159.15;5152.49;5145.84;5139.18
2026.03.10 14:35:00;XAUUSD;PERIOD_M5;LIVE;VALID;BUY;5180.61;2026.03.10 16:05:00;5193.18;1257.0;18;WIN;NEXT_SIGNAL;2026.03.10 16:10:00;5193.21;1260.0;19;WIN;REV;YES;;;;6.03;34;5177.20;5176.47;72.5;0.0;BEAR;SELL;OFF;0.84;23.47;31.47;15.12;5173.07;5186.64;5192.68;5198.71;5204.74;5210.78
2026.03.10 16:05:00;XAUUSD;PERIOD_M5;LIVE;VALID;SELL;5193.18;2026.03.10 16:35:00;5210.62;-1744.0;6;LOSS;NEXT_SIGNAL;2026.03.10 16:40:00;5210.97;-1779.0;7;LOSS;REV;YES;;;;10.62;34;5203.40;5204.79;-139.4;0.0;BULL NOISE;BUY;OFF;0.90;26.86;22.13;28.69;5206.45;5182.56;5171.94;5161.32;5150.71;5140.09
2026.03.10 16:35:00;XAUUSD;PERIOD_M5;LIVE;VALID;BUY;5210.62;2026.03.10 18:45:00;5227.92;1730.0;26;WIN;NEXT_SIGNAL;2026.03.10 18:50:00;5227.68;1706.0;27;WIN;REV;YES;;;;10.11;34;5207.68;5207.44;23.8;14.0;BULL;BUY;OFF;0.97;15.93;22.78;23.28;5197.98;5220.73;5230.85;5240.96;5251.07;5261.18
2026.03.10 18:45:00;XAUUSD;PERIOD_M5;LIVE;VALID;SELL;5227.92;2026.03.10 19:05:00;5232.47;-455.0;4;LOSS;NEXT_SIGNAL;2026.03.10 19:10:00;5232.89;-497.0;5;LOSS;REV;YES;;;;5.58;34;5229.62;5229.69;-7.2;0.0;BULL;BUY;OFF;0.90;22.10;15.46;14.51;5234.89;5222.34;5216.77;5211.19;5205.61;5200.04
2026.03.10 19:05:00;XAUUSD;PERIOD_M5;LIVE;VALID;BUY;5232.47;2026.03.10 19:20:00;5228.57;-390.0;3;LOSS;NEXT_SIGNAL;2026.03.10 19:25:00;5228.54;-393.0;4;LOSS;REV;YES;;;;4.66;34;5229.68;5229.58;10.0;0.0;BULL;BUY;OFF;0.89;20.69;20.33;12.54;5226.65;5237.13;5241.78;5246.44;5251.09;5255.75
2026.03.10 19:20:00;XAUUSD;PERIOD_M5;LIVE;VALID;SELL;5228.57;2026.03.10 19:25:00;5233.09;-452.0;1;LOSS;NEXT_SIGNAL;2026.03.10 19:30:00;5233.48;-491.0;2;LOSS;REV;YES;;;;4.95;34;5229.40;5229.48;-8.6;0.0;BULL;BUY;OFF;0.92;17.90;16.77;15.50;5234.76;5223.62;5218.67;5213.72;5208.76;5203.81
2026.03.10 19:25:00;XAUUSD;PERIOD_M5;LIVE;VALID;BUY;5233.09;2026.03.10 19:40:00;5228.01;-508.0;3;LOSS;NEXT_SIGNAL;2026.03.10 19:45:00;5228.00;-509.0;4;LOSS;REV;YES;;;;4.94;34;5230.22;5229.85;37.3;0.0;BULL;BUY;OFF;0.91;19.15;23.50;13.43;5226.92;5238.03;5242.97;5247.91;5252.84;5257.78
2026.03.10 19:40:00;XAUUSD;PERIOD_M5;LIVE;VALID;SELL;5228.01;2026.03.10 21:20:00;5205.75;2226.0;20;WIN;NEXT_SIGNAL;2026.03.10 21:25:00;5206.10;2191.0;21;WIN;REV;YES;;;;4.98;34;5229.77;5229.89;-12.1;0.0;BULL;BUY;OFF;0.91;18.73;16.23;12.78;5234.24;5223.03;5218.04;5213.06;5208.08;5203.09
2026.03.10 21:20:00;XAUUSD;PERIOD_M5;LIVE;VALID;BUY;5205.75;2026.03.10 21:30:00;5187.03;-1872.0;2;LOSS;NEXT_SIGNAL;2026.03.10 21:35:00;5186.27;-1948.0;3;LOSS;REV;YES;;;;13.95;34;5200.75;5200.17;57.6;0.0;BEAR;SELL;OFF;0.88;21.76;27.68;15.86;5188.31;5219.70;5233.65;5247.61;5261.56;5275.51
2026.03.10 21:30:00;XAUUSD;PERIOD_M5;LIVE;VALID;SELL;5187.03;2026.03.10 22:10:00;5197.66;-1063.0;8;LOSS;NEXT_SIGNAL;2026.03.10 22:15:00;5198.12;-1109.0;9;LOSS;REV;YES;;;;9.83;34;5197.71;5198.23;-52.4;-14.0;BEAR;SELL;OFF;0.88;20.06;20.79;28.96;5199.32;5177.20;5167.37;5157.54;5147.71;5137.88
2026.03.10 22:10:00;XAUUSD;PERIOD_M5;LIVE;VALID;BUY;5197.66;2026.03.10 22:15:00;5193.50;-416.0;1;LOSS;NEXT_SIGNAL;2026.03.10 22:20:00;5193.49;-417.0;2;LOSS;REV;YES;;;;7.29;43;5196.09;5195.93;15.7;0.0;BEAR;SELL;OFF;0.86;14.56;16.67;16.17;5188.54;5204.95;5212.25;5219.54;5226.83;5234.12
2026.03.10 22:15:00;XAUUSD;PERIOD_M5;LIVE;VALID;SELL;5193.50;2026.03.10 22:20:00;5197.41;-391.0;1;LOSS;NEXT_SIGNAL;2026.03.10 22:25:00;5197.91;-441.0;2;LOSS;REV;YES;;;;7.22;45;5195.52;5195.68;-16.3;-14.0;BEAR;SELL;OFF;0.87;14.39;14.45;18.89;5202.53;5186.28;5179.06;5171.84;5164.62;5157.40
2026.03.10 22:20:00;XAUUSD;PERIOD_M5;LIVE;VALID;BUY;5197.41;2026.03.10 22:30:00;5194.18;-323.0;2;LOSS;NEXT_SIGNAL;2026.03.10 22:35:00;5194.16;-325.0;3;LOSS;REV;YES;;;;7.20;43;5195.94;5195.78;15.5;14.0;BEAR;SELL;OFF;0.87;15.49;12.52;19.83;5188.40;5204.61;5211.82;5219.02;5226.23;5233.43
2026.03.10 22:30:00;XAUUSD;PERIOD_M5;LIVE;VALID;SELL;5194.18;2026.03.10 22:40:00;5197.81;-363.0;2;LOSS;NEXT_SIGNAL;2026.03.10 22:45:00;5198.24;-406.0;3;LOSS;REV;YES;;;;6.75;43;5195.35;5195.44;-9.2;0.0;BEAR;SELL;OFF;0.88;17.65;11.82;24.63;5202.62;5187.43;5180.68;5173.93;5167.18;5160.43
2026.03.10 22:40:00;XAUUSD;PERIOD_M5;LIVE;VALID;BUY;5197.81;2026.03.11 01:55:00;5197.15;-66.0;15;LOSS;NEXT_SIGNAL;2026.03.11 01:00:00;5189.12;-869.0;4;LOSS;REV;YES;;;;5.45;45;5195.92;5195.60;32.5;0.0;BEAR;SELL;OFF;0.86;15.94;20.39;18.50;5190.99;5203.26;5208.72;5214.17;5219.62;5225.07
2026.03.11 01:55:00;XAUUSD;PERIOD_M5;LIVE;VALID;BUY;5197.15;2026.03.11 02:00:00;5190.25;-690.0;1;LOSS;NEXT_SIGNAL;2026.03.11 02:05:00;5190.13;-702.0;2;LOSS;REV;NO;POSITION_ACTIVE;;;4.04;37;5193.74;5193.54;19.9;14.0;BEAR;SELL;OFF;0.86;14.00;29.47;23.55;5192.10;5201.19;5205.23;5209.28;5213.32;5217.36
2026.03.11 02:00:00;XAUUSD;PERIOD_M5;LIVE;VALID;SELL;5190.25;2026.03.11 02:15:00;5202.72;-1247.0;3;LOSS;NEXT_SIGNAL;2026.03.11 02:20:00;5203.10;-1285.0;4;LOSS;REV;YES;;;;4.42;37;5192.96;5193.18;-21.9;-14.0;BEAR;SELL;OFF;0.83;12.15;25.54;25.60;5195.77;5185.83;5181.41;5176.99;5172.58;5168.16
2026.03.11 02:15:00;XAUUSD;PERIOD_M5;LIVE;VALID;BUY;5202.72;2026.03.11 03:50:00;5212.56;984.0;19;WIN;NEXT_SIGNAL;2026.03.11 03:55:01;5212.57;985.0;20;WIN;REV;YES;;;;5.09;37;5194.38;5193.47;91.1;0.0;BEAR NOISE;SELL;OFF;0.75;12.31;29.95;21.24;5196.35;5207.81;5212.91;5218.00;5223.09;5228.18
2026.03.11 03:50:00;XAUUSD;PERIOD_M5;LIVE;VALID;SELL;5212.56;2026.03.11 04:50:00;5219.77;-721.0;12;LOSS;NEXT_SIGNAL;2026.03.11 04:55:00;5220.12;-756.0;13;LOSS;REV;YES;;;;6.21;36;5214.74;5215.13;-39.0;0.0;BULL;BUY;OFF;0.80;27.77;18.94;20.49;5220.32;5206.35;5200.15;5193.94;5187.73;5181.52
2026.03.11 04:50:00;XAUUSD;PERIOD_M5;LIVE;VALID;BUY;5219.77;2026.03.11 05:30:00;5208.44;-1133.0;8;LOSS;NEXT_SIGNAL;2026.03.11 05:35:02;5208.46;-1131.0;9;LOSS;REV;YES;;;;5.51;37;5210.17;5208.40;177.3;14.0;BULL;BUY;OFF;0.88;27.01;36.76;10.67;5212.89;5225.28;5230.78;5236.29;5241.80;5247.31
2026.03.11 05:30:00;XAUUSD;PERIOD_M5;LIVE;VALID;SELL;5208.44;2026.03.11 06:35:00;5207.57;87.0;13;WIN;NEXT_SIGNAL;2026.03.11 06:40:00;5207.95;49.0;14;WIN;REV;YES;;;;4.62;34;5210.15;5210.40;-24.9;0.0;BULL;BUY;OFF;0.88;28.78;12.64;29.13;5214.22;5203.82;5199.19;5194.57;5189.95;5185.33
2026.03.11 06:35:00;XAUUSD;PERIOD_M5;LIVE;VALID;BUY;5207.57;2026.03.11 06:50:00;5203.66;-391.0;3;LOSS;NEXT_SIGNAL;2026.03.11 06:55:01;5203.73;-384.0;4;LOSS;REV;YES;;;;3.51;37;5206.34;5206.08;25.9;0.0;BULL;BUY;OFF;0.78;21.07;20.17;19.60;5203.18;5211.08;5214.59;5218.10;5221.62;5225.13
2026.03.11 06:50:00;XAUUSD;PERIOD_M5;LIVE;VALID;SELL;5203.66;2026.03.11 07:05:00;5206.61;-295.0;3;LOSS;NEXT_SIGNAL;2026.03.11 07:10:00;5206.98;-332.0;4;LOSS;REV;YES;;;;3.48;39;5205.47;5205.50;-2.7;0.0;BULL;BUY;OFF;0.76;21.28;13.64;26.35;5208.01;5200.18;5196.70;5193.22;5189.75;5186.27
2026.03.11 07:05:00;XAUUSD;PERIOD_M5;LIVE;VALID;BUY;5206.61;2026.03.11 07:10:00;5204.29;-232.0;1;LOSS;NEXT_SIGNAL;2026.03.11 07:15:00;5204.37;-224.0;2;LOSS;REV;YES;;;;3.12;37;5205.51;5205.43;8.3;0.0;BULL;BUY;OFF;0.82;19.66;21.06;17.15;5202.71;5209.73;5212.85;5215.97;5219.09;5222.21
2026.03.11 07:10:00;XAUUSD;PERIOD_M5;LIVE;VALID;SELL;5204.29;2026.03.11 08:10:00;5209.31;-502.0;12;LOSS;NEXT_SIGNAL;2026.03.11 08:15:00;5209.64;-535.0;13;LOSS;REV;YES;;;;3.05;37;5205.24;5205.32;-7.9;0.0;BULL;BUY;OFF;0.85;17.41;18.25;17.25;5208.10;5201.24;5198.19;5195.15;5192.10;5189.05
2026.03.11 08:10:00;XAUUSD;PERIOD_M5;LIVE;VALID;BUY;5209.31;2026.03.11 08:40:00;5194.81;-1450.0;6;LOSS;NEXT_SIGNAL;2026.03.11 08:45:00;5194.80;-1451.0;7;LOSS;REV;YES;;;;5.00;34;5202.68;5202.06;62.6;0.0;BULL;BUY;OFF;0.85;20.97;26.95;15.25;5203.06;5214.31;5219.31;5224.31;5229.31;5234.31
2026.03.11 08:40:00;XAUUSD;PERIOD_M5;LIVE;VALID;SELL;5194.81;2026.03.11 10:10:00;5198.33;-352.0;18;LOSS;NEXT_SIGNAL;2026.03.11 10:15:00;5198.76;-395.0;19;LOSS;REV;YES;;;;5.31;35;5201.43;5201.87;-43.5;-14.0;BULL NOISE;BUY;OFF;0.93;20.47;12.39;26.83;5201.45;5189.50;5184.19;5178.88;5173.57;5168.26
2026.03.11 10:10:00;XAUUSD;PERIOD_M5;LIVE;VALID;BUY;5198.33;2026.03.11 10:15:00;5192.30;-603.0;1;LOSS;NEXT_SIGNAL;2026.03.11 10:20:00;5192.35;-598.0;2;LOSS;REV;YES;;;;5.13;34;5195.59;5195.34;24.3;0.0;BULL;BUY;OFF;0.94;15.06;18.30;15.81;5191.92;5203.46;5208.59;5213.72;5218.85;5223.98
2026.03.11 10:15:00;XAUUSD;PERIOD_M5;LIVE;VALID;SELL;5192.30;2026.03.11 11:30:00;5193.90;-160.0;15;LOSS;NEXT_SIGNAL;2026.03.11 11:35:00;5194.25;-195.0;16;LOSS;REV;YES;;;;5.31;34;5194.86;5194.99;-13.1;0.0;BULL;BUY;OFF;0.95;14.11;15.86;18.58;5198.94;5186.99;5181.67;5176.36;5171.05;5165.73
2026.03.11 11:30:00;XAUUSD;PERIOD_M5;LIVE;VALID;BUY;5193.90;2026.03.11 12:30:00;5184.31;-959.0;12;LOSS;NEXT_SIGNAL;2026.03.11 12:35:00;5184.56;-934.0;13;LOSS;REV;YES;;;;5.66;34;5187.97;5186.90;106.7;0.0;BULL;BUY;OFF;0.86;23.85;25.87;13.99;5186.83;5199.56;5205.21;5210.87;5216.52;5222.18
2026.03.11 12:30:00;XAUUSD;PERIOD_M5;LIVE;VALID;SELL;5184.31;2026.03.11 14:05:00;5187.70;-339.0;19;LOSS;NEXT_SIGNAL;2026.03.11 14:10:00;5188.05;-374.0;20;LOSS;REV;YES;;;;4.51;34;5190.03;5190.48;-44.1;-14.0;BULL NOISE;BUY;OFF;0.87;19.60;14.30;26.55;5189.95;5179.80;5175.29;5170.77;5166.26;5161.75
2026.03.11 14:05:00;XAUUSD;PERIOD_M5;LIVE;VALID;BUY;5187.70;2026.03.11 14:35:00;5177.38;-1032.0;6;LOSS;NEXT_SIGNAL;2026.03.11 14:40:00;5177.35;-1035.0;7;LOSS;REV;YES;;;;6.00;34;5185.03;5184.91;11.8;0.0;BULL;BUY;OFF;0.79;17.06;23.35;20.73;5180.20;5193.70;5199.70;5205.69;5211.69;5217.69
2026.03.11 14:35:00;XAUUSD;PERIOD_M5;LIVE;VALID;SELL;5177.38;2026.03.11 16:00:00;5185.09;-771.0;17;LOSS;NEXT_SIGNAL;2026.03.11 16:05:00;5185.42;-804.0;18;LOSS;REV;YES;;;;6.84;34;5185.28;5185.90;-62.3;-14.0;BULL NOISE;BUY;OFF;0.87;18.99;17.81;29.67;5185.92;5170.54;5163.71;5156.87;5150.04;5143.20
2026.03.11 16:00:00;XAUUSD;PERIOD_M5;LIVE;VALID;BUY;5185.09;2026.03.11 17:05:00;5181.20;-389.0;13;LOSS;NEXT_SIGNAL;2026.03.11 17:10:00;5181.21;-388.0;14;LOSS;REV;YES;;;;9.76;34;5174.79;5174.54;25.6;14.0;BULL;BUY;OFF;0.84;26.61;26.14;23.01;5172.89;5194.85;5204.60;5214.36;5224.12;5233.88
2026.03.11 17:05:00;XAUUSD;PERIOD_M5;LIVE;VALID;SELL;5181.20;2026.03.11 18:35:00;5174.77;643.0;18;WIN;NEXT_SIGNAL;2026.03.11 18:40:00;5175.10;610.0;19;WIN;REV;YES;;;;8.86;34;5184.00;5184.30;-30.0;0.0;BULL;BUY;OFF;0.80;18.30;15.78;28.03;5192.27;5172.34;5163.48;5154.62;5145.77;5136.91
2026.03.11 18:35:00;XAUUSD;PERIOD_M5;LIVE;VALID;BUY;5174.77;2026.03.11 19:30:00;5167.99;-678.0;11;LOSS;NEXT_SIGNAL;2026.03.11 19:35:00;5167.94;-683.0;12;LOSS;REV;YES;;;;6.30;34;5170.48;5170.04;44.6;0.0;BULL;BUY;OFF;0.87;18.54;19.30;12.36;5166.89;5181.07;5187.37;5193.67;5199.98;5206.28
2026.03.11 19:30:00;XAUUSD;PERIOD_M5;LIVE;VALID;SELL;5167.99;2026.03.11 20:15:00;5176.66;-867.0;9;LOSS;NEXT_SIGNAL;2026.03.11 20:20:00;5177.01;-902.0;10;LOSS;REV;YES;;;;5.26;34;5172.32;5172.82;-49.7;-14.0;BULL NOISE;BUY;OFF;0.93;17.77;14.50;22.57;5174.56;5162.73;5157.48;5152.22;5146.96;5141.70
2026.03.11 20:15:00;XAUUSD;PERIOD_M5;LIVE;VALID;BUY;5176.66;2026.03.11 21:05:00;5173.20;-346.0;10;LOSS;NEXT_SIGNAL;2026.03.11 21:10:00;5173.21;-345.0;11;LOSS;REV;YES;;;;5.46;34;5171.55;5170.62;93.3;14.0;BEAR NOISE;SELL;OFF;0.93;29.49;36.66;11.70;5169.84;5182.11;5187.57;5193.02;5198.48;5203.94
2026.03.11 21:05:00;XAUUSD;PERIOD_M5;LIVE;VALID;SELL;5173.20;2026.03.11 21:25:00;5177.18;-398.0;4;LOSS;NEXT_SIGNAL;2026.03.11 21:30:00;5177.60;-440.0;5;LOSS;REV;YES;;;;2.95;34;5173.85;5173.87;-1.7;0.0;BEAR;SELL;OFF;0.94;31.76;13.87;21.94;5176.88;5170.25;5167.31;5164.36;5161.41;5158.46
2026.03.11 21:25:00;XAUUSD;PERIOD_M5;LIVE;VALID;BUY;5177.18;2026.03.11 22:30:00;5176.60;-58.0;13;LOSS;NEXT_SIGNAL;2026.03.11 22:35:05;5176.63;-55.0;14;LOSS;REV;YES;;;;2.79;34;5174.87;5174.77;10.6;14.0;BEAR NOISE;SELL;OFF;0.92;24.47;20.20;12.38;5173.69;5179.97;5182.76;5185.55;5188.35;5191.14
2026.03.11 22:30:00;XAUUSD;PERIOD_M5;LIVE;VALID;SELL;5176.60;2026.03.12 02:25:00;5152.65;2395.0;23;WIN;NEXT_SIGNAL;2026.03.12 02:30:00;5153.00;2360.0;24;WIN;REV;YES;;;;2.95;42;5177.86;5178.07;-20.8;0.0;BEAR;SELL;OFF;0.72;24.11;12.35;19.79;5180.29;5173.65;5170.69;5167.74;5164.78;5161.83
2026.03.12 02:25:00;XAUUSD;PERIOD_M5;LIVE;VALID;BUY;5152.65;2026.03.12 04:35:00;5160.25;760.0;26;WIN;NEXT_SIGNAL;2026.03.12 04:40:00;5160.38;773.0;27;WIN;REV;YES;;;;7.60;37;5144.92;5144.88;4.1;0.0;BEAR NOISE;SELL;OFF;0.93;30.76;33.93;16.92;5143.15;5160.25;5167.85;5175.46;5183.06;5190.66
2026.03.12 04:35:00;XAUUSD;PERIOD_M5;LIVE;VALID;SELL;5160.25;2026.03.12 06:00:00;5152.74;751.0;17;WIN;NEXT_SIGNAL;2026.03.12 06:05:00;5153.10;715.0;18;WIN;REV;YES;;;;5.58;37;5166.85;5167.34;-49.2;0.0;BEAR;SELL;OFF;0.87;29.42;13.57;26.54;5167.22;5154.67;5149.09;5143.51;5137.93;5132.35
2026.03.12 06:00:00;XAUUSD;PERIOD_M5;LIVE;VALID;BUY;5152.74;2026.03.12 06:30:00;5148.20;-454.0;6;LOSS;NEXT_SIGNAL;2026.03.12 06:35:00;5148.05;-469.0;7;LOSS;REV;YES;;;;4.15;37;5152.54;5152.44;10.6;0.0;BEAR;SELL;OFF;0.82;41.62;8.68;20.79;5147.55;5156.89;5161.04;5165.19;5169.35;5173.50
2026.03.12 06:30:00;XAUUSD;PERIOD_M5;LIVE;VALID;SELL;5148.20;2026.03.12 07:35:00;5149.21;-101.0;13;LOSS;NEXT_SIGNAL;2026.03.12 07:40:00;5149.60;-140.0;14;LOSS;REV;YES;;;;3.17;37;5151.39;5151.80;-41.0;-14.0;BEAR;SELL;OFF;0.79;40.02;7.05;21.53;5152.16;5145.03;5141.86;5138.69;5135.52;5132.35
2026.03.12 07:35:00;XAUUSD;PERIOD_M5;LIVE;VALID;BUY;5149.21;2026.03.12 10:55:00;5178.08;2887.0;40;WIN;NEXT_SIGNAL;2026.03.12 11:00:00;5178.15;2894.0;41;WIN;REV;YES;;;;4.58;37;5146.08;5146.03;5.8;0.0;BEAR NOISE;SELL;OFF;0.90;29.09;25.50;23.40;5143.49;5153.79;5158.36;5162.94;5167.51;5172.09
2026.03.12 10:55:00;XAUUSD;PERIOD_M5;LIVE;VALID;SELL;5178.08;2026.03.12 11:30:00;5184.14;-606.0;7;LOSS;NEXT_SIGNAL;2026.03.12 11:35:00;5184.49;-641.0;8;LOSS;REV;YES;;;;4.47;34;5179.34;5179.64;-30.1;0.0;BULL;BUY;OFF;0.65;24.39;13.07;15.40;5183.66;5173.61;5169.14;5164.68;5160.21;5155.74
2026.03.12 11:30:00;XAUUSD;PERIOD_M5;LIVE;VALID;BUY;5184.14;2026.03.12 12:30:00;5181.38;-276.0;12;LOSS;NEXT_SIGNAL;2026.03.12 12:35:00;5181.61;-253.0;13;LOSS;REV;YES;;;;4.03;34;5179.56;5179.31;24.5;0.0;BULL;BUY;OFF;0.73;25.13;23.62;12.92;5179.10;5188.17;5192.20;5196.23;5200.25;5204.28
2026.03.12 12:30:00;XAUUSD;PERIOD_M5;LIVE;VALID;SELL;5181.38;2026.03.12 14:45:00;5181.28;10.0;27;WIN;NEXT_SIGNAL;2026.03.12 14:50:00;5181.63;-25.0;28;LOSS;REV;YES;;;;4.38;34;5183.70;5183.90;-20.5;-14.0;BULL;BUY;OFF;0.83;34.82;9.49;24.72;5186.85;5177.00;5172.62;5168.25;5163.87;5159.49
2026.03.12 14:45:00;XAUUSD;PERIOD_M5;LIVE;VALID;BUY;5181.28;2026.03.12 15:25:00;5171.32;-996.0;8;LOSS;NEXT_SIGNAL;2026.03.12 15:30:00;5171.15;-1013.0;9;LOSS;REV;YES;;;;5.28;34;5174.25;5173.93;32.5;14.0;BULL;BUY;OFF;0.84;27.99;24.14;16.37;5174.68;5186.56;5191.85;5197.13;5202.41;5207.70
2026.03.12 15:25:00;XAUUSD;PERIOD_M5;LIVE;VALID;SELL;5171.32;2026.03.12 18:20:00;5133.97;3735.0;35;WIN;NEXT_SIGNAL;2026.03.12 18:25:00;5134.25;3707.0;36;WIN;REV;YES;;;;6.91;39;5175.75;5176.08;-32.8;-14.0;BULL;BUY;OFF;0.87;26.65;13.10;26.04;5179.96;5164.41;5157.50;5150.59;5143.68;5136.77
2026.03.12 18:20:00;XAUUSD;PERIOD_M5;LIVE;VALID;BUY;5133.97;2026.03.12 18:50:00;5124.91;-906.0;6;LOSS;NEXT_SIGNAL;2026.03.12 18:55:00;5125.16;-881.0;7;LOSS;REV;YES;;;;7.47;34;5131.12;5130.59;53.3;14.0;BULL;BUY;OFF;0.86;26.01;27.72;15.25;5124.63;5141.44;5148.91;5156.38;5163.86;5171.33
2026.03.12 18:50:00;XAUUSD;PERIOD_M5;LIVE;VALID;SELL;5124.91;2026.03.12 21:50:00;5094.14;3077.0;36;WIN;NEXT_SIGNAL;2026.03.12 21:55:00;5094.46;3045.0;37;WIN;REV;YES;;;;6.73;34;5130.52;5130.70;-18.0;-14.0;BULL;BUY;OFF;0.75;17.60;20.26;22.96;5133.32;5118.18;5111.45;5104.72;5097.99;5091.26
2026.03.12 21:50:00;XAUUSD;PERIOD_M5;LIVE;VALID;BUY;5094.14;2026.03.12 21:55:00;5084.75;-939.0;1;LOSS;NEXT_SIGNAL;2026.03.12 22:00:00;5084.84;-930.0;2;LOSS;REV;YES;;;;7.11;34;5093.55;5093.39;15.8;0.0;BULL;BUY;OFF;0.85;45.20;10.04;18.41;5085.25;5101.25;5108.36;5115.47;5122.58;5129.69
2026.03.12 21:55:00;XAUUSD;PERIOD_M5;LIVE;VALID;SELL;5084.75;2026.03.13 01:05:00;5093.70;-895.0;14;LOSS;NEXT_SIGNAL;2026.03.13 01:10:00;5094.05;-930.0;15;LOSS;REV;YES;;;;7.53;34;5091.60;5092.38;-78.7;-14.0;BULL;BUY;OFF;0.82;46.03;8.70;27.13;5094.17;5077.22;5069.69;5062.15;5054.62;5047.09
2026.03.13 01:05:00;XAUUSD;PERIOD_M5;LIVE;VALID;BUY;5093.70;2026.03.13 04:40:00;5117.90;2420.0;43;WIN;NEXT_SIGNAL;2026.03.13 04:45:00;5117.91;2421.0;44;WIN;REV;YES;;;;7.74;34;5084.25;5082.40;184.4;14.0;BULL;BUY;OFF;0.95;41.25;20.92;15.74;5084.03;5101.44;5109.17;5116.91;5124.64;5132.38
2026.03.13 04:40:00;XAUUSD;PERIOD_M5;LIVE;VALID;SELL;5117.90;2026.03.13 05:55:00;5115.50;240.0;15;WIN;NEXT_SIGNAL;2026.03.13 06:00:00;5115.71;219.0;16;WIN;REV;YES;;;;5.58;34;5119.40;5119.67;-27.0;0.0;BULL;BUY;OFF;0.88;31.03;9.55;24.08;5124.87;5112.32;5106.74;5101.17;5095.59;5090.01
2026.03.13 05:55:00;XAUUSD;PERIOD_M5;LIVE;VALID;BUY;5115.50;2026.03.13 06:20:00;5104.97;-1053.0;5;LOSS;NEXT_SIGNAL;2026.03.13 06:25:00;5104.98;-1052.0;6;LOSS;REV;YES;;;;4.12;34;5113.21;5112.82;39.2;0.0;BULL;BUY;OFF;0.97;31.65;15.43;12.43;5110.35;5119.62;5123.73;5127.85;5131.97;5136.09
2026.03.13 06:20:00;XAUUSD;PERIOD_M5;LIVE;VALID;SELL;5104.97;2026.03.13 07:20:00;5108.38;-341.0;12;LOSS;NEXT_SIGNAL;2026.03.13 07:25:00;5108.71;-374.0;13;LOSS;REV;YES;;;;4.05;34;5111.64;5112.25;-60.9;0.0;BULL NOISE;BUY;OFF;0.97;26.09;12.24;28.72;5110.03;5100.92;5096.87;5092.82;5088.77;5084.72
2026.03.13 07:20:00;XAUUSD;PERIOD_M5;LIVE;VALID;BUY;5108.38;2026.03.13 07:40:00;5100.51;-787.0;4;LOSS;NEXT_SIGNAL;2026.03.13 07:45:00;5100.47;-791.0;5;LOSS;REV;YES;;;;3.35;34;5107.24;5107.19;5.7;0.0;BULL;BUY;OFF;0.79;26.72;17.89;17.95;5104.20;5111.73;5115.07;5118.42;5121.77;5125.11
2026.03.13 07:40:00;XAUUSD;PERIOD_M5;LIVE;VALID;SELL;5100.51;2026.03.13 10:50:00;5082.04;1847.0;38;WIN;NEXT_SIGNAL;2026.03.13 10:55:00;5082.41;1810.0;39;WIN;REV;YES;;;;3.90;34;5105.85;5106.18;-33.1;-14.0;BULL NOISE;BUY;OFF;0.89;23.01;12.02;22.96;5105.38;5096.61;5092.72;5088.82;5084.92;5081.03
2026.03.13 10:50:00;XAUUSD;PERIOD_M5;LIVE;VALID;BUY;5082.04;2026.03.13 12:30:00;5082.52;48.0;20;WIN;NEXT_SIGNAL;2026.03.13 12:35:00;5082.61;57.0;21;WIN;REV;YES;;;;7.80;36;5079.01;5078.37;63.9;0.0;BEAR;SELL;OFF;0.80;25.45;28.30;13.78;5072.29;5089.84;5097.64;5105.44;5113.24;5121.04
2026.03.13 12:30:00;XAUUSD;PERIOD_M5;LIVE;VALID;SELL;5082.52;2026.03.13 12:45:00;5094.22;-1170.0;3;LOSS;NEXT_SIGNAL;2026.03.13 12:50:00;5094.59;-1207.0;4;LOSS;REV;YES;;;;5.06;36;5088.61;5089.26;-65.2;-14.0;BEAR;SELL;OFF;0.79;15.90;18.84;31.71;5088.85;5077.46;5072.40;5067.33;5062.27;5057.21
2026.03.13 12:45:00;XAUUSD;PERIOD_M5;LIVE;VALID;BUY;5094.22;2026.03.13 15:25:00;5108.68;1446.0;32;WIN;NEXT_SIGNAL;2026.03.13 15:30:00;5108.54;1432.0;33;WIN;REV;YES;;;;5.28;36;5089.55;5089.37;17.4;14.0;BEAR;SELL;OFF;0.79;14.97;25.14;20.64;5087.62;5099.50;5104.78;5110.06;5115.33;5120.61
2026.03.13 15:25:00;XAUUSD;PERIOD_M5;LIVE;VALID;SELL;5108.68;2026.03.13 18:45:00;5043.97;6471.0;40;WIN;NEXT_SIGNAL;2026.03.13 18:50:00;5044.37;6431.0;41;WIN;REV;YES;;;;6.23;36;5112.98;5113.86;-88.6;0.0;BULL;BUY;OFF;0.91;26.05;9.20;23.87;5116.47;5102.45;5096.21;5089.98;5083.75;5077.52
2026.03.13 18:45:00;XAUUSD;PERIOD_M5;LIVE;VALID;BUY;5043.97;2026.03.13 19:50:00;5045.80;183.0;13;WIN;NEXT_SIGNAL;2026.03.13 19:55:01;5045.71;174.0;14;WIN;REV;YES;;;;11.77;36;5042.38;5041.97;41.2;0.0;BEAR;SELL;OFF;0.84;34.37;17.12;17.03;5029.26;5055.74;5067.51;5079.27;5091.04;5102.81
2026.03.13 19:50:00;XAUUSD;PERIOD_M5;LIVE;VALID;SELL;5045.80;2026.03.13 21:00:00;5047.28;-148.0;14;LOSS;NEXT_SIGNAL;2026.03.13 21:05:01;5047.65;-185.0;15;LOSS;REV;YES;;;;7.02;36;5051.44;5051.49;-5.0;0.0;BEAR;SELL;OFF;0.83;26.13;17.90;25.33;5054.58;5038.78;5031.76;5024.74;5017.72;5010.70
2026.03.13 21:00:00;XAUUSD;PERIOD_M5;LIVE;VALID;BUY;5047.28;2026.03.13 21:10:00;5039.90;-738.0;2;LOSS;NEXT_SIGNAL;2026.03.13 21:15:00;5039.93;-735.0;3;LOSS;REV;YES;;;;5.50;36;5045.02;5045.02;0.9;0.0;BEAR;SELL;OFF;0.76;18.05;26.99;10.61;5040.41;5052.78;5058.28;5063.78;5069.28;5074.78
2026.03.13 21:10:00;XAUUSD;PERIOD_M5;LIVE;VALID;SELL;5039.90;2026.03.13 22:50:00;5021.56;1834.0;20;WIN;NEXT_SIGNAL;2026.03.13 22:55:00;5022.00;1790.0;21;WIN;REV;YES;;;;6.13;36;5043.63;5044.05;-42.0;-14.0;BEAR;SELL;OFF;0.80;16.00;20.27;25.72;5047.56;5033.77;5027.64;5021.51;5015.38;5009.25
2026.03.13 22:50:00;XAUUSD;PERIOD_M5;LIVE;VALID;BUY;5021.56;2026.03.16 01:00:00;5005.90;-1566.0;2;LOSS;NEXT_SIGNAL;2026.03.16 01:05:00;5005.86;-1570.0;3;LOSS;REV;YES;;;;6.53;42;5019.47;5019.11;36.7;0.0;BEAR;SELL;OFF;0.88;24.60;17.49;16.17;5013.40;5028.09;5034.62;5041.15;5047.68;5054.21
2026.03.16 01:00:00;XAUUSD;PERIOD_M5;LIVE;VALID;SELL;5005.90;2026.03.16 02:05:00;5019.90;-1400.0;13;LOSS;NEXT_SIGNAL;2026.03.16 02:10:00;5020.23;-1433.0;14;LOSS;REV;YES;;;;6.84;36;5016.38;5017.35;-97.8;-14.0;BEAR;SELL;OFF;0.84;21.60;13.14;19.71;5014.45;4999.06;4992.23;4985.39;4978.55;4971.72
2026.03.16 02:05:00;XAUUSD;PERIOD_M5;LIVE;VALID;BUY;5019.90;2026.03.16 03:10:00;4987.05;-3285.0;13;LOSS;NEXT_SIGNAL;2026.03.16 03:15:00;4987.07;-3283.0;14;LOSS;REV;YES;;;;13.32;36;5002.20;4998.98;322.2;14.0;BEAR NOISE;SELL;OFF;0.79;41.68;31.09;16.56;5003.25;5033.22;5046.54;5059.86;5073.18;5086.50
2026.03.16 03:10:00;XAUUSD;PERIOD_M5;LIVE;VALID;SELL;4987.05;2026.03.16 04:00:00;5014.51;-2746.0;10;LOSS;NEXT_SIGNAL;2026.03.16 04:05:00;5014.93;-2788.0;11;LOSS;REV;YES;;;;10.53;36;5012.54;5016.32;-377.9;-14.0;BEAR;SELL;OFF;0.87;23.83;10.93;27.86;5000.21;4976.52;4965.99;4955.46;4944.93;4934.40
2026.03.16 04:00:00;XAUUSD;PERIOD_M5;LIVE;VALID;BUY;5014.51;2026.03.16 04:45:00;5001.16;-1335.0;9;LOSS;NEXT_SIGNAL;2026.03.16 04:50:01;5001.13;-1338.0;10;LOSS;REV;YES;;;;12.13;36;5007.66;5006.38;128.5;0.0;BEAR;SELL;OFF;0.87;33.91;34.07;11.43;4999.35;5026.64;5038.76;5050.89;5063.02;5075.15
2026.03.16 04:45:00;XAUUSD;PERIOD_M5;LIVE;VALID;SELL;5001.16;2026.03.16 05:30:00;5013.48;-1232.0;9;LOSS;NEXT_SIGNAL;2026.03.16 05:35:01;5013.87;-1271.0;10;LOSS;REV;YES;;;;6.75;36;5007.18;5007.93;-74.3;-14.0;BEAR;SELL;OFF;0.84;27.88;12.74;24.20;5009.60;4994.41;4987.65;4980.90;4974.15;4967.39
2026.03.16 05:30:00;XAUUSD;PERIOD_M5;LIVE;VALID;BUY;5013.48;2026.03.16 06:45:00;5014.62;114.0;15;WIN;NEXT_SIGNAL;2026.03.16 06:50:00;5014.63;115.0;16;WIN;REV;YES;;;;5.80;36;5006.76;5006.15;61.3;14.0;BEAR NOISE;SELL;OFF;0.87;25.63;33.14;10.54;5006.24;5019.28;5025.07;5030.87;5036.66;5042.46
2026.03.16 06:45:00;XAUUSD;PERIOD_M5;LIVE;VALID;SELL;5014.62;2026.03.16 07:50:00;5019.72;-510.0;13;LOSS;NEXT_SIGNAL;2026.03.16 07:55:00;5020.24;-562.0;14;LOSS;REV;YES;;;;4.23;36;5018.69;5019.29;-59.3;0.0;BEAR;SELL;OFF;0.92;41.32;13.15;19.56;5019.91;5010.39;5006.16;5001.93;4997.70;4993.47
2026.03.16 07:50:00;XAUUSD;PERIOD_M5;LIVE;VALID;BUY;5019.72;2026.03.16 08:50:00;5009.38;-1034.0;12;LOSS;NEXT_SIGNAL;2026.03.16 08:55:00;5009.39;-1033.0;13;LOSS;REV;YES;;;;4.36;36;5014.53;5013.77;75.5;14.0;BEAR NOISE;SELL;OFF;0.91;34.68;21.98;14.94;5014.27;5024.08;5028.44;5032.80;5037.15;5041.51
2026.03.16 08:50:00;XAUUSD;PERIOD_M5;LIVE;VALID;SELL;5009.38;2026.03.16 12:25:00;4986.70;2268.0;43;WIN;NEXT_SIGNAL;2026.03.16 12:30:00;4987.25;2213.0;44;WIN;REV;YES;;;;6.20;36;5018.86;5020.43;-156.9;-14.0;BULL NOISE;BUY;OFF;0.74;29.68;13.05;33.21;5017.13;5003.18;4996.98;4990.78;4984.58;4978.38
2026.03.16 12:25:00;XAUUSD;PERIOD_M5;LIVE;VALID;BUY;4986.70;2026.03.16 14:00:00;5000.37;1367.0;19;WIN;NEXT_SIGNAL;2026.03.16 14:05:00;5000.41;1371.0;20;WIN;REV;YES;;;;6.47;36;4981.68;4981.63;4.6;0.0;BULL;BUY;OFF;0.90;28.96;28.57;15.01;4978.62;4993.17;4999.63;5006.10;5012.57;5019.03
2026.03.16 14:00:00;XAUUSD;PERIOD_M5;LIVE;VALID;SELL;5000.37;2026.03.16 14:25:00;5022.64;-2227.0;5;LOSS;NEXT_SIGNAL;2026.03.16 14:30:00;5023.16;-2279.0;6;LOSS;REV;YES;;;;6.98;36;5005.05;5006.10;-104.9;0.0;BULL;BUY;OFF;0.91;35.77;18.50;26.31;5009.09;4993.39;4986.41;4979.43;4972.45;4965.47
2026.03.16 14:25:00;XAUUSD;PERIOD_M5;LIVE;VALID;BUY;5022.64;2026.03.16 16:20:00;5021.43;-121.0;23;LOSS;NEXT_SIGNAL;2026.03.16 16:25:00;5020.92;-172.0;24;LOSS;REV;YES;;;;7.69;43;5011.08;5009.39;169.1;14.0;BULL;BUY;OFF;0.85;32.03;37.45;12.86;5013.03;5030.33;5038.02;5045.71;5053.40;5061.09
2026.03.16 16:20:00;XAUUSD;PERIOD_M5;LIVE;VALID;SELL;5021.43;2026.03.16 19:00:00;4993.63;2780.0;32;WIN;NEXT_SIGNAL;2026.03.16 19:05:00;4994.05;2738.0;33;WIN;REV;YES;;;;8.16;39;5026.51;5026.82;-30.6;-14.0;BULL;BUY;OFF;0.82;28.21;16.59;21.08;5031.63;5013.27;5005.11;4996.94;4988.78;4980.62
2026.03.16 19:00:00;XAUUSD;PERIOD_M5;LIVE;VALID;BUY;4993.63;2026.03.16 19:40:00;4987.56;-607.0;8;LOSS;NEXT_SIGNAL;2026.03.16 19:45:00;4987.57;-606.0;9;LOSS;REV;YES;;;;6.72;36;4989.70;4989.01;69.3;0.0;BULL;BUY;OFF;0.90;21.12;30.13;16.60;4985.23;5000.35;5007.07;5013.79;5020.52;5027.24
2026.03.16 19:40:00;XAUUSD;PERIOD_M5;LIVE;VALID;SELL;4987.56;2026.03.16 20:05:00;4999.36;-1180.0;5;LOSS;NEXT_SIGNAL;2026.03.16 20:10:00;5000.13;-1257.0;6;LOSS;REV;YES;;;;5.65;36;4991.52;4991.87;-34.7;0.0;BULL;BUY;OFF;0.85;25.59;14.51;29.46;4994.62;4981.91;4976.26;4970.61;4964.96;4959.31
2026.03.16 20:05:00;XAUUSD;PERIOD_M5;LIVE;VALID;BUY;4999.36;2026.03.16 21:40:00;5010.08;1072.0;19;WIN;NEXT_SIGNAL;2026.03.16 21:45:00;5010.10;1074.0;20;WIN;REV;YES;;;;5.69;36;4992.66;4992.39;26.7;14.0;BULL;BUY;OFF;0.87;22.54;32.11;16.54;4992.25;5005.05;5010.73;5016.42;5022.10;5027.79
2026.03.16 21:40:00;XAUUSD;PERIOD_M5;LIVE;VALID;SELL;5010.08;2026.03.16 22:05:00;5018.50;-842.0;5;LOSS;NEXT_SIGNAL;2026.03.16 22:10:00;5018.93;-885.0;6;LOSS;REV;YES;;;;5.01;36;5011.32;5011.57;-25.5;14.0;BULL;BUY;OFF;0.82;29.27;19.28;13.93;5016.34;5005.07;5000.06;4995.05;4990.05;4985.04
2026.03.16 22:05:00;XAUUSD;PERIOD_M5;LIVE;VALID;BUY;5018.50;2026.03.16 22:35:00;5009.17;-933.0;6;LOSS;NEXT_SIGNAL;2026.03.16 22:40:00;5009.33;-917.0;7;LOSS;REV;YES;;;;5.65;42;5013.25;5012.74;51.3;14.0;BULL;BUY;OFF;0.86;22.14;24.06;16.25;5011.44;5024.15;5029.80;5035.44;5041.09;5046.74
2026.03.16 22:35:00;XAUUSD;PERIOD_M5;LIVE;VALID;SELL;5009.17;2026.03.17 01:35:00;5011.83;-266.0;12;LOSS;NEXT_SIGNAL;2026.03.17 01:40:00;5012.17;-300.0;13;LOSS;REV;YES;;;;4.60;43;5012.61;5012.99;-37.5;-14.0;BULL;BUY;OFF;0.87;20.11;13.93;30.59;5014.92;5004.57;4999.97;4995.37;4990.77;4986.17
2026.03.17 01:35:00;XAUUSD;PERIOD_M5;LIVE;VALID;BUY;5011.83;2026.03.17 02:05:00;5004.38;-745.0;6;LOSS;NEXT_SIGNAL;2026.03.17 02:10:00;5004.40;-743.0;7;LOSS;REV;YES;;;;3.35;36;5009.36;5008.87;48.4;0.0;BULL;BUY;OFF;0.90;34.12;26.64;11.38;5007.65;5015.18;5018.53;5021.87;5025.22;5028.57
2026.03.17 02:05:00;XAUUSD;PERIOD_M5;LIVE;VALID;SELL;5004.38;2026.03.17 03:10:00;5010.02;-564.0;13;LOSS;NEXT_SIGNAL;2026.03.17 03:15:00;5010.44;-606.0;14;LOSS;REV;YES;;;;4.19;36;5008.64;5008.71;-7.1;0.0;BULL NOISE;BUY;OFF;0.92;24.54;23.02;22.99;5009.61;5000.19;4996.00;4991.82;4987.63;4983.44
2026.03.17 03:10:00;XAUUSD;PERIOD_M5;LIVE;VALID;BUY;5010.02;2026.03.17 05:05:00;5022.20;1218.0;23;WIN;NEXT_SIGNAL;2026.03.17 05:10:00;5022.21;1219.0;24;WIN;REV;YES;;;;5.81;36;5005.74;5005.13;61.0;14.0;BULL;BUY;OFF;0.82;18.07;21.72;19.67;5002.76;5015.83;5021.63;5027.44;5033.24;5039.05
2026.03.17 05:05:00;XAUUSD;PERIOD_M5;LIVE;VALID;SELL;5022.20;2026.03.17 05:15:00;5026.97;-477.0;2;LOSS;NEXT_SIGNAL;2026.03.17 05:20:00;5027.32;-512.0;3;LOSS;REV;YES;;;;4.24;36;5023.89;5023.92;-2.2;0.0;BULL;BUY;OFF;0.79;19.90;16.06;15.31;5027.50;5017.96;5013.72;5009.47;5005.23;5000.99
2026.03.17 05:15:00;XAUUSD;PERIOD_M5;LIVE;VALID;BUY;5026.97;2026.03.17 07:40:00;5032.01;504.0;29;WIN;NEXT_SIGNAL;2026.03.17 07:45:00;5032.02;505.0;30;WIN;REV;YES;;;;3.88;36;5024.40;5024.29;11.8;0.0;BULL;BUY;OFF;0.81;19.06;22.98;13.46;5022.12;5030.85;5034.72;5038.60;5042.48;5046.36
2026.03.17 07:40:00;XAUUSD;PERIOD_M5;LIVE;VALID;SELL;5032.01;2026.03.17 09:20:00;5013.63;1838.0;20;WIN;NEXT_SIGNAL;2026.03.17 09:25:00;5013.97;1804.0;21;WIN;REV;YES;;;;4.39;36;5034.97;5035.56;-58.8;0.0;BULL NOISE;BUY;OFF;0.85;22.30;16.76;26.34;5037.50;5027.62;5023.23;5018.83;5014.44;5010.05
2026.03.17 09:20:00;XAUUSD;PERIOD_M5;LIVE;VALID;BUY;5013.63;2026.03.17 11:00:00;5019.90;627.0;20;WIN;NEXT_SIGNAL;2026.03.17 11:05:00;5019.88;625.0;21;WIN;REV;YES;;;;4.99;36;5012.86;5012.67;18.6;0.0;BEAR;SELL;OFF;0.97;26.96;11.92;20.10;5007.39;5018.62;5023.62;5028.61;5033.60;5038.59
2026.03.17 11:00:00;XAUUSD;PERIOD_M5;LIVE;VALID;SELL;5019.90;2026.03.17 13:15:00;5007.79;1211.0;27;WIN;NEXT_SIGNAL;2026.03.17 13:20:00;5008.16;1174.0;28;WIN;REV;YES;;;;5.38;36;5022.35;5022.50;-14.5;-14.0;BEAR;SELL;OFF;0.84;29.57;14.66;10.47;5026.63;5014.52;5009.13;5003.75;4998.36;4992.98
2026.03.17 13:15:00;XAUUSD;PERIOD_M5;LIVE;VALID;BUY;5007.79;2026.03.17 15:25:00;5012.66;487.0;26;WIN;NEXT_SIGNAL;2026.03.17 15:30:00;5013.07;528.0;27;WIN;REV;YES;;;;5.51;36;5003.91;5003.48;42.7;0.0;BEAR;SELL;OFF;0.81;33.28;27.83;14.28;5000.90;5013.30;5018.81;5024.32;5029.83;5035.34
2026.03.17 15:25:00;XAUUSD;PERIOD_M5;LIVE;VALID;SELL;5012.66;2026.03.17 15:30:00;5024.31;-1165.0;1;LOSS;NEXT_SIGNAL;2026.03.17 15:35:00;5024.47;-1181.0;2;LOSS;REV;YES;;;;5.16;36;5014.47;5014.53;-5.5;0.0;BEAR;SELL;OFF;0.92;19.69;16.35;18.64;5019.12;5007.50;5002.33;4997.17;4992.00;4986.84
2026.03.17 15:30:00;XAUUSD;PERIOD_M5;LIVE;VALID;BUY;5024.31;2026.03.17 16:00:00;5010.45;-1386.0;6;LOSS;NEXT_SIGNAL;2026.03.17 16:05:00;5010.48;-1383.0;7;LOSS;REV;YES;;;;5.89;36;5016.66;5015.60;105.9;36.9;BEAR NOISE;SELL;OFF;0.92;19.75;24.32;16.15;5016.95;5030.20;5036.09;5041.98;5047.87;5053.76
2026.03.17 16:00:00;XAUUSD;PERIOD_M5;LIVE;VALID;SELL;5010.45;2026.03.17 18:20:00;5001.98;847.0;28;WIN;NEXT_SIGNAL;2026.03.17 18:25:00;5002.35;810.0;29;WIN;REV;YES;;;;7.57;36;5016.89;5017.45;-55.5;-14.0;BEAR;SELL;OFF;0.91;18.09;15.42;20.33;5019.91;5002.88;4995.32;4987.75;4980.18;4972.61
2026.03.17 18:20:00;XAUUSD;PERIOD_M5;LIVE;VALID;BUY;5001.98;2026.03.17 19:40:00;4997.65;-433.0;16;LOSS;NEXT_SIGNAL;2026.03.17 19:45:00;4997.67;-431.0;17;LOSS;REV;YES;;;;8.53;36;4997.32;4997.11;21.0;0.0;BEAR;SELL;OFF;0.86;13.78;18.45;14.70;4991.31;5010.51;5019.05;5027.58;5036.12;5044.65
2026.03.17 19:40:00;XAUUSD;PERIOD_M5;LIVE;VALID;SELL;4997.65;2026.03.17 20:00:00;5005.96;-831.0;4;LOSS;NEXT_SIGNAL;2026.03.17 20:05:00;5006.34;-869.0;5;LOSS;REV;YES;;;;4.11;36;5002.16;5002.55;-39.1;-14.0;BEAR;SELL;OFF;0.87;17.74;19.11;21.32;5002.78;4993.54;4989.44;4985.33;4981.23;4977.12
2026.03.17 20:00:00;XAUUSD;PERIOD_M5;LIVE;VALID;BUY;5005.96;2026.03.17 20:40:00;5003.35;-261.0;8;LOSS;NEXT_SIGNAL;2026.03.17 20:45:00;5003.36;-260.0;9;LOSS;REV;YES;;;;4.07;36;5002.72;5002.68;4.4;0.0;BEAR;SELL;OFF;0.91;19.87;30.68;15.01;5000.87;5010.03;5014.10;5018.18;5022.25;5026.32
2026.03.17 20:40:00;XAUUSD;PERIOD_M5;LIVE;VALID;SELL;5003.35;2026.03.17 20:45:00;5007.03;-368.0;1;LOSS;NEXT_SIGNAL;2026.03.17 20:50:00;5007.30;-395.0;2;LOSS;REV;YES;;;;3.34;36;5003.80;5003.84;-3.5;0.0;BEAR;SELL;OFF;0.79;22.28;18.45;24.30;5007.53;5000.01;4996.67;4993.33;4989.99;4986.65
2026.03.17 20:45:00;XAUUSD;PERIOD_M5;LIVE;VALID;BUY;5007.03;2026.03.17 21:10:00;5001.63;-540.0;5;LOSS;NEXT_SIGNAL;2026.03.17 21:15:00;5001.64;-539.0;6;LOSS;REV;YES;;;;3.46;36;5004.52;5004.15;36.7;14.0;BEAR;SELL;OFF;0.75;20.92;26.84;21.06;5002.70;5010.49;5013.96;5017.42;5020.88;5024.34
2026.03.17 21:10:00;XAUUSD;PERIOD_M5;LIVE;VALID;SELL;5001.63;2026.03.17 22:05:00;5005.51;-388.0;11;LOSS;NEXT_SIGNAL;2026.03.17 22:10:00;5005.92;-429.0;12;LOSS;REV;YES;;;;3.23;36;5003.96;5004.31;-35.6;0.0;BEAR;SELL;OFF;0.68;20.07;14.94;28.38;5005.67;4998.40;4995.16;4991.93;4988.70;4985.47
2026.03.17 22:05:00;XAUUSD;PERIOD_M5;LIVE;VALID;BUY;5005.51;2026.03.18 01:05:00;5000.55;-496.0;12;LOSS;NEXT_SIGNAL;2026.03.18 01:10:00;5000.49;-502.0;13;LOSS;REV;YES;;;;3.40;42;5002.54;5002.14;40.0;0.0;BEAR NOISE;SELL;OFF;0.72;24.50;25.77;16.46;5001.26;5008.91;5012.30;5015.70;5019.10;5022.49
2026.03.18 01:05:00;XAUUSD;PERIOD_M5;LIVE;VALID;SELL;5000.55;2026.03.18 01:50:00;5002.90;-235.0;9;LOSS;NEXT_SIGNAL;2026.03.18 01:55:00;5003.28;-273.0;10;LOSS;REV;YES;;;;2.90;36;5002.70;5003.04;-33.9;-14.0;BEAR;SELL;OFF;0.85;15.22;20.52;15.62;5004.18;4997.65;4994.74;4991.84;4988.94;4986.03
2026.03.18 01:50:00;XAUUSD;PERIOD_M5;LIVE;VALID;BUY;5002.90;2026.03.18 02:35:00;5001.23;-167.0;9;LOSS;NEXT_SIGNAL;2026.03.18 02:40:00;5001.22;-168.0;10;LOSS;REV;YES;;;;2.69;36;5001.95;5001.91;4.1;0.0;BEAR;SELL;OFF;0.83;14.66;15.99;10.26;4999.54;5005.59;5008.28;5010.97;5013.66;5016.35
2026.03.18 02:35:00;XAUUSD;PERIOD_M5;LIVE;VALID;SELL;5001.23;2026.03.18 03:00:00;5008.29;-706.0;5;LOSS;NEXT_SIGNAL;2026.03.18 03:05:00;5008.62;-739.0;6;LOSS;REV;YES;;;;2.97;36;5003.70;5004.00;-29.2;-14.0;BULL NOISE;BUY;OFF;0.78;28.34;12.88;28.53;5004.95;4998.26;4995.28;4992.31;4989.33;4986.36
2026.03.18 03:00:00;XAUUSD;PERIOD_M5;LIVE;VALID;BUY;5008.29;2026.03.18 03:40:00;5001.67;-662.0;8;LOSS;NEXT_SIGNAL;2026.03.18 03:45:00;5001.65;-664.0;9;LOSS;REV;YES;;;;4.16;36;5005.25;5004.93;31.6;14.0;BULL;BUY;OFF;0.83;19.62;19.72;27.92;5003.09;5012.45;5016.61;5020.76;5024.92;5029.08
2026.03.18 03:40:00;XAUUSD;PERIOD_M5;LIVE;VALID;SELL;5001.67;2026.03.18 07:20:00;4992.01;966.0;44;WIN;NEXT_SIGNAL;2026.03.18 07:25:00;4992.38;929.0;45;WIN;REV;YES;;;;4.40;36;5006.42;5006.94;-51.4;-14.0;BULL NOISE;BUY;OFF;0.86;21.30;16.63;32.29;5007.16;4997.27;4992.88;4988.48;4984.09;4979.69
2026.03.18 07:20:00;XAUUSD;PERIOD_M5;LIVE;VALID;BUY;4992.01;2026.03.18 09:20:00;5008.47;1646.0;24;WIN;NEXT_SIGNAL;2026.03.18 09:25:00;5008.43;1642.0;25;WIN;REV;YES;;;;3.99;36;4988.55;4988.14;41.1;0.0;BEAR NOISE;SELL;OFF;0.94;27.63;18.61;21.68;4987.02;4996.00;5000.00;5003.99;5007.98;5011.98
2026.03.18 09:20:00;XAUUSD;PERIOD_M5;LIVE;VALID;SELL;5008.47;2026.03.18 11:20:00;4991.40;1707.0;24;WIN;NEXT_SIGNAL;2026.03.18 11:25:00;4992.20;1627.0;25;WIN;REV;YES;;;;3.39;36;5009.34;5009.53;-18.4;14.0;BEAR;SELL;OFF;0.88;32.63;19.06;24.55;5012.71;5005.08;5001.69;4998.30;4994.91;4991.52
2026.03.18 11:20:00;XAUUSD;PERIOD_M5;LIVE;VALID;BUY;4991.40;2026.03.18 12:10:00;4988.79;-261.0;10;LOSS;NEXT_SIGNAL;2026.03.18 12:15:00;4988.94;-246.0;11;LOSS;REV;YES;;;;5.04;36;4989.13;4989.02;10.9;0.0;BEAR;SELL;OFF;0.90;41.46;20.21;25.46;4985.10;4996.44;5001.48;5006.53;5011.57;5016.61
2026.03.18 12:10:00;XAUUSD;PERIOD_M5;LIVE;VALID;SELL;4988.79;2026.03.18 15:50:00;4871.63;11716.0;44;WIN;NEXT_SIGNAL;2026.03.18 15:55:00;4872.06;11673.0;45;WIN;REV;YES;;;;3.27;36;4990.54;4990.69;-15.9;0.0;BEAR;SELL;OFF;0.93;25.92;10.77;23.75;4992.87;4985.52;4982.26;4978.99;4975.73;4972.46
2026.03.18 15:50:00;XAUUSD;PERIOD_M5;LIVE;VALID;BUY;4871.63;2026.03.18 16:30:00;4861.76;-987.0;8;LOSS;NEXT_SIGNAL;2026.03.18 16:35:00;4861.72;-991.0;9;LOSS;REV;YES;;;;15.29;36;4868.31;4868.31;0.2;0.0;BEAR;SELL;OFF;0.95;41.85;17.16;24.13;4852.52;4886.92;4902.21;4917.50;4932.78;4948.07
2026.03.18 16:30:00;XAUUSD;PERIOD_M5;LIVE;VALID;SELL;4861.76;2026.03.18 17:10:00;4875.25;-1349.0;8;LOSS;NEXT_SIGNAL;2026.03.18 17:15:00;4875.69;-1393.0;9;LOSS;REV;YES;;;;12.11;36;4869.52;4870.47;-95.8;-14.0;BEAR;SELL;OFF;0.87;29.83;16.01;35.99;4876.90;4849.65;4837.53;4825.42;4813.30;4801.19
2026.03.18 17:10:00;XAUUSD;PERIOD_M5;LIVE;VALID;BUY;4875.25;2026.03.18 17:45:00;4863.01;-1224.0;7;LOSS;NEXT_SIGNAL;2026.03.18 17:50:00;4863.06;-1219.0;8;LOSS;REV;YES;;;;9.44;36;4870.71;4869.95;76.3;0.0;BEAR;SELL;OFF;0.90;22.87;18.80;11.45;4863.45;4884.69;4894.13;4903.57;4913.01;4922.45
2026.03.18 17:45:00;XAUUSD;PERIOD_M5;LIVE;VALID;SELL;4863.01;2026.03.18 18:10:00;4877.91;-1490.0;5;LOSS;NEXT_SIGNAL;2026.03.18 18:15:00;4878.25;-1524.0;6;LOSS;REV;YES;;;;7.73;36;4869.13;4869.59;-46.0;0.0;BEAR;SELL;OFF;0.87;19.98;11.78;24.30;4872.68;4855.28;4847.54;4839.81;4832.07;4824.34
2026.03.18 18:10:00;XAUUSD;PERIOD_M5;LIVE;VALID;BUY;4877.91;2026.03.18 20:05:00;4883.18;527.0;23;WIN;NEXT_SIGNAL;2026.03.18 20:10:00;4883.19;528.0;24;WIN;REV;YES;;;;6.91;36;4869.53;4869.48;5.0;14.0;BEAR NOISE;SELL;OFF;0.89;20.38;23.07;11.88;4869.27;4884.82;4891.73;4898.64;4905.54;4912.45
2026.03.18 20:05:00;XAUUSD;PERIOD_M5;LIVE;VALID;SELL;4883.18;2026.03.19 01:05:00;4834.20;4898.0;36;WIN;NEXT_SIGNAL;2026.03.19 01:10:00;4834.54;4864.0;37;WIN;REV;YES;;;;6.73;36;4889.31;4890.20;-88.9;0.0;BEAR;SELL;OFF;0.79;25.52;14.25;19.52;4891.60;4876.45;4869.72;4862.98;4856.25;4849.52
2026.03.19 01:05:00;XAUUSD;PERIOD_M5;LIVE;VALID;BUY;4834.20;2026.03.19 03:10:00;4837.84;364.0;25;WIN;NEXT_SIGNAL;2026.03.19 03:15:00;4837.85;365.0;26;WIN;REV;YES;;;;9.61;36;4826.29;4826.17;12.9;0.0;BEAR;SELL;OFF;0.92;24.98;24.34;14.46;4822.19;4843.81;4853.41;4863.02;4872.62;4882.23
2026.03.19 03:10:00;XAUUSD;PERIOD_M5;LIVE;VALID;SELL;4837.84;2026.03.19 03:30:00;4848.01;-1017.0;4;LOSS;NEXT_SIGNAL;2026.03.19 03:35:00;4848.40;-1056.0;5;LOSS;REV;YES;;;;7.12;36;4840.84;4841.39;-55.0;-14.0;BEAR;SELL;OFF;0.84;13.79;15.77;17.29;4846.74;4830.72;4823.59;4816.47;4809.35;4802.23
2026.03.19 03:30:00;XAUUSD;PERIOD_M5;LIVE;VALID;BUY;4848.01;2026.03.19 05:35:00;4855.01;700.0;25;WIN;NEXT_SIGNAL;2026.03.19 05:40:00;4855.06;705.0;26;WIN;REV;YES;;;;7.34;36;4842.37;4841.84;52.9;14.0;BEAR NOISE;SELL;OFF;0.85;14.91;23.91;13.35;4838.83;4855.35;4862.69;4870.03;4877.37;4884.71
2026.03.19 05:35:00;XAUUSD;PERIOD_M5;LIVE;VALID;SELL;4855.01;2026.03.19 07:15:00;4853.07;194.0;20;WIN;NEXT_SIGNAL;2026.03.19 07:20:00;4853.44;157.0;21;WIN;REV;YES;;;;5.59;36;4858.45;4858.87;-42.3;0.0;BEAR;SELL;OFF;0.83;23.37;12.44;25.11;4861.99;4849.42;4843.84;4838.25;4832.67;4827.08
2026.03.19 07:15:00;XAUUSD;PERIOD_M5;LIVE;VALID;BUY;4853.07;2026.03.19 07:25:00;4846.63;-644.0;2;LOSS;NEXT_SIGNAL;2026.03.19 07:30:00;4846.67;-640.0;3;LOSS;REV;YES;;;;3.45;36;4850.81;4850.48;33.2;0.0;BEAR NOISE;SELL;OFF;0.87;19.91;21.86;16.97;4848.75;4856.52;4859.98;4863.43;4866.88;4870.34
2026.03.19 07:25:00;XAUUSD;PERIOD_M5;LIVE;VALID;SELL;4846.63;2026.03.19 11:30:00;4719.95;12668.0;49;WIN;NEXT_SIGNAL;2026.03.19 11:35:00;4720.16;12647.0;50;WIN;REV;YES;;;;3.80;43;4849.89;4850.07;-18.4;0.0;BEAR;SELL;OFF;0.89;17.43;16.42;23.34;4851.38;4842.83;4839.03;4835.23;4831.43;4827.63
2026.03.19 11:30:00;XAUUSD;PERIOD_M5;LIVE;VALID;BUY;4719.95;2026.03.19 11:55:00;4698.83;-2112.0;5;LOSS;NEXT_SIGNAL;2026.03.19 12:00:00;4698.82;-2113.0;6;LOSS;REV;YES;;;;18.37;36;4711.10;4710.07;102.7;14.0;BEAR;SELL;OFF;0.81;29.71;24.55;24.39;4696.98;4738.32;4756.69;4775.07;4793.44;4811.81
2026.03.19 11:55:00;XAUUSD;PERIOD_M5;LIVE;VALID;SELL;4698.83;2026.03.19 12:05:00;4712.67;-1384.0;2;LOSS;NEXT_SIGNAL;2026.03.19 12:10:00;4713.04;-1421.0;3;LOSS;REV;YES;;;;15.06;36;4707.35;4708.02;-67.3;0.0;BEAR;SELL;OFF;0.81;23.92;12.00;21.62;4717.65;4683.77;4668.71;4653.65;4638.59;4623.53
2026.03.19 12:05:00;XAUUSD;PERIOD_M5;LIVE;VALID;BUY;4712.67;2026.03.19 12:10:00;4704.34;-833.0;1;LOSS;NEXT_SIGNAL;2026.03.19 12:15:00;4704.30;-837.0;2;LOSS;REV;YES;;;;15.44;36;4709.20;4708.70;50.6;0.0;BEAR;SELL;OFF;0.79;21.94;19.91;16.24;4693.37;4728.11;4743.56;4759.00;4774.44;4789.88
2026.03.19 12:10:00;XAUUSD;PERIOD_M5;LIVE;VALID;SELL;4704.34;2026.03.19 15:50:00;4597.30;10704.0;44;WIN;NEXT_SIGNAL;2026.03.19 15:55:00;4597.68;10666.0;45;WIN;REV;YES;;;;15.53;36;4708.12;4708.38;-26.0;0.0;BEAR;SELL;OFF;0.79;20.86;17.26;22.82;4723.75;4688.81;4673.28;4657.75;4642.22;4626.69
2026.03.19 15:50:00;XAUUSD;PERIOD_M5;LIVE;VALID;BUY;4597.30;2026.03.19 17:20:00;4607.38;1008.0;18;WIN;NEXT_SIGNAL;2026.03.19 17:25:00;4607.28;998.0;19;WIN;REV;YES;;;;31.48;36;4572.00;4568.45;355.2;14.0;BEAR NOISE;SELL;OFF;0.85;24.54;20.19;18.52;4557.95;4628.78;4660.26;4691.75;4723.23;4754.71
2026.03.19 17:20:00;XAUUSD;PERIOD_M5;LIVE;VALID;SELL;4607.38;2026.03.19 18:05:00;4616.60;-922.0;9;LOSS;NEXT_SIGNAL;2026.03.19 18:10:00;4617.07;-969.0;10;LOSS;REV;YES;;;;20.94;36;4612.96;4613.38;-41.8;0.0;BEAR;SELL;OFF;0.85;15.18;20.00;17.41;4633.55;4586.44;4565.50;4544.57;4523.63;4502.69
2026.03.19 18:05:00;XAUUSD;PERIOD_M5;LIVE;VALID;BUY;4616.60;2026.03.19 18:40:00;4593.18;-2342.0;7;LOSS;NEXT_SIGNAL;2026.03.19 18:45:00;4593.16;-2344.0;8;LOSS;REV;YES;;;;19.49;36;4601.07;4600.38;69.1;0.0;BEAR NOISE;SELL;OFF;0.87;23.09;28.04;13.88;4592.24;4636.09;4655.58;4675.07;4694.55;4714.04
2026.03.19 18:40:00;XAUUSD;PERIOD_M5;LIVE;VALID;SELL;4593.18;2026.03.19 19:25:00;4602.77;-959.0;9;LOSS;NEXT_SIGNAL;2026.03.19 19:30:00;4603.86;-1068.0;10;LOSS;REV;YES;;;;15.87;36;4598.18;4598.57;-38.6;0.0;BEAR;SELL;OFF;0.82;16.56;26.63;28.16;4613.01;4577.31;4561.45;4545.58;4529.72;4513.85
2026.03.19 19:25:00;XAUUSD;PERIOD_M5;LIVE;VALID;BUY;4602.77;2026.03.19 20:35:00;4606.32;355.0;14;WIN;NEXT_SIGNAL;2026.03.19 20:40:00;4606.33;356.0;15;WIN;REV;YES;;;;14.41;36;4595.89;4594.86;103.2;0.0;BEAR;SELL;OFF;0.91;19.22;26.18;16.08;4584.76;4617.18;4631.59;4646.00;4660.41;4674.82
2026.03.19 20:35:00;XAUUSD;PERIOD_M5;LIVE;VALID;SELL;4606.32;2026.03.19 20:55:00;4622.86;-1654.0;4;LOSS;NEXT_SIGNAL;2026.03.19 21:00:00;4623.26;-1694.0;5;LOSS;REV;YES;;;;10.72;36;4607.88;4608.46;-57.7;0.0;BEAR;SELL;OFF;0.87;18.03;16.80;26.83;4619.72;4595.60;4584.88;4574.16;4563.44;4552.72
2026.03.19 20:55:00;XAUUSD;PERIOD_M5;LIVE;VALID;BUY;4622.86;2026.03.20 01:00:00;4644.08;2122.0;25;WIN;NEXT_SIGNAL;2026.03.20 01:05:00;4644.05;2119.0;26;WIN;REV;YES;;;;10.36;36;4611.14;4610.35;79.3;0.0;BEAR NOISE;SELL;OFF;0.88;14.46;31.14;22.65;4609.90;4633.22;4643.59;4653.95;4664.32;4674.68
2026.03.20 01:00:00;XAUUSD;PERIOD_M5;LIVE;VALID;SELL;4644.08;2026.03.20 02:00:00;4651.81;-773.0;12;LOSS;NEXT_SIGNAL;2026.03.20 02:05:00;4652.10;-802.0;13;LOSS;REV;YES;;;;7.77;36;4652.13;4652.44;-31.2;0.0;BULL NOISE;BUY;OFF;0.99;21.24;12.37;26.78;4653.79;4636.31;4628.54;4620.77;4612.99;4605.22
2026.03.20 02:00:00;XAUUSD;PERIOD_M5;LIVE;VALID;BUY;4651.81;2026.03.20 06:10:00;4719.00;6719.0;50;WIN;NEXT_SIGNAL;2026.03.20 06:15:00;4718.97;6716.0;51;WIN;REV;YES;;;;7.09;36;4645.06;4644.77;29.0;14.0;BULL;BUY;OFF;0.83;20.18;23.49;15.71;4642.94;4658.90;4666.00;4673.09;4680.19;4687.28
2026.03.20 06:10:00;XAUUSD;PERIOD_M5;LIVE;VALID;SELL;4719.00;2026.03.20 09:20:00;4684.91;3409.0;38;WIN;NEXT_SIGNAL;2026.03.20 09:25:00;4685.26;3374.0;39;WIN;REV;YES;;;;7.43;36;4722.44;4722.86;-41.6;0.0;BULL;BUY;OFF;0.96;37.68;10.81;24.97;4728.29;4711.57;4704.13;4696.70;4689.26;4681.83
2026.03.20 09:20:00;XAUUSD;PERIOD_M5;LIVE;VALID;BUY;4684.91;2026.03.20 10:50:00;4692.15;724.0;18;WIN;NEXT_SIGNAL;2026.03.20 10:55:00;4692.13;722.0;19;WIN;REV;YES;;;;9.51;36;4679.25;4678.86;38.7;0.0;BEAR;SELL;OFF;0.72;28.30;23.10;13.23;4673.03;4694.42;4703.92;4713.43;4722.94;4732.45
2026.03.20 10:50:00;XAUUSD;PERIOD_M5;LIVE;VALID;SELL;4692.15;2026.03.20 13:10:00;4662.58;2957.0;28;WIN;NEXT_SIGNAL;2026.03.20 13:15:00;4662.95;2920.0;29;WIN;REV;YES;;;;10.00;36;4703.89;4706.31;-242.2;-14.0;BULL NOISE;BUY;OFF;0.80;47.52;22.80;22.47;4704.65;4682.15;4672.15;4662.16;4652.16;4642.16
2026.03.20 13:10:00;XAUUSD;PERIOD_M5;LIVE;VALID;BUY;4662.58;2026.03.20 14:40:00;4670.25;767.0;18;WIN;NEXT_SIGNAL;2026.03.20 14:45:00;4670.24;766.0;19;WIN;REV;YES;;;;12.69;36;4657.87;4657.53;34.6;0.0;BULL;BUY;OFF;0.82;34.74;17.39;22.85;4646.72;4675.27;4687.95;4700.64;4713.33;4726.01
2026.03.20 14:40:00;XAUUSD;PERIOD_M5;LIVE;VALID;SELL;4670.25;2026.03.20 18:05:00;4571.66;9859.0;41;WIN;NEXT_SIGNAL;2026.03.20 18:10:00;4572.07;9818.0;42;WIN;REV;YES;;;;9.80;36;4674.13;4674.46;-33.2;0.0;BULL;BUY;OFF;0.87;22.42;17.88;25.43;4682.50;4660.45;4650.64;4640.84;4631.04;4621.24
2026.03.20 18:05:00;XAUUSD;PERIOD_M5;LIVE;VALID;BUY;4571.66;2026.03.20 19:15:00;4574.56;290.0;14;WIN;NEXT_SIGNAL;2026.03.20 19:20:00;4575.05;339.0;15;WIN;REV;YES;;;;15.71;36;4564.44;4563.64;80.0;0.0;BEAR;SELL;OFF;0.95;32.32;19.14;16.19;4552.03;4587.37;4603.08;4618.78;4634.49;4650.20
2026.03.20 19:15:00;XAUUSD;PERIOD_M5;LIVE;VALID;SELL;4574.56;2026.03.20 21:50:00;4515.47;5909.0;31;WIN;NEXT_SIGNAL;2026.03.20 21:55:00;4515.75;5881.0;32;WIN;REV;YES;;;;14.31;36;4582.27;4582.62;-35.1;0.0;BEAR;SELL;OFF;0.70;18.61;22.08;25.02;4592.44;4560.25;4545.95;4531.64;4517.33;4503.03
2026.03.20 21:50:00;XAUUSD;PERIOD_M5;LIVE;VALID;BUY;4515.47;2026.03.20 22:30:00;4500.22;-1525.0;8;LOSS;NEXT_SIGNAL;2026.03.20 22:35:00;4500.10;-1537.0;9;LOSS;REV;YES;;;;15.79;36;4508.46;4507.95;51.3;0.0;BEAR;SELL;OFF;0.90;32.16;17.76;18.03;4495.73;4531.26;4547.05;4562.84;4578.63;4594.42
2026.03.20 22:30:00;XAUUSD;PERIOD_M5;LIVE;VALID;SELL;4500.22;2026.03.23 03:15:00;4428.44;7178.0;34;WIN;NEXT_SIGNAL;2026.03.23 03:20:00;4428.84;7138.0;35;WIN;REV;YES;;;;11.02;43;4504.39;4504.46;-7.8;0.0;BEAR;SELL;OFF;0.91;20.73;16.41;23.09;4513.99;4489.20;4478.19;4467.17;4456.15;4445.14
2026.03.23 03:15:00;XAUUSD;PERIOD_M5;LIVE;VALID;BUY;4428.44;2026.03.23 04:10:00;4396.01;-3243.0;11;LOSS;NEXT_SIGNAL;2026.03.23 04:15:00;4395.94;-3250.0;12;LOSS;REV;YES;;;;33.57;36;4394.64;4394.61;3.2;14.0;BEAR NOISE;SELL;OFF;0.90;42.93;23.92;17.08;4386.48;4462.01;4495.58;4529.15;4562.72;4596.29
2026.03.23 04:10:00;XAUUSD;PERIOD_M5;LIVE;VALID;SELL;4396.01;2026.03.23 06:05:00;4369.48;2653.0;23;WIN;NEXT_SIGNAL;2026.03.23 06:10:00;4369.59;2642.0;24;WIN;REV;YES;;;;24.70;36;4408.12;4409.31;-119.3;0.0;BEAR;SELL;OFF;0.85;33.51;12.16;30.29;4426.88;4371.31;4346.62;4321.92;4297.23;4272.53
2026.03.23 06:05:00;XAUUSD;PERIOD_M5;LIVE;VALID;BUY;4369.48;2026.03.23 07:20:00;4354.61;-1487.0;15;LOSS;NEXT_SIGNAL;2026.03.23 07:25:00;4354.46;-1502.0;16;LOSS;REV;YES;;;;12.87;36;4358.19;4356.49;169.6;0.0;BEAR;SELL;OFF;0.82;29.14;26.27;15.85;4353.39;4382.35;4395.23;4408.10;4420.98;4433.85
2026.03.23 07:20:00;XAUUSD;PERIOD_M5;LIVE;VALID;SELL;4354.61;2026.03.23 09:45:00;4213.20;14141.0;29;WIN;NEXT_SIGNAL;2026.03.23 09:50:00;4213.66;14095.0;30;WIN;REV;YES;;;;10.43;36;4365.98;4367.09;-111.0;0.0;BEAR;SELL;OFF;0.84;21.02;13.09;29.51;4367.64;4344.18;4333.76;4323.33;4312.90;4302.48
2026.03.23 09:45:00;XAUUSD;PERIOD_M5;LIVE;VALID;BUY;4213.20;2026.03.23 11:40:00;4224.15;1095.0;23;WIN;NEXT_SIGNAL;2026.03.23 11:45:00;4224.53;1133.0;24;WIN;REV;YES;;;;40.53;36;4181.70;4179.34;236.1;14.0;BEAR;SELL;OFF;0.81;41.41;29.40;18.26;4162.54;4253.73;4294.26;4334.79;4375.32;4415.85
2026.03.23 11:40:00;XAUUSD;PERIOD_M5;LIVE;VALID;SELL;4224.15;2026.03.23 12:15:00;4269.24;-4509.0;7;LOSS;NEXT_SIGNAL;2026.03.23 12:20:00;4268.98;-4483.0;8;LOSS;REV;YES;;;;23.69;36;4258.30;4258.64;-33.3;-14.0;BEAR;SELL;OFF;0.63;38.75;24.43;25.58;4253.77;4200.45;4176.76;4153.07;4129.37;4105.68
2026.03.23 12:15:00;XAUUSD;PERIOD_M5;LIVE;VALID;BUY;4269.24;2026.03.23 12:35:00;4247.11;-2213.0;4;LOSS;NEXT_SIGNAL;2026.03.23 12:40:00;4247.12;-2212.0;5;LOSS;REV;YES;;;;20.47;36;4259.60;4259.12;48.6;0.0;BEAR;SELL;OFF;0.85;33.16;26.56;9.39;4243.65;4289.71;4310.19;4330.66;4351.13;4371.61
2026.03.23 12:35:00;XAUUSD;PERIOD_M5;LIVE;VALID;SELL;4247.11;2026.03.23 12:50:00;4263.69;-1658.0;3;LOSS;NEXT_SIGNAL;2026.03.23 12:55:00;4264.03;-1692.0;4;LOSS;REV;YES;;;;19.65;36;4259.88;4260.20;-32.2;0.0;BEAR;SELL;OFF;0.83;27.95;14.98;23.37;4271.68;4227.46;4207.80;4188.15;4168.49;4148.84
2026.03.23 12:50:00;XAUUSD;PERIOD_M5;LIVE;VALID;BUY;4263.69;2026.03.23 14:10:00;4356.46;9277.0;16;WIN;NEXT_SIGNAL;2026.03.23 14:15:00;4355.90;9221.0;17;WIN;REV;YES;;;;16.27;36;4260.44;4259.70;74.0;0.0;BEAR;SELL;OFF;0.86;25.49;22.50;15.21;4243.35;4279.96;4296.23;4312.51;4328.78;4345.05
2026.03.23 14:10:00;XAUUSD;PERIOD_M5;LIVE;VALID;SELL;4356.46;2026.03.23 14:35:00;4411.71;-5525.0;5;LOSS;NEXT_SIGNAL;2026.03.23 14:40:00;4411.88;-5542.0;6;LOSS;REV;YES;;;;48.26;36;4374.79;4378.02;-323.4;0.0;BULL;BUY;OFF;0.87;23.83;13.94;19.65;4416.79;4308.20;4259.93;4211.67;4163.40;4115.14
2026.03.23 14:35:00;XAUUSD;PERIOD_M5;LIVE;VALID;BUY;4411.71;2026.03.23 15:30:00;4420.25;854.0;11;WIN;NEXT_SIGNAL;2026.03.23 15:35:00;4420.00;829.0;12;WIN;REV;YES;;;;31.20;36;4394.04;4391.80;223.5;0.0;BULL;BUY;OFF;0.88;16.80;18.46;14.68;4372.71;4442.91;4474.11;4505.31;4536.50;4567.70
2026.03.23 15:30:00;XAUUSD;PERIOD_M5;LIVE;VALID;SELL;4420.25;2026.03.23 15:55:00;4456.93;-3668.0;5;LOSS;NEXT_SIGNAL;2026.03.23 16:00:00;4457.20;-3695.0;6;LOSS;REV;YES;;;;26.44;36;4427.31;4429.35;-203.4;0.0;BULL;BUY;OFF;0.87;24.61;15.43;23.52;4453.30;4393.81;4367.37;4340.93;4314.49;4288.05
2026.03.23 15:55:00;XAUUSD;PERIOD_M5;LIVE;VALID;BUY;4456.93;2026.03.23 17:10:00;4465.31;838.0;15;WIN;NEXT_SIGNAL;2026.03.23 17:15:00;4464.95;802.0;16;WIN;REV;YES;;;;26.02;36;4438.58;4437.21;137.1;14.0;BULL;BUY;OFF;0.85;23.79;23.88;12.84;4424.40;4482.95;4508.98;4535.00;4561.02;4587.05
2026.03.23 17:10:00;XAUUSD;PERIOD_M5;LIVE;VALID;SELL;4465.31;2026.03.23 18:55:00;4378.61;8670.0;21;WIN;NEXT_SIGNAL;2026.03.23 19:00:00;4379.49;8582.0;22;WIN;REV;YES;;;;22.39;36;4472.34;4473.02;-68.1;0.0;BULL;BUY;OFF;0.82;23.91;15.25;16.59;4493.30;4442.92;4420.52;4398.13;4375.73;4353.34
2026.03.23 18:55:00;XAUUSD;PERIOD_M5;LIVE;VALID;BUY;4378.61;2026.03.23 19:00:00;4371.48;-713.0;1;LOSS;NEXT_SIGNAL;2026.03.23 19:05:00;4372.05;-656.0;2;LOSS;REV;YES;;;;21.51;36;4380.73;4380.55;18.4;0.0;BULL;BUY;OFF;0.92;33.82;13.09;19.12;4351.72;4400.12;4421.63;4443.14;4464.66;4486.17
2026.03.23 19:00:00;XAUUSD;PERIOD_M5;LIVE;VALID;SELL;4371.48;2026.03.23 19:05:00;4396.97;-2549.0;1;LOSS;NEXT_SIGNAL;2026.03.23 19:10:00;4397.28;-2580.0;2;LOSS;REV;YES;;;;21.06;36;4378.68;4378.68;-0.6;-14.0;BULL;BUY;OFF;0.94;31.81;11.34;16.57;4397.81;4350.42;4329.36;4308.30;4287.24;4266.18
2026.03.23 19:05:00;XAUUSD;PERIOD_M5;LIVE;VALID;BUY;4396.97;2026.03.23 21:10:00;4409.99;1302.0;25;WIN;NEXT_SIGNAL;2026.03.23 21:15:00;4410.02;1305.0;26;WIN;REV;YES;;;;20.09;36;4382.74;4379.65;309.7;0.0;BULL;BUY;OFF;0.97;28.44;16.38;14.36;4371.85;4417.06;4437.16;4457.25;4477.34;4497.44
2026.03.23 21:10:00;XAUUSD;PERIOD_M5;LIVE;VALID;SELL;4409.99;2026.03.23 22:40:00;4411.19;-120.0;18;LOSS;NEXT_SIGNAL;2026.03.23 22:45:00;4411.60;-161.0;19;LOSS;REV;YES;;;;15.55;36;4435.15;4435.88;-73.1;0.0;BEAR NOISE;SELL;OFF;0.83;24.54;18.97;35.69;4429.43;4394.44;4378.88;4363.33;4347.78;4332.23
2026.03.23 22:40:00;XAUUSD;PERIOD_M5;LIVE;VALID;BUY;4411.19;2026.03.24 02:10:00;4422.43;1124.0;19;WIN;NEXT_SIGNAL;2026.03.24 02:15:00;4422.45;1126.0;20;WIN;REV;YES;;;;9.87;42;4406.25;4405.67;57.3;0.0;BEAR;SELL;OFF;0.90;16.88;21.06;25.98;4398.86;4421.06;4430.92;4440.79;4450.66;4460.53
2026.03.24 02:10:00;XAUUSD;PERIOD_M5;LIVE;VALID;SELL;4422.43;2026.03.24 04:30:00;4366.93;5550.0;28;WIN;NEXT_SIGNAL;2026.03.24 04:35:00;4367.30;5513.0;29;WIN;REV;YES;;;;11.43;36;4432.46;4433.41;-95.0;0.0;BEAR;SELL;OFF;0.85;17.14;19.16;24.58;4436.71;4411.00;4399.57;4388.15;4376.72;4365.29
2026.03.24 04:30:00;XAUUSD;PERIOD_M5;LIVE;VALID;BUY;4366.93;2026.03.24 05:35:00;4343.48;-2345.0;13;LOSS;NEXT_SIGNAL;2026.03.24 05:40:00;4343.44;-2349.0;14;LOSS;REV;YES;;;;19.69;36;4339.35;4335.41;394.0;14.0;BEAR NOISE;SELL;OFF;0.79;20.14;26.41;14.56;4342.31;4386.62;4406.32;4426.01;4445.70;4465.39
2026.03.24 05:35:00;XAUUSD;PERIOD_M5;LIVE;VALID;SELL;4343.48;2026.03.24 06:50:00;4347.71;-423.0;15;LOSS;NEXT_SIGNAL;2026.03.24 06:55:00;4348.10;-462.0;16;LOSS;REV;YES;;;;13.80;36;4353.54;4354.53;-99.7;0.0;BEAR;SELL;OFF;0.82;16.05;14.31;25.26;4360.73;4329.68;4315.88;4302.08;4288.29;4274.49
2026.03.24 06:50:00;XAUUSD;PERIOD_M5;LIVE;VALID;BUY;4347.71;2026.03.24 06:55:00;4335.48;-1223.0;1;LOSS;NEXT_SIGNAL;2026.03.24 07:00:00;4335.54;-1217.0;2;LOSS;REV;YES;;;;8.95;36;4344.26;4343.98;28.4;0.0;BEAR;SELL;OFF;0.85;20.36;19.37;10.72;4336.52;4356.66;4365.62;4374.57;4383.52;4392.47
2026.03.24 06:55:00;XAUUSD;PERIOD_M5;LIVE;VALID;SELL;4335.48;2026.03.24 07:40:00;4356.01;-2053.0;9;LOSS;NEXT_SIGNAL;2026.03.24 07:45:00;4356.47;-2099.0;10;LOSS;REV;YES;;;;9.51;36;4342.31;4342.95;-63.7;0.0;BEAR;SELL;OFF;0.85;18.45;16.79;18.96;4347.37;4325.97;4316.46;4306.94;4297.43;4287.92
2026.03.24 07:40:00;XAUUSD;PERIOD_M5;LIVE;VALID;BUY;4356.01;2026.03.24 10:15:00;4406.28;5027.0;31;WIN;NEXT_SIGNAL;2026.03.24 10:20:00;4406.27;5026.0;32;WIN;REV;YES;;;;12.84;36;4341.02;4338.99;203.3;14.0;BEAR NOISE;SELL;OFF;0.80;18.25;29.06;24.42;4339.96;4368.85;4381.70;4394.54;4407.38;4420.22
2026.03.24 10:15:00;XAUUSD;PERIOD_M5;LIVE;VALID;SELL;4406.28;2026.03.24 11:00:00;4413.55;-727.0;9;LOSS;NEXT_SIGNAL;2026.03.24 11:05:00;4413.93;-765.0;10;LOSS;REV;YES;;;;12.46;36;4411.78;4412.63;-85.6;0.0;BEAR;SELL;OFF;0.84;21.74;17.25;22.38;4421.86;4393.82;4381.35;4368.89;4356.43;4343.96
2026.03.24 11:00:00;XAUUSD;PERIOD_M5;LIVE;VALID;BUY;4413.55;2026.03.24 11:10:00;4398.16;-1539.0;2;LOSS;NEXT_SIGNAL;2026.03.24 11:15:00;4398.10;-1545.0;3;LOSS;REV;YES;;;;11.87;36;4407.86;4406.96;90.4;0.0;BEAR;SELL;OFF;0.72;20.00;20.31;10.68;4398.71;4425.42;4437.30;4449.17;4461.04;4472.92
2026.03.24 11:10:00;XAUUSD;PERIOD_M5;LIVE;VALID;SELL;4398.16;2026.03.24 11:15:00;4413.66;-1550.0;1;LOSS;NEXT_SIGNAL;2026.03.24 11:20:00;4414.03;-1587.0;2;LOSS;REV;YES;;;;11.49;36;4405.16;4405.64;-47.4;-14.0;BEAR;SELL;OFF;0.74;17.27;15.25;19.29;4412.53;4386.67;4375.18;4363.68;4352.19;4340.70
2026.03.24 11:15:00;XAUUSD;PERIOD_M5;LIVE;VALID;BUY;4413.66;2026.03.24 13:00:00;4409.90;-376.0;21;LOSS;NEXT_SIGNAL;2026.03.24 13:05:00;4408.74;-492.0;22;LOSS;REV;YES;;;;12.01;36;4407.05;4406.21;84.0;0.0;BEAR;SELL;OFF;0.74;15.34;17.68;16.72;4398.65;4425.67;4437.67;4449.68;4461.69;4473.70
2026.03.24 13:00:00;XAUUSD;PERIOD_M5;LIVE;VALID;SELL;4409.90;2026.03.24 13:40:00;4421.36;-1146.0;8;LOSS;NEXT_SIGNAL;2026.03.24 13:45:00;4421.82;-1192.0;9;LOSS;REV;YES;;;;13.89;36;4422.67;4422.99;-31.6;-14.0;BEAR;SELL;OFF;0.82;15.99;20.10;23.99;4427.27;4396.01;4382.11;4368.22;4354.33;4340.44
2026.03.24 13:40:00;XAUUSD;PERIOD_M5;LIVE;VALID;BUY;4421.36;2026.03.24 13:50:00;4399.31;-2205.0;2;LOSS;NEXT_SIGNAL;2026.03.24 13:55:00;4399.29;-2207.0;3;LOSS;REV;YES;;;;15.61;36;4420.87;4420.77;10.4;0.0;BEAR;SELL;OFF;0.88;12.09;18.97;17.76;4401.85;4436.97;4452.58;4468.19;4483.80;4499.41
2026.03.24 13:50:00;XAUUSD;PERIOD_M5;LIVE;VALID;SELL;4399.31;2026.03.24 16:00:00;4394.19;512.0;26;WIN;NEXT_SIGNAL;2026.03.24 16:05:00;4394.68;463.0;27;WIN;REV;YES;;;;17.43;36;4416.12;4418.56;-243.7;-14.0;BEAR;SELL;OFF;0.89;14.21;14.25;27.70;4421.10;4381.88;4364.44;4347.01;4329.58;4312.15
2026.03.24 16:00:00;XAUUSD;PERIOD_M5;LIVE;VALID;BUY;4394.19;2026.03.24 18:00:00;4405.68;1149.0;24;WIN;NEXT_SIGNAL;2026.03.24 18:05:00;4405.82;1163.0;25;WIN;REV;YES;;;;16.37;36;4375.57;4372.63;294.0;0.0;BEAR NOISE;SELL;OFF;0.90;27.55;25.94;9.24;4373.72;4410.56;4426.94;4443.31;4459.69;4476.06
2026.03.24 18:00:00;XAUUSD;PERIOD_M5;LIVE;VALID;SELL;4405.68;2026.03.24 18:15:00;4422.98;-1730.0;3;LOSS;NEXT_SIGNAL;2026.03.24 18:20:00;4423.37;-1769.0;4;LOSS;REV;YES;;;;11.76;36;4414.65;4415.01;-36.5;-14.0;BEAR;SELL;OFF;0.87;37.56;15.60;26.16;4420.38;4393.92;4382.16;4370.40;4358.65;4346.89
2026.03.24 18:15:00;XAUUSD;PERIOD_M5;LIVE;VALID;BUY;4422.98;2026.03.24 19:00:00;4401.87;-2111.0;9;LOSS;NEXT_SIGNAL;2026.03.24 19:05:00;4401.76;-2122.0;10;LOSS;REV;YES;;;;10.37;36;4415.80;4415.55;25.0;0.0;BEAR;SELL;OFF;0.88;30.77;22.70;18.70;4410.01;4433.35;4443.73;4454.10;4464.47;4474.84
2026.03.24 19:00:00;XAUUSD;PERIOD_M5;LIVE;VALID;SELL;4401.87;2026.03.24 20:20:00;4405.14;-327.0;16;LOSS;NEXT_SIGNAL;2026.03.24 20:25:00;4405.42;-355.0;17;LOSS;REV;YES;;;;10.20;36;4416.29;4417.55;-126.1;-14.0;BEAR;SELL;OFF;0.95;18.64;11.82;24.89;4414.62;4391.67;4381.47;4371.27;4361.06;4350.86
2026.03.24 20:20:00;XAUUSD;PERIOD_M5;LIVE;VALID;BUY;4405.14;2026.03.24 21:35:00;4397.23;-791.0;15;LOSS;NEXT_SIGNAL;2026.03.24 21:40:00;4397.27;-787.0;16;LOSS;REV;YES;;;;10.68;36;4394.15;4392.09;206.4;0.0;BEAR;SELL;OFF;0.87;23.30;21.63;11.57;4391.79;4415.82;4426.50;4437.17;4447.85;4458.53
2026.03.24 21:35:00;XAUUSD;PERIOD_M5;LIVE;VALID;SELL;4397.23;2026.03.24 22:15:00;4410.10;-1287.0;8;LOSS;NEXT_SIGNAL;2026.03.24 22:20:00;4410.51;-1328.0;9;LOSS;REV;YES;;;;9.36;36;4402.56;4402.66;-10.1;-14.0;BEAR;SELL;OFF;0.91;18.92;17.66;29.57;4408.93;4387.87;4378.52;4369.16;4359.80;4350.44
2026.03.24 22:15:00;XAUUSD;PERIOD_M5;LIVE;VALID;BUY;4410.10;2026.03.25 04:55:00;4584.42;17432.0;57;WIN;NEXT_SIGNAL;2026.03.25 05:00:00;4584.30;17420.0;58;WIN;REV;YES;;;;6.09;43;4402.56;4401.86;70.1;0.0;BEAR NOISE;SELL;OFF;0.90;17.66;20.95;13.52;4402.49;4416.19;4422.28;4428.37;4434.45;4440.54
2026.03.25 04:55:00;XAUUSD;PERIOD_M5;LIVE;VALID;SELL;4584.42;2026.03.25 06:25:00;4573.85;1057.0;18;WIN;NEXT_SIGNAL;2026.03.25 06:30:00;4574.19;1023.0;19;WIN;REV;YES;;;;8.32;36;4588.37;4588.78;-41.1;0.0;BULL;BUY;OFF;0.75;25.57;19.05;21.21;4594.82;4576.10;4567.79;4559.47;4551.15;4542.83
2026.03.25 06:25:00;XAUUSD;PERIOD_M5;LIVE;VALID;BUY;4573.85;2026.03.25 06:30:00;4570.03;-382.0;1;LOSS;NEXT_SIGNAL;2026.03.25 06:35:00;4570.04;-381.0;2;LOSS;REV;YES;;;;5.08;36;4572.99;4572.96;3.6;0.0;BULL;BUY;OFF;0.84;46.40;3.65;15.34;4567.50;4578.93;4584.01;4589.09;4594.16;4599.24
2026.03.25 06:30:00;XAUUSD;PERIOD_M5;LIVE;VALID;SELL;4570.03;2026.03.25 09:10:00;4557.19;1284.0;32;WIN;NEXT_SIGNAL;2026.03.25 09:15:00;4557.52;1251.0;33;WIN;REV;YES;;;;4.98;36;4572.34;4572.53;-19.7;-14.0;BULL;BUY;OFF;0.84;50.03;3.16;20.83;4576.26;4565.05;4560.06;4555.08;4550.10;4545.12
2026.03.25 09:10:00;XAUUSD;PERIOD_M5;LIVE;VALID;BUY;4557.19;2026.03.25 09:45:00;4544.28;-1291.0;7;LOSS;NEXT_SIGNAL;2026.03.25 09:50:00;4544.30;-1289.0;8;LOSS;REV;YES;;;;7.30;36;4551.00;4549.96;104.1;0.0;BULL;BUY;OFF;0.94;25.26;24.60;16.21;4548.06;4564.49;4571.79;4579.09;4586.39;4593.69
2026.03.25 09:45:00;XAUUSD;PERIOD_M5;LIVE;VALID;SELL;4544.28;2026.03.25 10:15:00;4563.23;-1895.0;6;LOSS;NEXT_SIGNAL;2026.03.25 10:20:00;4563.62;-1934.0;7;LOSS;REV;YES;;;;6.72;36;4550.70;4551.62;-91.1;0.0;BULL NOISE;BUY;OFF;0.95;26.64;12.85;29.27;4552.69;4537.55;4530.83;4524.10;4517.38;4510.65
2026.03.25 10:15:00;XAUUSD;PERIOD_M5;LIVE;VALID;BUY;4563.23;2026.03.25 11:25:00;4558.59;-464.0;14;LOSS;NEXT_SIGNAL;2026.03.25 11:30:00;4558.53;-470.0;15;LOSS;REV;YES;;;;8.09;36;4553.06;4551.63;142.8;14.0;BULL;BUY;OFF;0.91;27.04;30.84;17.60;4553.11;4571.32;4579.41;4587.51;4595.60;4603.69
2026.03.25 11:25:00;XAUUSD;PERIOD_M5;LIVE;VALID;SELL;4558.59;2026.03.25 12:25:00;4555.84;275.0;12;WIN;NEXT_SIGNAL;2026.03.25 12:30:00;4556.18;241.0;13;WIN;REV;YES;;;;7.18;36;4560.97;4561.18;-21.3;0.0;BULL;BUY;OFF;0.91;18.20;10.89;19.65;4567.57;4551.41;4544.22;4537.04;4529.86;4522.68
2026.03.25 12:25:00;XAUUSD;PERIOD_M5;LIVE;VALID;BUY;4555.84;2026.03.25 12:30:00;4552.29;-355.0;1;LOSS;NEXT_SIGNAL;2026.03.25 12:35:00;4552.24;-360.0;2;LOSS;REV;YES;;;;8.59;36;4554.78;4554.72;5.6;0.0;BULL;BUY;OFF;0.97;29.20;8.73;16.96;4545.10;4564.43;4573.03;4581.62;4590.21;4598.81
2026.03.25 12:30:00;XAUUSD;PERIOD_M5;LIVE;VALID;SELL;4552.29;2026.03.25 12:35:00;4555.88;-359.0;1;LOSS;NEXT_SIGNAL;2026.03.25 12:40:00;4556.26;-397.0;2;LOSS;REV;YES;;;;8.24;36;4554.22;4554.34;-11.6;-14.0;BULL;BUY;OFF;0.97;30.99;7.57;18.80;4562.60;4544.05;4535.80;4527.56;4519.31;4511.07
2026.03.25 12:35:00;XAUUSD;PERIOD_M5;LIVE;VALID;BUY;4555.88;2026.03.25 14:15:00;4564.89;901.0;20;WIN;NEXT_SIGNAL;2026.03.25 14:20:00;4564.94;906.0;21;WIN;REV;YES;;;;8.35;36;4554.59;4554.34;25.5;0.0;BULL;BUY;OFF;0.90;30.01;10.07;16.30;4545.45;4564.23;4572.57;4580.92;4589.26;4597.61
2026.03.25 14:15:00;XAUUSD;PERIOD_M5;LIVE;VALID;SELL;4564.89;2026.03.25 15:15:00;4560.36;453.0;12;WIN;NEXT_SIGNAL;2026.03.25 15:20:00;4560.78;411.0;13;WIN;REV;YES;;;;7.76;36;4575.52;4576.08;-56.5;-14.0;BULL NOISE;BUY;OFF;0.78;23.85;15.16;24.35;4574.59;4557.13;4549.37;4541.61;4533.86;4526.10
2026.03.25 15:15:00;XAUUSD;PERIOD_M5;LIVE;VALID;BUY;4560.36;2026.03.25 15:50:00;4544.41;-1595.0;7;LOSS;NEXT_SIGNAL;2026.03.25 15:55:00;4544.38;-1598.0;8;LOSS;REV;YES;;;;13.77;36;4557.39;4557.10;28.9;0.0;BEAR;SELL;OFF;0.83;20.76;15.77;20.74;4543.15;4574.13;4587.90;4601.67;4615.44;4629.21
2026.03.25 15:50:00;XAUUSD;PERIOD_M5;LIVE;VALID;SELL;4544.41;2026.03.25 16:25:00;4563.35;-1894.0;7;LOSS;NEXT_SIGNAL;2026.03.25 16:30:00;4563.96;-1955.0;8;LOSS;REV;YES;;;;12.36;36;4555.99;4556.81;-81.6;0.0;BEAR;SELL;OFF;0.82;21.99;11.17;29.32;4559.86;4532.05;4519.69;4507.33;4494.98;4482.62
2026.03.25 16:25:00;XAUUSD;PERIOD_M5;LIVE;VALID;BUY;4563.35;2026.03.25 17:10:00;4551.08;-1227.0;9;LOSS;NEXT_SIGNAL;2026.03.25 17:15:00;4551.13;-1222.0;10;LOSS;REV;YES;;;;12.28;43;4555.60;4555.57;3.5;0.0;BEAR;SELL;OFF;0.87;19.90;24.37;21.55;4548.00;4575.63;4587.91;4600.19;4612.47;4624.75
2026.03.25 17:10:00;XAUUSD;PERIOD_M5;LIVE;VALID;SELL;4551.08;2026.03.25 19:30:00;4562.23;-1115.0;28;LOSS;NEXT_SIGNAL;2026.03.25 19:35:00;4562.58;-1150.0;29;LOSS;REV;YES;;;;9.30;36;4559.46;4559.78;-32.8;-14.0;BEAR;SELL;OFF;0.94;22.64;17.72;24.62;4562.71;4541.78;4532.47;4523.17;4513.87;4504.57
2026.03.25 19:30:00;XAUUSD;PERIOD_M5;LIVE;VALID;BUY;4562.23;2026.03.25 19:55:00;4548.80;-1343.0;5;LOSS;NEXT_SIGNAL;2026.03.25 20:00:00;4548.81;-1342.0;6;LOSS;REV;YES;;;;7.89;36;4554.09;4553.49;60.7;14.0;BEAR NOISE;SELL;OFF;0.90;21.17;18.80;15.69;4552.36;4570.12;4578.01;4585.91;4593.80;4601.69
2026.03.25 19:55:00;XAUUSD;PERIOD_M5;LIVE;VALID;SELL;4548.80;2026.03.25 20:30:00;4555.70;-690.0;7;LOSS;NEXT_SIGNAL;2026.03.25 20:35:00;4556.05;-725.0;8;LOSS;REV;YES;;;;7.96;36;4553.56;4553.91;-35.3;0.0;BEAR;SELL;OFF;0.85;22.41;11.50;25.50;4558.75;4540.84;4532.88;4524.91;4516.95;4508.99
2026.03.25 20:30:00;XAUUSD;PERIOD_M5;LIVE;VALID;BUY;4555.70;2026.03.25 20:35:00;4550.25;-545.0;1;LOSS;NEXT_SIGNAL;2026.03.25 20:40:00;4550.23;-547.0;2;LOSS;REV;YES;;;;8.13;36;4553.36;4553.31;4.8;0.0;BEAR;SELL;OFF;0.87;17.53;20.62;14.84;4545.54;4563.83;4571.96;4580.09;4588.22;4596.35
2026.03.25 20:35:00;XAUUSD;PERIOD_M5;LIVE;VALID;SELL;4550.25;2026.03.25 22:00:00;4536.35;1390.0;17;WIN;NEXT_SIGNAL;2026.03.25 22:05:00;4536.77;1348.0;18;WIN;REV;YES;;;;8.11;36;4552.67;4553.04;-37.0;0.0;BEAR;SELL;OFF;0.87;15.41;17.87;18.49;4560.39;4542.14;4534.02;4525.91;4517.79;4509.68
2026.03.25 22:00:00;XAUUSD;PERIOD_M5;LIVE;VALID;BUY;4536.35;2026.03.25 22:35:00;4502.81;-3354.0;7;LOSS;NEXT_SIGNAL;2026.03.25 22:40:00;4502.84;-3351.0;8;LOSS;REV;YES;;;;13.74;43;4524.69;4523.20;148.7;14.0;BEAR NOISE;SELL;OFF;0.73;35.02;27.45;14.02;4519.18;4550.09;4563.83;4577.56;4591.30;4605.04
2026.03.25 22:35:00;XAUUSD;PERIOD_M5;LIVE;VALID;SELL;4502.81;2026.03.26 02:05:00;4513.38;-1057.0;19;LOSS;NEXT_SIGNAL;2026.03.26 02:10:00;4513.71;-1090.0;20;LOSS;REV;YES;;;;9.80;43;4520.03;4521.72;-168.9;-14.0;BEAR;SELL;OFF;0.68;25.04;15.33;36.70;4515.06;4493.01;4483.21;4473.42;4463.62;4453.82
2026.03.26 02:05:00;XAUUSD;PERIOD_M5;LIVE;VALID;BUY;4513.38;2026.03.26 03:35:00;4527.89;1451.0;18;WIN;NEXT_SIGNAL;2026.03.26 03:40:00;4527.90;1452.0;19;WIN;REV;YES;;;;10.30;36;4505.00;4503.48;151.9;0.0;BEAR;SELL;OFF;0.84;28.29;33.88;14.07;4500.51;4523.68;4533.98;4544.28;4554.58;4564.88
2026.03.26 03:35:00;XAUUSD;PERIOD_M5;LIVE;VALID;SELL;4527.89;2026.03.26 05:40:00;4515.69;1220.0;25;WIN;NEXT_SIGNAL;2026.03.26 05:45:00;4516.06;1183.0;26;WIN;REV;YES;;;;8.37;36;4531.65;4531.90;-25.5;0.0;BEAR;SELL;OFF;0.93;36.05;13.74;14.02;4538.35;4519.52;4511.15;4502.78;4494.40;4486.03
2026.03.26 05:40:00;XAUUSD;PERIOD_M5;LIVE;VALID;BUY;4515.69;2026.03.26 07:05:00;4512.32;-337.0;17;LOSS;NEXT_SIGNAL;2026.03.26 07:10:00;4512.41;-328.0;18;LOSS;REV;YES;;;;6.68;36;4513.58;4513.54;4.7;0.0;BEAR;SELL;OFF;0.89;39.02;23.39;16.38;4507.34;4522.37;4529.05;4535.73;4542.41;4549.09
2026.03.26 07:05:00;XAUUSD;PERIOD_M5;LIVE;VALID;SELL;4512.32;2026.03.26 08:55:00;4456.13;5619.0;22;WIN;NEXT_SIGNAL;2026.03.26 09:00:00;4456.48;5584.0;23;WIN;REV;YES;;;;4.00;36;4517.62;4517.95;-32.5;0.0;BEAR;SELL;OFF;0.70;21.85;15.08;24.89;4517.32;4508.32;4504.32;4500.31;4496.31;4492.31
2026.03.26 08:55:00;XAUUSD;PERIOD_M5;LIVE;VALID;BUY;4456.13;2026.03.26 10:10:00;4442.22;-1391.0;15;LOSS;NEXT_SIGNAL;2026.03.26 10:15:00;4443.02;-1311.0;16;LOSS;REV;YES;;;;15.11;36;4449.19;4448.00;119.1;0.0;BEAR;SELL;OFF;0.92;41.80;17.48;11.60;4437.24;4471.24;4486.36;4501.47;4516.59;4531.70
2026.03.26 10:10:00;XAUUSD;PERIOD_M5;LIVE;VALID;SELL;4442.22;2026.03.26 12:15:00;4432.41;981.0;25;WIN;NEXT_SIGNAL;2026.03.26 12:20:00;4432.49;973.0;26;WIN;REV;YES;;;;9.87;36;4451.55;4452.50;-94.4;-14.0;BEAR;SELL;OFF;0.96;18.45;9.26;16.09;4454.56;4432.35;4422.48;4412.61;4402.74;4392.87
2026.03.26 12:15:00;XAUUSD;PERIOD_M5;LIVE;VALID;BUY;4432.41;2026.03.26 13:45:00;4425.94;-647.0;18;LOSS;NEXT_SIGNAL;2026.03.26 13:50:00;4425.92;-649.0;19;LOSS;REV;YES;;;;9.09;36;4426.62;4425.77;84.5;0.0;BEAR;SELL;OFF;0.91;27.88;19.44;13.58;4421.04;4441.50;4450.59;4459.69;4468.78;4477.87
2026.03.26 13:45:00;XAUUSD;PERIOD_M5;LIVE;VALID;SELL;4425.94;2026.03.26 14:35:00;4441.87;-1593.0;10;LOSS;NEXT_SIGNAL;2026.03.26 14:40:00;4441.90;-1596.0;11;LOSS;REV;YES;;;;10.49;36;4440.59;4441.86;-126.8;-14.0;BEAR;SELL;OFF;0.84;20.50;14.19;24.98;4439.05;4415.45;4404.97;4394.48;4384.00;4373.51
2026.03.26 14:35:00;XAUUSD;PERIOD_M5;LIVE;VALID;BUY;4441.87;2026.03.26 14:50:00;4432.48;-939.0;3;LOSS;NEXT_SIGNAL;2026.03.26 14:55:00;4432.46;-941.0;4;LOSS;REV;YES;;;;11.49;36;4437.42;4437.35;6.6;14.0;BEAR;SELL;OFF;0.88;14.66;13.67;14.63;4427.50;4453.36;4464.86;4476.35;4487.85;4499.34
2026.03.26 14:50:00;XAUUSD;PERIOD_M5;LIVE;VALID;SELL;4432.48;2026.03.26 15:00:00;4440.01;-753.0;2;LOSS;NEXT_SIGNAL;2026.03.26 15:05:00;4440.34;-786.0;3;LOSS;REV;YES;;;;11.15;36;4435.89;4436.20;-31.0;-14.0;BEAR;SELL;OFF;0.85;15.85;8.90;15.94;4446.42;4421.33;4410.17;4399.02;4387.86;4376.71
2026.03.26 15:00:00;XAUUSD;PERIOD_M5;LIVE;VALID;BUY;4440.01;2026.03.26 17:10:00;4455.75;1574.0;26;WIN;NEXT_SIGNAL;2026.03.26 17:15:00;4455.77;1576.0;27;WIN;REV;YES;;;;11.28;36;4436.71;4436.22;49.5;0.0;BEAR;SELL;OFF;0.86;24.22;6.68;21.73;4425.91;4451.29;4462.57;4473.85;4485.14;4496.42
2026.03.26 17:10:00;XAUUSD;PERIOD_M5;LIVE;VALID;SELL;4455.75;2026.03.26 20:35:00;4394.53;6122.0;41;WIN;NEXT_SIGNAL;2026.03.26 20:40:00;4395.46;6029.0;42;WIN;REV;YES;;;;14.12;36;4459.00;4459.04;-4.1;0.0;BEAR;SELL;OFF;0.87;20.23;8.77;15.79;4473.40;4441.63;4427.52;4413.40;4399.28;4385.16
2026.03.26 20:35:00;XAUUSD;PERIOD_M5;LIVE;VALID;BUY;4394.53;2026.03.26 21:25:00;4383.02;-1151.0;10;LOSS;NEXT_SIGNAL;2026.03.26 21:30:00;4383.05;-1148.0;11;LOSS;REV;YES;;;;8.54;36;4384.54;4384.50;4.5;0.0;BEAR NOISE;SELL;OFF;0.59;20.48;28.03;18.53;4383.85;4403.07;4411.61;4420.16;4428.70;4437.24
2026.03.26 21:25:00;XAUUSD;PERIOD_M5;LIVE;VALID;SELL;4383.02;2026.03.26 22:20:00;4403.48;-2046.0;11;LOSS;NEXT_SIGNAL;2026.03.26 22:25:00;4403.92;-2090.0;12;LOSS;REV;YES;;;;8.03;36;4388.34;4388.61;-27.2;-14.0;BEAR;SELL;OFF;0.90;19.43;12.07;24.94;4393.06;4374.99;4366.96;4358.93;4350.91;4342.88
2026.03.26 22:20:00;XAUUSD;PERIOD_M5;LIVE;VALID;BUY;4403.48;2026.03.27 02:20:00;4389.68;-1380.0;25;LOSS;NEXT_SIGNAL;2026.03.27 02:25:00;4389.67;-1381.0;26;LOSS;REV;YES;;;;13.99;43;4383.48;4380.29;319.2;14.0;BULL;BUY;OFF;0.87;34.19;20.72;25.61;4385.99;4417.47;4431.46;4445.45;4459.44;4473.43
2026.03.27 02:20:00;XAUUSD;PERIOD_M5;LIVE;VALID;SELL;4389.68;2026.03.27 03:20:00;4399.80;-1012.0;12;LOSS;NEXT_SIGNAL;2026.03.27 03:25:00;4400.14;-1046.0;13;LOSS;REV;YES;;;;7.47;36;4399.29;4400.08;-79.0;-14.0;BULL NOISE;BUY;OFF;0.81;24.08;17.94;33.49;4399.01;4382.21;4374.75;4367.28;4359.81;4352.35
2026.03.27 03:20:00;XAUUSD;PERIOD_M5;LIVE;VALID;BUY;4399.80;2026.03.27 05:05:00;4424.25;2445.0;21;WIN;NEXT_SIGNAL;2026.03.27 05:10:00;4424.30;2450.0;22;WIN;REV;YES;;;;7.95;36;4393.43;4392.78;64.2;0.0;BULL;BUY;OFF;0.76;23.52;27.06;21.04;4389.86;4407.75;4415.70;4423.66;4431.61;4439.56
2026.03.27 05:05:00;XAUUSD;PERIOD_M5;LIVE;VALID;SELL;4424.25;2026.03.27 05:25:00;4437.81;-1356.0;4;LOSS;NEXT_SIGNAL;2026.03.27 05:30:00;4438.33;-1408.0;5;LOSS;REV;YES;;;;8.91;36;4427.79;4428.55;-76.4;0.0;BULL;BUY;OFF;0.90;29.73;14.10;13.09;4435.38;4415.34;4406.44;4397.53;4388.63;4379.72
2026.03.27 05:25:00;XAUUSD;PERIOD_M5;LIVE;VALID;BUY;4437.81;2026.03.27 08:55:00;4460.67;2286.0;42;WIN;NEXT_SIGNAL;2026.03.27 09:00:00;4461.66;2385.0;43;WIN;REV;YES;;;;7.68;36;4431.40;4430.53;86.2;0.0;BULL;BUY;OFF;0.88;31.29;22.28;7.39;4428.21;4445.49;4453.17;4460.85;4468.53;4476.21
2026.03.27 08:55:00;XAUUSD;PERIOD_M5;LIVE;VALID;SELL;4460.67;2026.03.27 11:45:00;4431.75;2892.0;34;WIN;NEXT_SIGNAL;2026.03.27 11:50:00;4432.07;2860.0;35;WIN;REV;YES;;;;7.60;44;4462.15;4462.38;-22.6;0.0;BULL;BUY;OFF;0.77;21.00;14.78;21.91;4470.18;4453.07;4445.46;4437.86;4430.25;4422.65
2026.03.27 11:45:00;XAUUSD;PERIOD_M5;LIVE;VALID;BUY;4431.75;2026.03.27 11:50:00;4429.36;-239.0;1;LOSS;NEXT_SIGNAL;2026.03.27 11:55:00;4429.39;-236.0;2;LOSS;REV;YES;;;;6.39;34;4432.14;4432.12;1.9;0.0;BULL;BUY;OFF;0.94;23.72;12.70;21.52;4423.76;4438.14;4444.53;4450.92;4457.32;4463.71
2026.03.27 11:50:00;XAUUSD;PERIOD_M5;LIVE;VALID;SELL;4429.36;2026.03.27 13:40:00;4422.34;702.0;22;WIN;NEXT_SIGNAL;2026.03.27 13:45:00;4422.73;663.0;23;WIN;REV;YES;;;;6.26;34;4431.52;4431.73;-20.2;0.0;BULL;BUY;OFF;0.94;23.00;12.87;18.65;4437.18;4423.10;4416.84;4410.58;4404.32;4398.06
2026.03.27 13:40:00;XAUUSD;PERIOD_M5;LIVE;VALID;BUY;4422.34;2026.03.27 15:25:00;4425.37;303.0;21;WIN;NEXT_SIGNAL;2026.03.27 15:30:00;4425.44;310.0;22;WIN;REV;YES;;;;6.67;34;4416.63;4416.41;21.5;0.0;BULL;BUY;OFF;0.83;30.98;24.56;10.36;4414.00;4429.01;4435.68;4442.35;4449.02;4455.69
2026.03.27 15:25:00;XAUUSD;PERIOD_M5;LIVE;VALID;SELL;4425.37;2026.03.27 16:00:00;4462.64;-3727.0;7;LOSS;NEXT_SIGNAL;2026.03.27 16:05:00;4463.23;-3786.0;8;LOSS;REV;YES;;;;8.88;34;4431.87;4432.05;-18.8;0.0;BULL NOISE;BUY;OFF;0.80;26.11;22.61;26.12;4436.47;4416.49;4407.61;4398.73;4389.86;4380.98
2026.03.27 16:00:00;XAUUSD;PERIOD_M5;LIVE;VALID;BUY;4462.64;2026.03.27 18:15:00;4528.47;6583.0;27;WIN;NEXT_SIGNAL;2026.03.27 18:20:00;4528.48;6584.0;28;WIN;REV;YES;;;;12.43;34;4436.44;4433.42;301.8;36.9;BULL;BUY;OFF;0.82;18.14;34.21;20.71;4447.10;4475.07;4487.50;4499.93;4512.35;4524.78
2026.03.27 18:15:00;XAUUSD;PERIOD_M5;LIVE;VALID;SELL;4528.47;2026.03.27 20:15:00;4510.22;1825.0;24;WIN;NEXT_SIGNAL;2026.03.27 20:20:00;4510.58;1789.0;25;WIN;REV;YES;;;;12.24;34;4528.69;4528.80;-11.0;14.0;BULL;BUY;OFF;0.87;25.50;15.62;18.08;4543.77;4516.23;4503.98;4491.74;4479.50;4467.25
2026.03.27 20:15:00;XAUUSD;PERIOD_M5;LIVE;VALID;BUY;4510.22;2026.03.27 21:40:00;4509.07;-115.0;17;LOSS;NEXT_SIGNAL;2026.03.27 21:45:00;4508.88;-134.0;18;LOSS;REV;YES;;;;9.71;34;4499.70;4498.23;147.4;14.0;BULL;BUY;OFF;0.87;26.82;27.46;14.70;4498.08;4519.93;4529.65;4539.36;4549.08;4558.79
2026.03.27 21:40:00;XAUUSD;PERIOD_M5;LIVE;VALID;SELL;4509.07;2026.03.30 01:25:00;4510.67;-160.0;21;LOSS;NEXT_SIGNAL;2026.03.30 01:30:00;4511.06;-199.0;22;LOSS;REV;YES;;;;8.51;34;4515.06;4515.50;-44.2;0.0;BULL NOISE;BUY;OFF;0.84;27.66;17.89;28.44;4519.71;4500.55;4492.04;4483.52;4475.01;4466.49
2026.03.30 01:25:00;XAUUSD;PERIOD_M5;LIVE;VALID;BUY;4510.67;2026.03.30 01:40:00;4493.37;-1730.0;3;LOSS;NEXT_SIGNAL;2026.03.30 01:45:00;4493.35;-1732.0;4;LOSS;REV;YES;;;;13.99;34;4503.61;4502.87;74.9;14.0;BULL;BUY;OFF;0.87;33.24;13.05;15.24;4493.19;4524.66;4538.64;4552.63;4566.61;4580.60
2026.03.30 01:40:00;XAUUSD;PERIOD_M5;LIVE;VALID;SELL;4493.37;2026.03.30 04:05:00;4456.47;3690.0;29;WIN;NEXT_SIGNAL;2026.03.30 04:10:00;4456.88;3649.0;30;WIN;REV;YES;;;;15.53;34;4501.91;4502.07;-15.7;-14.0;BULL NOISE;BUY;OFF;0.84;28.20;9.51;21.61;4512.79;4477.84;4462.30;4446.77;4431.23;4415.69
2026.03.30 04:05:00;XAUUSD;PERIOD_M5;LIVE;VALID;BUY;4456.47;2026.03.30 07:00:00;4494.71;3824.0;35;WIN;NEXT_SIGNAL;2026.03.30 07:05:00;4494.73;3826.0;36;WIN;REV;YES;;;;14.81;34;4444.68;4443.97;71.5;0.0;BULL;BUY;OFF;0.87;29.96;20.37;17.84;4437.95;4471.28;4486.10;4500.91;4515.73;4530.54
2026.03.30 07:00:00;XAUUSD;PERIOD_M5;LIVE;VALID;SELL;4494.71;2026.03.30 08:00:00;4499.36;-465.0;12;LOSS;NEXT_SIGNAL;2026.03.30 08:05:00;4499.72;-501.0;13;LOSS;REV;YES;;;;7.52;34;4500.10;4500.13;-3.1;14.0;BULL;BUY;OFF;0.84;20.38;12.46;24.23;4504.11;4487.19;4479.67;4472.14;4464.62;4457.10
2026.03.30 08:00:00;XAUUSD;PERIOD_M5;LIVE;VALID;BUY;4499.36;2026.03.30 10:15:00;4529.89;3053.0;27;WIN;NEXT_SIGNAL;2026.03.30 10:20:00;4529.96;3060.0;28;WIN;REV;YES;;;;5.03;34;4493.58;4492.99;58.5;0.0;BULL;BUY;OFF;0.88;33.21;29.94;14.72;4493.07;4504.39;4509.42;4514.45;4519.47;4524.50
2026.03.30 10:15:00;XAUUSD;PERIOD_M5;LIVE;VALID;SELL;4529.89;2026.03.30 11:05:00;4536.10;-621.0;10;LOSS;NEXT_SIGNAL;2026.03.30 11:10:00;4536.43;-654.0;11;LOSS;REV;YES;;;;8.18;34;4532.30;4532.66;-35.3;0.0;BULL;BUY;OFF;0.83;35.19;16.38;19.47;4540.12;4521.71;4513.53;4505.35;4497.17;4488.99
2026.03.30 11:05:00;XAUUSD;PERIOD_M5;LIVE;VALID;BUY;4536.10;2026.03.30 12:15:00;4528.40;-770.0;14;LOSS;NEXT_SIGNAL;2026.03.30 12:20:00;4528.38;-772.0;15;LOSS;REV;YES;;;;7.14;34;4527.77;4527.55;22.6;14.0;BULL;BUY;OFF;0.89;33.26;28.71;10.43;4527.17;4543.24;4550.38;4557.53;4564.67;4571.81
2026.03.30 12:15:00;XAUUSD;PERIOD_M5;LIVE;VALID;SELL;4528.40;2026.03.30 13:00:00;4532.81;-441.0;9;LOSS;NEXT_SIGNAL;2026.03.30 13:05:00;4533.14;-474.0;10;LOSS;REV;YES;;;;6.36;34;4532.66;4533.09;-43.1;0.0;BULL;BUY;OFF;0.91;33.99;11.35;22.93;4536.35;4522.04;4515.68;4509.32;4502.95;4496.59
2026.03.30 13:00:00;XAUUSD;PERIOD_M5;LIVE;VALID;BUY;4532.81;2026.03.30 13:30:00;4531.45;-136.0;6;LOSS;NEXT_SIGNAL;2026.03.30 13:35:00;4531.46;-135.0;7;LOSS;REV;YES;;;;6.33;34;4532.67;4532.67;0.1;0.0;BULL;BUY;OFF;0.71;15.13;16.52;16.30;4524.90;4539.14;4545.47;4551.79;4558.12;4564.45
2026.03.30 13:30:00;XAUUSD;PERIOD_M5;LIVE;VALID;SELL;4531.45;2026.03.30 13:40:00;4534.08;-263.0;2;LOSS;NEXT_SIGNAL;2026.03.30 13:45:00;4534.41;-296.0;3;LOSS;REV;YES;;;;5.86;34;4532.54;4532.56;-1.6;0.0;BULL;BUY;OFF;0.73;16.19;16.74;15.82;4538.78;4525.59;4519.73;4513.87;4508.01;4502.15
2026.03.30 13:40:00;XAUUSD;PERIOD_M5;LIVE;VALID;BUY;4534.08;2026.03.30 13:45:00;4532.32;-176.0;1;LOSS;NEXT_SIGNAL;2026.03.30 13:50:00;4532.25;-183.0;2;LOSS;REV;YES;;;;5.64;34;4532.60;4532.56;4.2;14.0;BULL;BUY;OFF;0.75;14.62;15.22;11.88;4527.03;4539.72;4545.35;4550.99;4556.63;4562.27
2026.03.30 13:45:00;XAUUSD;PERIOD_M5;LIVE;VALID;SELL;4532.32;2026.03.30 13:50:00;4533.32;-100.0;1;LOSS;NEXT_SIGNAL;2026.03.30 13:55:00;4533.67;-135.0;2;LOSS;REV;YES;;;;5.40;34;4532.54;4532.58;-4.5;0.0;BULL;BUY;OFF;0.75;13.07;13.19;12.42;4539.07;4526.92;4521.51;4516.11;4510.71;4505.30
2026.03.30 13:50:00;XAUUSD;PERIOD_M5;LIVE;VALID;BUY;4533.32;2026.03.30 14:00:00;4527.31;-601.0;2;LOSS;NEXT_SIGNAL;2026.03.30 14:05:00;4527.06;-626.0;3;LOSS;REV;YES;;;;5.41;34;4532.71;4532.71;0.3;0.0;BULL;BUY;OFF;0.81;12.68;13.19;10.76;4526.56;4538.73;4544.14;4549.55;4554.97;4560.38
2026.03.30 14:00:00;XAUUSD;PERIOD_M5;LIVE;VALID;SELL;4527.31;2026.03.30 14:10:00;4538.64;-1133.0;2;LOSS;NEXT_SIGNAL;2026.03.30 14:15:00;4538.88;-1157.0;3;LOSS;REV;YES;;;;5.51;34;4531.64;4532.33;-68.9;-14.0;BULL;BUY;OFF;0.81;12.89;9.91;15.74;4534.20;4521.80;4516.29;4510.78;4505.26;4499.75
2026.03.30 14:10:00;XAUUSD;PERIOD_M5;LIVE;VALID;BUY;4538.64;2026.03.30 16:20:00;4562.76;2412.0;26;WIN;NEXT_SIGNAL;2026.03.30 16:25:00;4562.72;2408.0;27;WIN;REV;YES;;;;5.94;34;4533.80;4533.18;62.4;0.0;BULL;BUY;OFF;0.81;14.00;20.26;11.82;4531.21;4544.58;4550.52;4556.46;4562.41;4568.35
2026.03.30 16:20:00;XAUUSD;PERIOD_M5;LIVE;VALID;SELL;4562.76;2026.03.30 17:55:00;4541.06;2170.0;19;WIN;NEXT_SIGNAL;2026.03.30 18:00:00;4541.54;2122.0;20;WIN;REV;YES;;;;7.81;34;4567.16;4567.53;-37.0;0.0;BULL;BUY;OFF;0.89;22.14;17.58;21.49;4572.52;4554.95;4547.15;4539.34;4531.53;4523.73
2026.03.30 17:55:00;XAUUSD;PERIOD_M5;LIVE;VALID;BUY;4541.06;2026.03.30 19:25:00;4536.06;-500.0;18;LOSS;NEXT_SIGNAL;2026.03.30 19:30:00;4536.02;-504.0;19;LOSS;REV;YES;;;;11.97;34;4532.74;4531.26;147.6;14.0;BEAR;SELL;OFF;0.82;26.98;15.31;11.75;4526.10;4553.03;4565.00;4576.97;4588.94;4600.91
2026.03.30 19:25:00;XAUUSD;PERIOD_M5;LIVE;VALID;SELL;4536.06;2026.03.30 22:45:00;4508.32;2774.0;40;WIN;NEXT_SIGNAL;2026.03.30 22:50:00;4508.65;2741.0;41;WIN;REV;YES;;;;7.80;34;4542.54;4543.15;-60.7;-14.0;BEAR;SELL;OFF;0.92;20.49;18.17;24.68;4545.82;4528.26;4520.45;4512.65;4504.84;4497.04
2026.03.30 22:45:00;XAUUSD;PERIOD_M5;LIVE;VALID;BUY;4508.32;2026.03.30 23:30:00;4504.09;-423.0;9;LOSS;NEXT_SIGNAL;2026.03.30 23:35:00;4504.08;-424.0;10;LOSS;REV;YES;;;;7.38;34;4505.14;4505.05;9.7;0.0;BEAR;SELL;OFF;0.97;17.15;28.02;20.61;4499.10;4515.70;4523.07;4530.45;4537.83;4545.20
2026.03.30 23:30:00;XAUUSD;PERIOD_M5;LIVE;VALID;SELL;4504.09;2026.03.31 02:00:00;4502.32;177.0;18;WIN;NEXT_SIGNAL;2026.03.31 01:00:00;4514.38;-1029.0;6;LOSS;REV;YES;;;;6.03;43;4506.36;4506.41;-5.5;0.0;BEAR;SELL;OFF;0.88;18.66;15.56;23.27;4511.62;4498.06;4492.03;4486.01;4479.98;4473.95
2026.03.31 02:00:00;XAUUSD;PERIOD_M5;LIVE;VALID;SELL;4502.32;2026.03.31 02:40:00;4519.40;-1708.0;8;LOSS;NEXT_SIGNAL;2026.03.31 02:45:05;4519.55;-1723.0;9;LOSS;REV;NO;POSITION_ACTIVE;;;6.42;34;4508.78;4509.52;-73.8;-14.0;BEAR;SELL;OFF;0.89;19.34;19.68;30.67;4510.34;4495.90;4489.49;4483.07;4476.66;4470.24
2026.03.31 02:40:00;XAUUSD;PERIOD_M5;LIVE;VALID;BUY;4519.40;2026.03.31 03:20:00;4492.10;-2730.0;8;LOSS;NEXT_SIGNAL;2026.03.31 03:25:00;4492.28;-2712.0;9;LOSS;REV;YES;;;;6.67;34;4509.44;4507.71;172.3;14.0;BEAR NOISE;SELL;OFF;0.81;18.93;33.08;16.78;4511.06;4526.07;4532.74;4539.41;4546.08;4552.75
2026.03.31 03:20:00;XAUUSD;PERIOD_M5;LIVE;VALID;SELL;4492.10;2026.03.31 03:35:00;4530.95;-3885.0;3;LOSS;NEXT_SIGNAL;2026.03.31 03:40:00;4531.20;-3910.0;4;LOSS;REV;YES;;;;9.56;34;4507.14;4509.51;-237.8;-26.6;BEAR;SELL;OFF;0.85;20.44;16.71;39.59;4504.06;4482.54;4472.97;4463.41;4453.84;4444.28
2026.03.31 03:35:00;XAUUSD;PERIOD_M5;LIVE;VALID;BUY;4530.95;2026.03.31 05:25:00;4582.25;5130.0;22;WIN;NEXT_SIGNAL;2026.03.31 05:30:00;4582.34;5139.0;23;WIN;REV;YES;;;;11.85;34;4514.22;4512.40;182.1;26.6;BEAR NOISE;SELL;OFF;0.82;17.25;34.45;25.77;4516.14;4542.80;4554.65;4566.50;4578.35;4590.20
2026.03.31 05:25:00;XAUUSD;PERIOD_M5;LIVE;VALID;SELL;4582.25;2026.03.31 07:20:00;4560.07;2218.0;23;WIN;NEXT_SIGNAL;2026.03.31 07:25:00;4560.42;2183.0;24;WIN;REV;YES;;;;13.79;34;4589.09;4589.24;-14.8;0.0;BULL;BUY;OFF;0.86;32.24;12.32;25.52;4599.49;4568.46;4554.67;4540.88;4527.09;4513.30
2026.03.31 07:20:00;XAUUSD;PERIOD_M5;LIVE;VALID;BUY;4560.07;2026.03.31 08:10:00;4552.02;-805.0;10;LOSS;NEXT_SIGNAL;2026.03.31 08:15:00;4552.00;-807.0;11;LOSS;REV;YES;;;;7.16;34;4560.35;4560.24;11.0;0.0;BULL;BUY;OFF;0.82;34.70;25.99;9.96;4551.12;4567.23;4574.38;4581.54;4588.70;4595.85
2026.03.31 08:10:00;XAUUSD;PERIOD_M5;LIVE;VALID;SELL;4552.02;2026.03.31 08:30:00;4576.53;-2451.0;4;LOSS;NEXT_SIGNAL;2026.03.31 08:35:00;4576.82;-2480.0;5;LOSS;REV;YES;;;;6.85;34;4560.73;4561.32;-59.7;-14.0;BULL NOISE;BUY;OFF;0.80;38.56;18.06;20.30;4560.58;4545.17;4538.32;4531.47;4524.62;4517.77
2026.03.31 08:30:00;XAUUSD;PERIOD_M5;LIVE;VALID;BUY;4576.53;2026.03.31 09:05:00;4558.36;-1817.0;7;LOSS;NEXT_SIGNAL;2026.03.31 09:10:00;4558.42;-1811.0;8;LOSS;REV;YES;;;;7.40;34;4564.66;4563.11;155.4;14.0;BULL;BUY;OFF;0.78;33.85;29.58;11.45;4567.28;4583.93;4591.33;4598.73;4606.13;4613.53
2026.03.31 09:05:00;XAUUSD;PERIOD_M5;LIVE;VALID;SELL;4558.36;2026.03.31 10:50:00;4559.98;-162.0;21;LOSS;NEXT_SIGNAL;2026.03.31 10:55:00;4560.31;-195.0;22;LOSS;REV;YES;;;;8.76;34;4567.07;4567.36;-29.6;-14.0;BULL NOISE;BUY;OFF;0.92;30.15;19.43;29.87;4569.32;4549.60;4540.83;4532.07;4523.30;4514.54
2026.03.31 10:50:00;XAUUSD;PERIOD_M5;LIVE;VALID;BUY;4559.98;2026.03.31 12:15:00;4567.44;746.0;17;WIN;NEXT_SIGNAL;2026.03.31 12:20:00;4567.45;747.0;18;WIN;REV;YES;;;;6.57;34;4557.20;4556.66;54.0;0.0;BULL;BUY;OFF;0.88;19.32;15.98;11.07;4551.76;4566.55;4573.13;4579.70;4586.27;4592.84
2026.03.31 12:15:00;XAUUSD;PERIOD_M5;LIVE;VALID;SELL;4567.44;2026.03.31 14:15:00;4564.90;254.0;24;WIN;NEXT_SIGNAL;2026.03.31 14:20:00;4565.25;219.0;25;WIN;REV;YES;;;;5.40;34;4568.60;4568.89;-29.3;14.0;BULL;BUY;OFF;0.85;26.16;8.76;15.36;4574.19;4562.04;4556.64;4551.24;4545.83;4540.43
2026.03.31 14:15:00;XAUUSD;PERIOD_M5;LIVE;VALID;BUY;4564.90;2026.03.31 15:40:00;4578.47;1357.0;17;WIN;NEXT_SIGNAL;2026.03.31 15:45:00;4578.44;1354.0;18;WIN;REV;YES;;;;9.67;34;4551.27;4550.61;65.9;26.6;BEAR NOISE;SELL;OFF;0.87;19.51;24.63;12.95;4552.81;4574.57;4584.24;4593.91;4603.58;4613.25
2026.03.31 15:40:00;XAUUSD;PERIOD_M5;LIVE;VALID;SELL;4578.47;2026.03.31 16:15:00;4583.44;-497.0;7;LOSS;NEXT_SIGNAL;2026.03.31 16:20:00;4583.80;-533.0;8;LOSS;REV;YES;;;;10.09;34;4580.94;4581.08;-14.3;14.0;BULL;BUY;OFF;0.94;18.81;23.23;19.63;4591.08;4568.38;4558.29;4548.20;4538.10;4528.01
2026.03.31 16:15:00;XAUUSD;PERIOD_M5;LIVE;VALID;BUY;4583.44;2026.03.31 16:30:00;4577.80;-564.0;3;LOSS;NEXT_SIGNAL;2026.03.31 16:35:00;4577.76;-568.0;4;LOSS;REV;YES;;;;9.36;34;4579.37;4579.31;5.9;0.0;BULL;BUY;OFF;0.97;13.46;22.46;13.73;4571.74;4592.80;4602.15;4611.51;4620.87;4630.23
2026.03.31 16:30:00;XAUUSD;PERIOD_M5;LIVE;VALID;SELL;4577.80;2026.03.31 16:35:00;4584.49;-669.0;1;LOSS;NEXT_SIGNAL;2026.03.31 16:40:00;4584.80;-700.0;2;LOSS;REV;YES;;;;8.97;34;4578.86;4578.91;-4.9;0.0;BULL;BUY;OFF;0.88;14.85;16.99;23.95;4589.02;4568.83;4559.85;4550.88;4541.90;4532.93
2026.03.31 16:35:00;XAUUSD;PERIOD_M5;LIVE;VALID;BUY;4584.49;2026.03.31 17:55:00;4599.60;1511.0;16;WIN;NEXT_SIGNAL;2026.03.31 18:00:00;4599.67;1518.0;17;WIN;REV;YES;;;;9.11;34;4580.11;4579.37;74.1;0.0;BULL;BUY;OFF;0.90;13.06;20.16;20.76;4573.10;4593.60;4602.71;4611.82;4620.93;4630.04
2026.03.31 17:55:00;XAUUSD;PERIOD_M5;LIVE;VALID;SELL;4599.60;2026.03.31 18:05:00;4615.19;-1559.0;2;LOSS;NEXT_SIGNAL;2026.03.31 18:10:03;4615.51;-1591.0;3;LOSS;REV;YES;;;;12.81;34;4605.70;4606.53;-83.1;-14.0;BULL;BUY;OFF;0.85;23.39;13.62;26.75;4615.61;4586.79;4573.98;4561.17;4548.36;4535.55
2026.03.31 18:05:00;XAUUSD;PERIOD_M5;LIVE;VALID;BUY;4615.19;2026.03.31 23:20:00;4672.93;5774.0;63;WIN;NEXT_SIGNAL;2026.03.31 23:25:00;4672.90;5771.0;64;WIN;REV;YES;;;;11.35;34;4609.11;4608.80;31.4;14.0;BULL;BUY;OFF;0.79;19.86;27.81;20.10;4601.00;4626.54;4637.89;4649.24;4660.59;4671.94
2026.03.31 23:20:00;XAUUSD;PERIOD_M5;LIVE;VALID;SELL;4672.93;2026.04.01 01:20:00;4683.34;-1041.0;12;LOSS;NEXT_SIGNAL;2026.04.01 01:25:00;4683.67;-1074.0;13;LOSS;REV;YES;;;;6.12;43;4677.70;4677.94;-24.7;0.0;BULL;BUY;OFF;0.87;29.89;15.07;18.74;4680.58;4666.81;4660.69;4654.57;4648.45;4642.33
2026.04.01 01:20:00;XAUUSD;PERIOD_M5;LIVE;VALID;BUY;4683.34;2026.04.01 02:15:00;4673.93;-941.0;11;LOSS;NEXT_SIGNAL;2026.04.01 02:20:00;4673.96;-938.0;12;LOSS;REV;YES;;;;8.13;34;4672.37;4672.06;31.1;14.0;BULL;BUY;OFF;0.92;21.79;18.56;17.63;4673.18;4691.47;4699.60;4707.73;4715.85;4723.98
2026.04.01 02:15:00;XAUUSD;PERIOD_M5;LIVE;VALID;SELL;4673.93;2026.04.01 02:20:00;4677.80;-387.0;1;LOSS;NEXT_SIGNAL;2026.04.01 02:25:00;4678.06;-413.0;2;LOSS;REV;YES;;;;12.89;34;4675.51;4675.60;-8.8;0.0;BULL;BUY;OFF;0.91;14.13;13.81;10.16;4690.04;4661.04;4648.16;4635.27;4622.39;4609.50
2026.04.01 02:20:00;XAUUSD;PERIOD_M5;LIVE;VALID;BUY;4677.80;2026.04.01 04:15:00;4699.68;2188.0;23;WIN;NEXT_SIGNAL;2026.04.01 04:20:00;4699.67;2187.0;24;WIN;REV;YES;;;;12.54;34;4676.02;4675.96;5.8;0.0;BULL;BUY;OFF;0.89;12.60;11.97;12.61;4662.12;4690.34;4702.89;4715.43;4727.97;4740.51
2026.04.01 04:15:00;XAUUSD;PERIOD_M5;LIVE;VALID;SELL;4699.68;2026.04.01 06:20:00;4691.05;863.0;25;WIN;NEXT_SIGNAL;2026.04.01 06:25:00;4691.41;827.0;26;WIN;REV;YES;;;;11.17;34;4706.21;4707.27;-106.1;0.0;BULL NOISE;BUY;OFF;0.90;33.71;24.21;22.38;4713.64;4688.51;4677.34;4666.18;4655.01;4643.84
2026.04.01 06:20:00;XAUUSD;PERIOD_M5;LIVE;VALID;BUY;4691.05;2026.04.01 06:50:00;4683.58;-747.0;6;LOSS;NEXT_SIGNAL;2026.04.01 06:55:00;4683.59;-746.0;7;LOSS;REV;YES;;;;6.07;34;4687.93;4687.35;58.8;0.0;BULL;BUY;OFF;0.87;26.61;20.40;7.19;4683.46;4697.12;4703.20;4709.27;4715.35;4721.42
2026.04.01 06:50:00;XAUUSD;PERIOD_M5;LIVE;VALID;SELL;4683.58;2026.04.01 08:00:00;4676.74;684.0;14;WIN;NEXT_SIGNAL;2026.04.01 08:05:00;4677.10;648.0;15;WIN;REV;YES;;;;5.15;34;4685.84;4686.11;-27.5;0.0;BULL;BUY;OFF;0.90;18.74;13.07;20.64;4690.02;4678.43;4673.28;4668.13;4662.98;4657.83
2026.04.01 08:00:00;XAUUSD;PERIOD_M5;LIVE;VALID;BUY;4676.74;2026.04.01 10:55:00;4711.59;3485.0;35;WIN;NEXT_SIGNAL;2026.04.01 11:00:00;4711.46;3472.0;36;WIN;REV;YES;;;;4.58;34;4676.24;4676.16;7.6;-14.0;BULL;BUY;OFF;0.90;25.33;20.59;20.38;4671.01;4681.32;4685.90;4690.48;4695.06;4699.64
2026.04.01 10:55:00;XAUUSD;PERIOD_M5;LIVE;VALID;SELL;4711.59;2026.04.01 11:20:00;4728.79;-1720.0;5;LOSS;NEXT_SIGNAL;2026.04.01 11:25:00;4729.17;-1758.0;6;LOSS;REV;YES;;;;9.81;34;4720.26;4721.53;-126.6;0.0;BULL NOISE;BUY;OFF;0.78;23.89;22.51;25.40;4723.85;4701.78;4691.97;4682.16;4672.35;4662.54
2026.04.01 11:20:00;XAUUSD;PERIOD_M5;LIVE;VALID;BUY;4728.79;2026.04.01 12:05:00;4720.50;-829.0;9;LOSS;NEXT_SIGNAL;2026.04.01 12:10:00;4720.52;-827.0;10;LOSS;REV;YES;;;;10.25;34;4723.38;4722.95;42.7;14.0;BULL;BUY;OFF;0.85;20.39;28.14;15.15;4715.98;4739.04;4749.28;4759.53;4769.78;4780.03
2026.04.01 12:05:00;XAUUSD;PERIOD_M5;LIVE;VALID;SELL;4720.50;2026.04.01 13:20:00;4724.40;-390.0;15;LOSS;NEXT_SIGNAL;2026.04.01 13:25:00;4724.75;-425.0;16;LOSS;REV;YES;;;;7.61;34;4726.35;4726.63;-27.8;0.0;BULL;BUY;OFF;0.85;22.04;13.43;25.82;4730.02;4712.89;4705.28;4697.66;4690.05;4682.44
2026.04.01 13:20:00;XAUUSD;PERIOD_M5;LIVE;VALID;BUY;4724.40;2026.04.01 15:15:00;4741.16;1676.0;23;WIN;NEXT_SIGNAL;2026.04.01 15:20:00;4741.32;1692.0;24;WIN;REV;YES;;;;6.45;34;4721.45;4721.15;30.3;14.0;BULL;BUY;OFF;0.84;23.77;21.71;18.83;4716.34;4730.85;4737.30;4743.74;4750.19;4756.64
2026.04.01 15:15:00;XAUUSD;PERIOD_M5;LIVE;VALID;SELL;4741.16;2026.04.01 16:30:00;4737.92;324.0;15;WIN;NEXT_SIGNAL;2026.04.01 16:35:00;4738.28;288.0;16;WIN;REV;YES;;;;7.09;34;4746.68;4747.41;-73.0;0.0;BULL NOISE;BUY;OFF;0.92;38.05;16.55;30.45;4750.03;4734.06;4726.97;4719.88;4712.78;4705.69
2026.04.01 16:30:00;XAUUSD;PERIOD_M5;LIVE;VALID;BUY;4737.92;2026.04.01 19:25:00;4776.29;3837.0;35;WIN;NEXT_SIGNAL;2026.04.01 19:30:00;4776.28;3836.0;36;WIN;REV;YES;;;;12.33;34;4735.38;4735.03;35.0;0.0;BULL;BUY;OFF;0.88;23.15;18.98;14.12;4722.51;4750.25;4762.58;4774.91;4787.25;4799.58
2026.04.01 19:25:00;XAUUSD;PERIOD_M5;LIVE;VALID;SELL;4776.29;2026.04.01 19:30:00;4783.24;-695.0;1;LOSS;NEXT_SIGNAL;2026.04.01 19:35:00;4783.57;-728.0;2;LOSS;REV;YES;;;;6.49;34;4779.65;4779.68;-3.6;0.0;BULL;BUY;OFF;0.87;40.65;16.68;20.51;4784.40;4769.80;4763.31;4756.83;4750.34;4743.85
2026.04.01 19:30:00;XAUUSD;PERIOD_M5;LIVE;VALID;BUY;4783.24;2026.04.01 19:35:00;4780.95;-229.0;1;LOSS;NEXT_SIGNAL;2026.04.01 19:40:00;4780.96;-228.0;2;LOSS;REV;YES;;;;6.49;34;4780.45;4780.32;13.1;0.0;BULL;BUY;OFF;0.85;36.16;20.43;17.78;4775.13;4789.73;4796.22;4802.71;4809.20;4815.69
2026.04.01 19:35:00;XAUUSD;PERIOD_M5;LIVE;VALID;SELL;4780.95;2026.04.01 19:40:00;4784.32;-337.0;1;LOSS;NEXT_SIGNAL;2026.04.01 19:45:00;4784.60;-365.0;2;LOSS;REV;YES;;;;6.40;34;4780.56;4780.65;-9.0;14.0;BULL;BUY;OFF;0.88;33.85;22.57;15.41;4788.95;4774.55;4768.14;4761.74;4755.34;4748.93
2026.04.01 19:40:00;XAUUSD;PERIOD_M5;LIVE;VALID;BUY;4784.32;2026.04.01 20:30:00;4779.72;-460.0;10;LOSS;NEXT_SIGNAL;2026.04.01 20:35:00;4779.69;-463.0;11;LOSS;REV;YES;;;;5.92;34;4781.39;4781.21;18.7;0.0;BULL;BUY;OFF;0.87;31.85;19.56;13.35;4776.92;4790.24;4796.16;4802.09;4808.01;4813.93
2026.04.01 20:30:00;XAUUSD;PERIOD_M5;LIVE;VALID;SELL;4779.72;2026.04.01 22:20:00;4762.79;1693.0;22;WIN;NEXT_SIGNAL;2026.04.01 22:25:00;4762.85;1687.0;23;WIN;REV;YES;;;;4.84;34;4784.83;4784.86;-3.0;0.0;BULL NOISE;BUY;OFF;0.90;20.60;17.26;24.87;4785.77;4774.88;4770.04;4765.20;4760.37;4755.53
2026.04.01 22:20:00;XAUUSD;PERIOD_M5;LIVE;VALID;BUY;4762.79;2026.04.01 23:25:00;4761.74;-105.0;13;LOSS;NEXT_SIGNAL;2026.04.01 23:30:00;4761.80;-99.0;14;LOSS;REV;YES;;;;7.85;34;4759.59;4758.93;65.5;0.0;BEAR;SELL;OFF;0.74;31.29;22.65;14.73;4752.97;4770.64;4778.49;4786.35;4794.20;4802.05
2026.04.01 23:25:00;XAUUSD;PERIOD_M5;LIVE;VALID;SELL;4761.74;2026.04.02 01:25:00;4773.29;-1155.0;11;LOSS;NEXT_SIGNAL;2026.04.02 01:30:00;4773.70;-1196.0;12;LOSS;REV;YES;;;;6.03;45;4765.92;4766.19;-26.6;0.0;BEAR;SELL;OFF;0.87;26.72;25.56;23.87;4769.28;4755.71;4749.68;4743.65;4737.63;4731.60
2026.04.02 01:25:00;XAUUSD;PERIOD_M5;LIVE;VALID;BUY;4773.29;2026.04.02 02:55:00;4781.08;779.0;18;WIN;NEXT_SIGNAL;2026.04.02 03:00:00;4781.15;786.0;19;WIN;REV;YES;;;;5.43;39;4764.90;4763.49;140.5;14.0;BEAR NOISE;SELL;OFF;0.80;19.33;35.71;14.35;4766.50;4778.72;4784.15;4789.58;4795.01;4800.44
2026.04.02 02:55:00;XAUUSD;PERIOD_M5;LIVE;VALID;SELL;4781.08;2026.04.02 03:15:00;4795.16;-1408.0;4;LOSS;NEXT_SIGNAL;2026.04.02 03:20:00;4795.63;-1455.0;5;LOSS;REV;YES;;;;7.04;39;4786.31;4786.75;-43.9;0.0;BULL NOISE;BUY;OFF;0.77;33.22;15.35;21.92;4789.88;4774.04;4767.00;4759.96;4752.91;4745.87
2026.04.02 03:15:00;XAUUSD;PERIOD_M5;LIVE;VALID;BUY;4795.16;2026.04.02 03:40:00;4785.31;-985.0;5;LOSS;NEXT_SIGNAL;2026.04.02 03:45:00;4785.25;-991.0;6;LOSS;REV;YES;;;;7.15;34;4789.11;4788.53;58.2;14.0;BULL;BUY;OFF;0.78;27.21;32.59;18.44;4786.23;4802.31;4809.45;4816.60;4823.74;4830.89
2026.04.02 03:40:00;XAUUSD;PERIOD_M5;LIVE;VALID;SELL;4785.31;2026.04.02 06:15:00;4688.94;9637.0;31;WIN;NEXT_SIGNAL;2026.04.02 06:20:00;4690.04;9527.0;32;WIN;REV;YES;;;;6.93;39;4788.90;4789.13;-23.4;0.0;BULL;BUY;OFF;0.92;18.11;22.12;18.19;4793.98;4778.38;4771.44;4764.51;4757.58;4750.65
2026.04.02 06:15:00;XAUUSD;PERIOD_M5;LIVE;VALID;BUY;4688.94;2026.04.02 06:50:00;4679.21;-973.0;7;LOSS;NEXT_SIGNAL;2026.04.02 06:55:00;4679.14;-980.0;8;LOSS;REV;YES;;;;12.87;39;4684.73;4684.58;15.0;0.0;BEAR;SELL;OFF;0.87;23.59;27.48;17.04;4672.85;4701.81;4714.68;4727.55;4740.42;4753.29
2026.04.02 06:50:00;XAUUSD;PERIOD_M5;LIVE;VALID;SELL;4679.21;2026.04.02 08:05:00;4670.55;866.0;15;WIN;NEXT_SIGNAL;2026.04.02 08:10:01;4670.96;825.0;16;WIN;REV;YES;;;;8.32;39;4684.59;4684.75;-15.6;-14.0;BEAR;SELL;OFF;0.73;21.34;12.22;21.51;4689.62;4670.89;4662.56;4654.24;4645.91;4637.59
2026.04.02 08:05:00;XAUUSD;PERIOD_M5;LIVE;VALID;BUY;4670.55;2026.04.02 08:30:00;4649.96;-2059.0;5;LOSS;NEXT_SIGNAL;2026.04.02 08:35:00;4650.49;-2006.0;6;LOSS;REV;YES;;;;6.58;39;4669.46;4669.46;0.1;-14.0;BEAR;SELL;OFF;0.79;27.17;19.56;24.84;4662.32;4677.14;4683.72;4690.30;4696.89;4703.47
2026.04.02 08:30:00;XAUUSD;PERIOD_M5;LIVE;VALID;SELL;4649.96;2026.04.02 09:55:00;4600.06;4990.0;17;WIN;NEXT_SIGNAL;2026.04.02 10:00:00;4600.25;4971.0;18;WIN;REV;YES;;;;8.40;39;4667.08;4668.11;-102.6;-26.6;BEAR;SELL;OFF;0.79;19.37;21.23;24.91;4660.47;4641.56;4633.15;4624.75;4616.34;4607.94
2026.04.02 09:55:00;XAUUSD;PERIOD_M5;LIVE;VALID;BUY;4600.06;2026.04.02 11:40:00;4630.37;3031.0;21;WIN;NEXT_SIGNAL;2026.04.02 11:45:00;4630.50;3044.0;22;WIN;REV;YES;;;;17.75;37;4595.64;4595.14;50.1;-14.0;BEAR;SELL;OFF;0.75;22.85;16.77;16.99;4577.88;4617.81;4635.56;4653.30;4671.05;4688.80
2026.04.02 11:40:00;XAUUSD;PERIOD_M5;LIVE;VALID;SELL;4630.37;2026.04.02 13:00:00;4632.53;-216.0;16;LOSS;NEXT_SIGNAL;2026.04.02 13:05:00;4632.94;-257.0;17;LOSS;REV;YES;;;;9.12;38;4635.13;4635.69;-55.7;0.0;BEAR;SELL;OFF;0.68;27.45;23.67;21.58;4641.77;4621.25;4612.14;4603.02;4593.90;4584.78
2026.04.02 13:00:00;XAUUSD;PERIOD_M5;LIVE;VALID;BUY;4632.53;2026.04.02 13:15:00;4614.04;-1849.0;3;LOSS;NEXT_SIGNAL;2026.04.02 13:20:00;4614.06;-1847.0;4;LOSS;REV;YES;;;;9.19;38;4624.87;4624.16;71.1;14.0;BEAR;SELL;OFF;0.93;18.13;19.00;13.20;4621.05;4641.72;4650.90;4660.09;4669.28;4678.47
2026.04.02 13:15:00;XAUUSD;PERIOD_M5;LIVE;VALID;SELL;4614.04;2026.04.02 14:00:00;4623.40;-936.0;9;LOSS;NEXT_SIGNAL;2026.04.02 14:05:00;4623.79;-975.0;10;LOSS;REV;YES;;;;8.93;38;4623.37;4623.54;-17.7;-14.0;BEAR;SELL;OFF;0.87;18.70;12.37;24.87;4625.20;4605.11;4596.18;4587.25;4578.32;4569.39
2026.04.02 14:00:00;XAUUSD;PERIOD_M5;LIVE;VALID;BUY;4623.40;2026.04.02 14:30:00;4614.09;-931.0;6;LOSS;NEXT_SIGNAL;2026.04.02 14:35:00;4614.10;-930.0;7;LOSS;REV;YES;;;;9.15;38;4622.24;4622.03;21.5;0.0;BEAR;SELL;OFF;0.86;19.45;12.43;19.95;4611.96;4632.55;4641.70;4650.85;4660.01;4669.16
2026.04.02 14:30:00;XAUUSD;PERIOD_M5;LIVE;VALID;SELL;4614.09;2026.04.02 15:20:00;4627.74;-1365.0;10;LOSS;NEXT_SIGNAL;2026.04.02 15:25:00;4628.10;-1401.0;11;LOSS;REV;YES;;;;8.17;38;4621.16;4622.09;-93.4;-14.0;BEAR;SELL;OFF;0.88;15.94;12.82;19.34;4624.30;4605.92;4597.75;4589.58;4581.40;4573.23
2026.04.02 15:20:00;XAUUSD;PERIOD_M5;LIVE;VALID;BUY;4627.74;2026.04.02 15:55:00;4590.14;-3760.0;7;LOSS;NEXT_SIGNAL;2026.04.02 16:00:00;4590.07;-3767.0;8;LOSS;REV;YES;;;;11.41;38;4613.37;4612.21;116.4;14.0;BEAR NOISE;SELL;OFF;0.88;21.54;26.34;11.61;4613.48;4639.15;4650.56;4661.97;4673.38;4684.79
2026.04.02 15:55:00;XAUUSD;PERIOD_M5;LIVE;VALID;SELL;4590.14;2026.04.02 16:45:00;4632.51;-4237.0;10;LOSS;NEXT_SIGNAL;2026.04.02 16:50:00;4632.82;-4268.0;11;LOSS;REV;YES;;;;11.15;39;4612.07;4613.15;-107.7;-26.6;BEAR;SELL;OFF;0.91;18.35;15.81;27.50;4604.08;4578.99;4567.83;4556.68;4545.53;4534.38
2026.04.02 16:45:00;XAUUSD;PERIOD_M5;LIVE;VALID;BUY;4632.51;2026.04.02 18:20:00;4658.79;2628.0;19;WIN;NEXT_SIGNAL;2026.04.02 18:25:00;4658.80;2629.0;20;WIN;REV;YES;;;;16.78;38;4605.41;4603.89;151.7;14.0;BEAR NOISE;SELL;OFF;0.90;19.09;26.01;18.85;4611.53;4649.29;4666.08;4682.86;4699.65;4716.43
2026.04.02 18:20:00;XAUUSD;PERIOD_M5;LIVE;VALID;SELL;4658.79;2026.04.02 19:45:00;4666.43;-764.0;17;LOSS;NEXT_SIGNAL;2026.04.02 19:50:00;4666.80;-801.0;18;LOSS;REV;YES;;;;14.90;37;4669.97;4671.09;-111.7;0.0;BEAR;SELL;OFF;0.86;34.80;16.44;23.62;4677.42;4643.89;4628.98;4614.08;4599.18;4584.27
2026.04.02 19:45:00;XAUUSD;PERIOD_M5;LIVE;VALID;BUY;4666.43;2026.04.02 20:25:00;4651.29;-1514.0;8;LOSS;NEXT_SIGNAL;2026.04.02 20:30:00;4651.38;-1505.0;9;LOSS;REV;YES;;;;10.11;38;4660.57;4659.83;74.6;0.0;BEAR;SELL;OFF;0.94;25.04;15.96;16.57;4653.80;4676.54;4686.65;4696.75;4706.86;4716.97
2026.04.02 20:25:00;XAUUSD;PERIOD_M5;LIVE;VALID;SELL;4651.29;2026.04.02 21:30:00;4659.03;-774.0;13;LOSS;NEXT_SIGNAL;2026.04.02 21:35:00;4659.36;-807.0;14;LOSS;REV;YES;;;;9.22;38;4659.74;4660.02;-27.6;0.0;BEAR;SELL;OFF;0.99;15.12;11.60;21.47;4662.81;4642.07;4632.85;4623.64;4614.42;4605.20
2026.04.02 21:30:00;XAUUSD;PERIOD_M5;LIVE;VALID;BUY;4659.03;2026.04.02 23:20:00;4666.68;765.0;22;WIN;NEXT_SIGNAL;2026.04.02 23:25:00;4667.02;799.0;23;WIN;REV;YES;;;;7.23;38;4655.45;4655.35;10.1;0.0;BEAR;SELL;OFF;0.79;16.94;20.51;13.55;4649.99;4666.26;4673.50;4680.73;4687.97;4695.20
2026.04.02 23:20:00;XAUUSD;PERIOD_M5;LIVE;VALID;SELL;4666.68;2026.04.02 23:50:00;4672.39;-571.0;6;LOSS;NEXT_SIGNAL;2026.04.02 23:55:00;4672.88;-620.0;7;LOSS;REV;YES;;;;5.61;44;4670.32;4670.75;-42.7;0.0;BEAR;SELL;OFF;0.88;34.29;16.93;24.77;4673.69;4661.07;4655.46;4649.85;4644.24;4638.63
2026.04.02 23:50:00;XAUUSD;PERIOD_M5;LIVE;VALID;BUY;4672.39;2026.04.06 01:00:00;4637.55;-3484.0;2;LOSS;NEXT_SIGNAL;2026.04.06 01:05:00;4637.57;-3482.0;3;LOSS;REV;YES;;;;4.70;45;4670.76;4670.67;8.8;0.0;BEAR;SELL;OFF;0.85;20.79;21.92;20.77;4666.51;4677.09;4681.79;4686.49;4691.19;4695.89
2026.04.06 01:00:00;XAUUSD;PERIOD_M5;LIVE;VALID;SELL;4637.55;2026.04.06 03:50:00;4621.29;1626.0;34;WIN;NEXT_SIGNAL;2026.04.06 03:55:00;4621.71;1584.0;35;WIN;REV;YES;;;;7.71;45;4664.71;4668.31;-360.0;-26.6;BEAR;SELL;OFF;0.84;18.79;25.03;26.97;4647.18;4629.85;4622.14;4614.44;4606.73;4599.03
2026.04.06 03:50:00;XAUUSD;PERIOD_M5;LIVE;VALID;BUY;4621.29;2026.04.06 04:55:00;4625.70;441.0;13;WIN;NEXT_SIGNAL;2026.04.06 05:00:00;4625.69;440.0;14;WIN;REV;YES;;;;9.33;39;4616.55;4615.97;58.3;0.0;BEAR;SELL;OFF;0.85;24.09;15.76;16.10;4609.62;4630.62;4639.96;4649.29;4658.63;4667.96
2026.04.06 04:55:00;XAUUSD;PERIOD_M5;LIVE;VALID;SELL;4625.70;2026.04.06 05:10:00;4638.21;-1251.0;3;LOSS;NEXT_SIGNAL;2026.04.06 05:15:00;4638.30;-1260.0;4;LOSS;REV;YES;;;;9.27;39;4627.74;4628.07;-33.7;0.0;BEAR;SELL;OFF;0.69;17.07;16.82;17.45;4637.29;4616.43;4607.16;4597.89;4588.61;4579.34
2026.04.06 05:10:00;XAUUSD;PERIOD_M5;LIVE;VALID;BUY;4638.21;2026.04.06 06:05:00;4631.24;-697.0;11;LOSS;NEXT_SIGNAL;2026.04.06 06:10:00;4631.59;-662.0;12;LOSS;REV;YES;;;;9.39;39;4630.95;4630.22;73.4;14.0;BEAR;SELL;OFF;0.73;21.42;28.98;11.36;4626.48;4647.60;4656.98;4666.37;4675.76;4685.14
2026.04.06 06:05:00;XAUUSD;PERIOD_M5;LIVE;VALID;SELL;4631.24;2026.04.06 07:00:00;4647.78;-1654.0;11;LOSS;NEXT_SIGNAL;2026.04.06 07:05:00;4648.18;-1694.0;12;LOSS;REV;YES;;;;9.77;39;4642.97;4645.23;-225.7;0.0;BULL NOISE;BUY;OFF;0.92;24.49;12.36;30.54;4643.45;4621.47;4611.71;4601.94;4592.17;4582.41
2026.04.06 07:00:00;XAUUSD;PERIOD_M5;LIVE;VALID;BUY;4647.78;2026.04.06 08:55:00;4647.82;4.0;23;WIN;NEXT_SIGNAL;2026.04.06 09:00:00;4647.60;-18.0;24;LOSS;REV;YES;;;;7.06;39;4638.05;4636.71;133.9;0.0;BULL;BUY;OFF;0.94;26.82;34.67;14.28;4638.95;4654.84;4661.90;4668.96;4676.02;4683.08
2026.04.06 08:55:00;XAUUSD;PERIOD_M5;LIVE;VALID;SELL;4647.82;2026.04.06 09:55:00;4665.83;-1801.0;12;LOSS;NEXT_SIGNAL;2026.04.06 10:00:00;4666.18;-1836.0;13;LOSS;REV;YES;;;;6.94;39;4661.19;4663.07;-188.2;0.0;BEAR NOISE;SELL;OFF;0.75;32.52;21.74;27.44;4656.50;4640.88;4633.93;4626.99;4620.05;4613.10
2026.04.06 09:55:00;XAUUSD;PERIOD_M5;LIVE;VALID;BUY;4665.83;2026.04.06 10:10:00;4652.86;-1297.0;3;LOSS;NEXT_SIGNAL;2026.04.06 10:15:00;4652.94;-1289.0;4;LOSS;REV;YES;;;;7.58;36;4659.56;4658.65;90.8;14.0;BEAR NOISE;SELL;OFF;0.88;16.92;21.55;14.22;4656.36;4673.41;4680.98;4688.56;4696.13;4703.71
2026.04.06 10:10:00;XAUUSD;PERIOD_M5;LIVE;VALID;SELL;4652.86;2026.04.06 10:40:00;4664.45;-1159.0;6;LOSS;NEXT_SIGNAL;2026.04.06 10:45:00;4664.72;-1186.0;7;LOSS;REV;YES;;;;6.34;39;4657.33;4657.58;-25.7;0.0;BEAR;SELL;OFF;0.88;18.27;14.54;28.35;4660.78;4646.52;4640.18;4633.84;4627.50;4621.16
2026.04.06 10:40:00;XAUUSD;PERIOD_M5;LIVE;VALID;BUY;4664.45;2026.04.06 12:55:00;4693.58;2913.0;27;WIN;NEXT_SIGNAL;2026.04.06 13:00:00;4693.59;2914.0;28;WIN;REV;YES;;;;6.71;39;4656.21;4655.81;39.9;14.0;BEAR NOISE;SELL;OFF;0.88;24.28;36.43;15.12;4656.07;4671.16;4677.86;4684.57;4691.27;4697.98
2026.04.06 12:55:00;XAUUSD;PERIOD_M5;LIVE;VALID;SELL;4693.58;2026.04.06 16:55:00;4681.56;1202.0;48;WIN;NEXT_SIGNAL;2026.04.06 17:00:00;4682.29;1129.0;49;WIN;REV;YES;;;;4.87;39;4698.19;4698.91;-71.6;-14.0;BULL;BUY;OFF;0.84;46.90;16.30;20.30;4699.67;4688.70;4683.83;4678.96;4674.08;4669.21
2026.04.06 16:55:00;XAUUSD;PERIOD_M5;LIVE;BLOCKED;BUY;4681.56;2026.04.06 18:00:00;4670.43;-1113.0;13;LOSS;NEXT_SIGNAL;;;;;;;NO;MARKET;SPREAD;;9.52;52;4673.37;4672.20;117.0;0.0;BULL;BUY;OFF;0.83;38.79;12.64;16.51;4669.66;4691.08;4700.59;4710.11;4719.63;4729.14
2026.04.06 18:00:00;XAUUSD;PERIOD_M5;LIVE;VALID;SELL;4670.43;2026.04.06 19:15:00;4668.02;241.0;15;WIN;NEXT_SIGNAL;2026.04.06 19:20:00;4668.42;201.0;16;WIN;REV;YES;;;;11.14;39;4679.95;4679.96;-1.2;0.0;BULL;BUY;OFF;0.88;22.83;17.90;21.89;4684.36;4659.29;4648.15;4637.00;4625.86;4614.72
2026.04.06 19:15:00;XAUUSD;PERIOD_M5;LIVE;VALID;BUY;4668.02;2026.04.06 19:45:00;4664.86;-316.0;6;LOSS;NEXT_SIGNAL;2026.04.06 19:50:00;4664.96;-306.0;7;LOSS;REV;YES;;;;7.36;39;4666.85;4666.39;46.3;0.0;BULL;BUY;OFF;0.87;17.13;23.26;15.59;4658.82;4675.38;4682.74;4690.10;4697.45;4704.81
2026.04.06 19:45:00;XAUUSD;PERIOD_M5;LIVE;VALID;SELL;4664.86;2026.04.06 21:15:00;4663.17;169.0;18;WIN;NEXT_SIGNAL;2026.04.06 21:20:00;4663.54;132.0;19;WIN;REV;YES;;;;5.52;39;4665.54;4665.66;-12.4;0.0;BULL;BUY;OFF;0.89;14.31;15.08;19.50;4671.77;4659.34;4653.81;4648.28;4642.76;4637.24
2026.04.06 21:15:00;XAUUSD;PERIOD_M5;LIVE;VALID;BUY;4663.17;2026.04.06 21:35:00;4649.22;-1395.0;4;LOSS;NEXT_SIGNAL;2026.04.06 21:40:00;4649.23;-1394.0;5;LOSS;REV;YES;;;;5.87;35;4658.26;4657.50;76.4;0.0;BULL;BUY;OFF;0.79;44.12;16.75;19.48;4655.83;4669.04;4674.91;4680.78;4686.64;4692.51
2026.04.06 21:35:00;XAUUSD;PERIOD_M5;LIVE;VALID;SELL;4649.22;2026.04.06 22:50:00;4655.71;-649.0;15;LOSS;NEXT_SIGNAL;2026.04.06 22:55:02;4656.09;-687.0;16;LOSS;REV;YES;;;;5.47;39;4657.18;4657.39;-20.6;-14.0;BULL NOISE;BUY;OFF;0.78;37.00;9.45;27.32;4656.06;4643.75;4638.28;4632.81;4627.34;4621.87
2026.04.06 22:50:00;XAUUSD;PERIOD_M5;LIVE;VALID;BUY;4655.71;2026.04.06 23:45:00;4649.97;-574.0;11;LOSS;NEXT_SIGNAL;2026.04.06 23:50:04;4649.95;-576.0;12;LOSS;REV;YES;;;;4.39;39;4653.11;4652.66;44.4;0.0;BULL;BUY;OFF;0.85;24.00;24.53;15.21;4650.22;4660.10;4664.49;4668.88;4673.27;4677.66
2026.04.06 23:45:00;XAUUSD;PERIOD_M5;LIVE;VALID;SELL;4649.97;2026.04.07 01:00:00;4661.56;-1159.0;3;LOSS;NEXT_SIGNAL;2026.04.07 01:05:00;4661.89;-1192.0;4;LOSS;REV;YES;;;;3.36;45;4653.60;4654.13;-53.4;0.0;BULL NOISE;BUY;OFF;0.86;20.13;14.68;19.93;4654.17;4646.61;4643.25;4639.89;4636.52;4633.16
2026.04.07 01:00:00;XAUUSD;PERIOD_M5;LIVE;VALID;BUY;4661.56;2026.04.07 02:00:00;4660.23;-133.0;12;LOSS;NEXT_SIGNAL;2026.04.07 02:05:05;4660.28;-128.0;13;LOSS;REV;YES;;;;4.26;45;4654.49;4654.44;4.8;14.0;BULL;BUY;OFF;0.87;19.69;21.17;19.02;4656.23;4665.82;4670.09;4674.35;4678.62;4682.88
2026.04.07 02:00:00;XAUUSD;PERIOD_M5;LIVE;VALID;SELL;4660.23;2026.04.07 03:10:00;4659.98;25.0;14;WIN;NEXT_SIGNAL;2026.04.07 03:15:00;4660.30;-7.0;15;LOSS;REV;YES;;;;4.80;39;4659.73;4659.76;-3.5;0.0;BULL;BUY;OFF;0.64;30.58;11.77;16.53;4666.23;4655.43;4650.62;4645.82;4641.02;4636.21
2026.04.07 03:10:00;XAUUSD;PERIOD_M5;LIVE;VALID;BUY;4659.98;2026.04.07 03:55:00;4637.84;-2214.0;9;LOSS;NEXT_SIGNAL;2026.04.07 04:00:00;4639.71;-2027.0;10;LOSS;REV;YES;;;;3.97;39;4656.73;4656.71;1.4;0.0;BULL;BUY;OFF;0.74;24.24;19.03;18.34;4655.02;4663.95;4667.92;4671.89;4675.85;4679.82
2026.04.07 03:55:00;XAUUSD;PERIOD_M5;LIVE;VALID;SELL;4637.84;2026.04.07 05:40:00;4645.77;-793.0;21;LOSS;NEXT_SIGNAL;2026.04.07 05:45:00;4646.14;-830.0;22;LOSS;REV;YES;;;;5.91;39;4654.07;4656.25;-217.6;-26.6;BEAR;SELL;OFF;0.84;22.95;8.80;31.98;4645.22;4631.93;4626.03;4620.12;4614.21;4608.30
2026.04.07 05:40:00;XAUUSD;PERIOD_M5;LIVE;VALID;BUY;4645.77;2026.04.07 08:20:00;4647.07;130.0;32;WIN;NEXT_SIGNAL;2026.04.07 08:25:00;4647.08;131.0;33;WIN;REV;YES;;;;11.17;39;4637.56;4636.05;151.5;14.0;BEAR;SELL;OFF;0.84;29.26;32.84;10.54;4631.80;4656.94;4668.12;4679.29;4690.46;4701.63
2026.04.07 08:20:00;XAUUSD;PERIOD_M5;LIVE;VALID;SELL;4647.07;2026.04.07 09:20:00;4643.80;327.0;12;WIN;NEXT_SIGNAL;2026.04.07 09:25:00;4644.15;292.0;13;WIN;REV;YES;;;;4.33;39;4654.17;4655.04;-86.7;-14.0;BULL NOISE;BUY;OFF;0.84;27.23;16.60;27.30;4652.48;4642.74;4638.41;4634.08;4629.75;4625.42
2026.04.07 09:20:00;XAUUSD;PERIOD_M5;LIVE;VALID;BUY;4643.80;2026.04.07 10:25:00;4641.07;-273.0;13;LOSS;NEXT_SIGNAL;2026.04.07 10:30:00;4641.14;-266.0;14;LOSS;REV;YES;;;;8.59;39;4643.13;4642.92;21.1;-14.0;BEAR;SELL;OFF;0.77;20.63;18.15;19.12;4633.06;4652.39;4660.98;4669.57;4678.16;4686.75
2026.04.07 10:25:00;XAUUSD;PERIOD_M5;LIVE;VALID;SELL;4641.07;2026.04.07 11:10:00;4660.81;-1974.0;9;LOSS;NEXT_SIGNAL;2026.04.07 11:15:00;4661.54;-2047.0;10;LOSS;REV;YES;;;;6.25;36;4648.52;4648.72;-19.8;-14.0;BEAR;SELL;OFF;0.90;27.11;13.04;20.57;4648.88;4634.82;4628.57;4622.32;4616.07;4609.82
2026.04.07 11:10:00;XAUUSD;PERIOD_M5;LIVE;VALID;BUY;4660.81;2026.04.07 12:35:00;4674.98;1417.0;17;WIN;NEXT_SIGNAL;2026.04.07 12:40:00;4674.90;1409.0;18;WIN;REV;YES;;;;7.47;38;4650.25;4648.48;176.8;26.6;BEAR NOISE;SELL;OFF;0.95;22.51;29.09;13.38;4651.47;4668.28;4675.75;4683.22;4690.69;4698.16
2026.04.07 12:35:00;XAUUSD;PERIOD_M5;LIVE;VALID;SELL;4674.98;2026.04.07 14:45:00;4659.91;1507.0;26;WIN;NEXT_SIGNAL;2026.04.07 14:50:00;4660.27;1471.0;27;WIN;REV;YES;;;;7.33;34;4682.99;4683.13;-14.3;0.0;BULL NOISE;BUY;OFF;0.77;39.12;13.34;27.48;4684.14;4667.65;4660.32;4652.99;4645.66;4638.33
2026.04.07 14:45:00;XAUUSD;PERIOD_M5;LIVE;VALID;BUY;4659.91;2026.04.07 15:45:00;4647.75;-1216.0;12;LOSS;NEXT_SIGNAL;2026.04.07 15:50:00;4647.76;-1215.0;13;LOSS;REV;YES;;;;9.53;37;4653.90;4652.99;90.9;0.0;BULL;BUY;OFF;0.79;39.13;22.84;13.09;4647.99;4669.44;4678.97;4688.51;4698.04;4707.57
2026.04.07 15:45:00;XAUUSD;PERIOD_M5;LIVE;VALID;SELL;4647.75;2026.04.07 16:25:00;4662.19;-1444.0;8;LOSS;NEXT_SIGNAL;2026.04.07 16:30:00;4662.73;-1498.0;9;LOSS;REV;YES;;;;7.80;38;4657.47;4657.94;-47.4;-14.0;BULL NOISE;BUY;OFF;0.87;23.98;11.47;27.97;4657.50;4639.95;4632.15;4624.34;4616.54;4608.74
2026.04.07 16:25:00;XAUUSD;PERIOD_M5;LIVE;VALID;BUY;4662.19;2026.04.07 16:30:00;4645.43;-1676.0;1;LOSS;NEXT_SIGNAL;2026.04.07 16:35:00;4645.38;-1681.0;2;LOSS;REV;YES;;;;8.22;38;4657.11;4656.92;19.3;14.0;BULL;BUY;OFF;0.89;19.70;19.45;14.25;4651.92;4670.41;4678.62;4686.84;4695.05;4703.27
2026.04.07 16:30:00;XAUUSD;PERIOD_M5;LIVE;VALID;SELL;4645.43;2026.04.07 17:30:00;4655.45;-1002.0;12;LOSS;NEXT_SIGNAL;2026.04.07 17:35:00;4655.53;-1010.0;13;LOSS;REV;YES;;;;8.49;38;4654.51;4655.76;-124.3;-26.6;BULL NOISE;BUY;OFF;0.82;18.66;16.86;21.42;4656.04;4636.94;4628.45;4619.97;4611.48;4602.99
2026.04.07 17:30:00;XAUUSD;PERIOD_M5;LIVE;VALID;BUY;4655.45;2026.04.07 18:00:00;4626.97;-2848.0;6;LOSS;NEXT_SIGNAL;2026.04.07 18:05:00;4626.77;-2868.0;7;LOSS;REV;YES;;;;13.69;34;4640.39;4640.32;6.6;14.0;BEAR NOISE;SELL;OFF;0.84;25.10;24.52;19.99;4638.34;4669.14;4682.82;4696.51;4710.19;4723.88
2026.04.07 18:00:00;XAUUSD;PERIOD_M5;LIVE;VALID;SELL;4626.97;2026.04.07 18:15:00;4649.27;-2230.0;3;LOSS;NEXT_SIGNAL;2026.04.07 18:20:00;4649.61;-2264.0;4;LOSS;REV;YES;;;;13.49;35;4638.09;4639.08;-99.0;-36.9;BEAR;SELL;OFF;0.75;23.63;15.48;33.48;4643.84;4613.48;4599.98;4586.49;4573.00;4559.50
2026.04.07 18:15:00;XAUUSD;PERIOD_M5;LIVE;VALID;BUY;4649.27;2026.04.07 21:50:00;4661.99;1272.0;43;WIN;NEXT_SIGNAL;2026.04.07 21:55:00;4661.84;1257.0;44;WIN;REV;YES;;;;12.17;35;4640.59;4639.66;92.9;14.0;BEAR;SELL;OFF;0.75;21.96;28.11;23.12;4634.06;4661.44;4673.60;4685.77;4697.94;4710.11
2026.04.07 21:50:00;XAUUSD;PERIOD_M5;LIVE;VALID;SELL;4661.99;2026.04.07 22:20:00;4689.40;-2741.0;6;LOSS;NEXT_SIGNAL;2026.04.07 22:25:00;4689.80;-2781.0;7;LOSS;REV;YES;;;;5.95;35;4674.63;4676.93;-230.7;-26.6;BEAR;SELL;OFF;0.83;32.22;15.58;33.52;4669.43;4656.04;4650.09;4644.13;4638.18;4632.23
2026.04.07 22:20:00;XAUUSD;PERIOD_M5;LIVE;VALID;BUY;4689.40;2026.04.08 03:40:00;4812.63;12323.0;52;WIN;NEXT_SIGNAL;2026.04.08 03:45:00;4812.93;12353.0;53;WIN;REV;YES;;;;8.88;34;4677.92;4676.09;183.0;26.6;BULL;BUY;OFF;0.92;27.10;28.34;18.37;4678.30;4698.28;4707.16;4716.03;4724.91;4733.79
2026.04.08 03:40:00;XAUUSD;PERIOD_M5;LIVE;VALID;SELL;4812.63;2026.04.08 05:00:00;4817.86;-523.0;16;LOSS;NEXT_SIGNAL;2026.04.08 05:05:00;4818.06;-543.0;17;LOSS;REV;YES;;;;12.27;38;4821.29;4822.71;-142.1;-14.0;BULL NOISE;BUY;OFF;0.80;34.02;12.16;23.13;4827.96;4800.36;4788.09;4775.83;4763.56;4751.29
2026.04.08 05:00:00;XAUUSD;PERIOD_M5;LIVE;VALID;BUY;4817.86;2026.04.08 05:50:00;4803.09;-1477.0;10;LOSS;NEXT_SIGNAL;2026.04.08 05:55:00;4803.08;-1478.0;11;LOSS;REV;YES;;;;11.78;38;4809.47;4808.73;74.1;0.0;BULL;BUY;OFF;0.85;28.24;31.20;13.01;4803.13;4829.64;4841.43;4853.21;4864.99;4876.78
2026.04.08 05:50:00;XAUUSD;PERIOD_M5;LIVE;VALID;SELL;4803.09;2026.04.08 07:35:00;4804.04;-95.0;21;LOSS;NEXT_SIGNAL;2026.04.08 07:40:00;4804.30;-121.0;22;LOSS;REV;YES;;;;6.54;39;4808.49;4809.43;-94.3;0.0;BULL NOISE;BUY;OFF;0.88;20.66;15.59;27.96;4811.27;4796.55;4790.00;4783.46;4776.91;4770.37
2026.04.08 07:35:00;XAUUSD;PERIOD_M5;LIVE;VALID;BUY;4804.04;2026.04.08 09:55:00;4818.38;1434.0;28;WIN;NEXT_SIGNAL;2026.04.08 10:00:00;4818.14;1410.0;29;WIN;REV;YES;;;;5.56;34;4799.31;4798.62;68.7;0.0;BULL;BUY;OFF;0.90;18.33;18.71;18.13;4797.08;4809.60;4815.17;4820.73;4826.30;4831.86
2026.04.08 09:55:00;XAUUSD;PERIOD_M5;LIVE;VALID;SELL;4818.38;2026.04.08 11:15:00;4817.23;115.0;16;WIN;NEXT_SIGNAL;2026.04.08 11:20:00;4817.57;81.0;17;WIN;REV;YES;;;;7.66;34;4827.61;4829.32;-170.9;0.0;BULL NOISE;BUY;OFF;0.77;38.16;21.41;25.56;4827.95;4810.72;4803.07;4795.41;4787.75;4780.09
2026.04.08 11:15:00;XAUUSD;PERIOD_M5;LIVE;VALID;BUY;4817.23;2026.04.08 11:20:00;4808.54;-869.0;1;LOSS;NEXT_SIGNAL;2026.04.08 11:25:00;4808.56;-867.0;2;LOSS;REV;YES;;;;6.67;35;4815.65;4815.20;45.2;0.0;BULL;BUY;OFF;0.92;16.85;25.20;21.69;4808.89;4823.90;4830.57;4837.25;4843.92;4850.59
2026.04.08 11:20:00;XAUUSD;PERIOD_M5;LIVE;VALID;SELL;4808.54;2026.04.08 13:45:00;4794.08;1446.0;29;WIN;NEXT_SIGNAL;2026.04.08 13:50:00;4794.55;1399.0;30;WIN;REV;YES;;;;6.96;35;4814.07;4814.38;-31.1;0.0;BULL;BUY;OFF;0.92;16.44;21.84;28.81;4817.25;4801.58;4794.61;4787.65;4780.68;4773.72
2026.04.08 13:45:00;XAUUSD;PERIOD_M5;LIVE;VALID;BUY;4794.08;2026.04.08 14:35:00;4781.46;-1262.0;10;LOSS;NEXT_SIGNAL;2026.04.08 14:40:00;4781.54;-1254.0;11;LOSS;REV;YES;;;;7.39;35;4787.51;4786.39;111.9;0.0;BEAR;SELL;OFF;0.79;24.78;36.50;14.31;4784.84;4801.47;4808.87;4816.26;4823.66;4831.05
2026.04.08 14:35:00;XAUUSD;PERIOD_M5;LIVE;VALID;SELL;4781.46;2026.04.08 14:40:00;4791.66;-1020.0;1;LOSS;NEXT_SIGNAL;2026.04.08 14:45:00;4792.07;-1061.0;2;LOSS;REV;YES;;;;6.75;34;4785.48;4785.82;-34.2;0.0;BEAR;SELL;OFF;0.78;14.71;19.00;27.56;4789.90;4774.71;4767.95;4761.20;4754.44;4747.69
2026.04.08 14:40:00;XAUUSD;PERIOD_M5;LIVE;VALID;BUY;4791.66;2026.04.08 15:20:00;4774.21;-1745.0;8;LOSS;NEXT_SIGNAL;2026.04.08 15:25:00;4774.26;-1740.0;9;LOSS;REV;YES;;;;7.22;34;4786.86;4786.42;43.3;0.0;BEAR;SELL;OFF;0.79;12.81;23.67;23.88;4782.64;4798.88;4806.09;4813.31;4820.52;4827.74
2026.04.08 15:20:00;XAUUSD;PERIOD_M5;LIVE;VALID;SELL;4774.21;2026.04.08 15:40:00;4796.37;-2216.0;4;LOSS;NEXT_SIGNAL;2026.04.08 15:45:00;4796.70;-2249.0;5;LOSS;REV;YES;;;;9.69;35;4791.04;4791.75;-71.3;-14.0;BEAR;SELL;OFF;0.86;21.32;19.29;26.39;4786.33;4764.52;4754.83;4745.13;4735.44;4725.75
2026.04.08 15:40:00;XAUUSD;PERIOD_M5;LIVE;VALID;BUY;4796.37;2026.04.08 16:25:00;4789.18;-719.0;9;LOSS;NEXT_SIGNAL;2026.04.08 16:30:00;4789.26;-711.0;10;LOSS;REV;YES;;;;10.05;34;4792.48;4792.46;1.7;0.0;BEAR;SELL;OFF;0.85;21.81;26.88;14.89;4783.81;4806.42;4816.47;4826.52;4836.56;4846.61
2026.04.08 16:25:00;XAUUSD;PERIOD_M5;LIVE;VALID;SELL;4789.18;2026.04.08 18:35:00;4759.97;2921.0;26;WIN;NEXT_SIGNAL;2026.04.08 18:40:00;4760.29;2889.0;27;WIN;REV;YES;;;;8.75;35;4794.69;4795.12;-43.0;-14.0;BEAR;SELL;OFF;0.83;20.02;20.45;18.50;4800.12;4780.43;4771.68;4762.92;4754.17;4745.42
2026.04.08 18:35:00;XAUUSD;PERIOD_M5;LIVE;VALID;BUY;4759.97;2026.04.08 19:20:00;4751.22;-875.0;9;LOSS;NEXT_SIGNAL;2026.04.08 19:25:00;4751.24;-873.0;10;LOSS;REV;YES;;;;11.38;34;4754.29;4754.10;18.6;0.0;BEAR;SELL;OFF;0.90;32.36;20.04;16.97;4745.74;4771.35;4782.74;4794.12;4805.51;4816.89
2026.04.08 19:20:00;XAUUSD;PERIOD_M5;LIVE;VALID;SELL;4751.22;2026.04.08 19:35:00;4759.38;-816.0;3;LOSS;NEXT_SIGNAL;2026.04.08 19:40:00;4759.71;-849.0;4;LOSS;REV;YES;;;;6.70;34;4753.70;4753.96;-26.6;0.0;BEAR;SELL;OFF;0.93;21.05;10.88;22.69;4759.60;4744.52;4737.81;4731.11;4724.41;4717.70
2026.04.08 19:35:00;XAUUSD;PERIOD_M5;LIVE;VALID;BUY;4759.38;2026.04.08 20:20:00;4747.97;-1141.0;9;LOSS;NEXT_SIGNAL;2026.04.08 20:25:00;4747.98;-1140.0;10;LOSS;REV;YES;;;;6.42;34;4754.92;4754.84;8.1;14.0;BEAR;SELL;OFF;0.89;18.63;18.34;14.77;4751.36;4765.80;4772.22;4778.63;4785.05;4791.47
2026.04.08 20:20:00;XAUUSD;PERIOD_M5;LIVE;VALID;SELL;4747.97;2026.04.08 22:35:00;4724.69;2328.0;27;WIN;NEXT_SIGNAL;2026.04.08 22:40:00;4724.94;2303.0;28;WIN;REV;YES;;;;6.01;35;4756.38;4756.91;-53.3;-14.0;BEAR;SELL;OFF;0.90;19.26;19.38;28.18;4755.48;4741.96;4735.95;4729.94;4723.93;4717.92
2026.04.08 22:35:00;XAUUSD;PERIOD_M5;LIVE;VALID;BUY;4724.69;2026.04.08 23:40:00;4722.62;-207.0;13;LOSS;NEXT_SIGNAL;2026.04.08 23:45:03;4722.59;-210.0;14;LOSS;REV;YES;;;;7.95;35;4715.73;4714.39;134.4;0.0;BEAR NOISE;SELL;OFF;0.75;36.09;24.68;15.08;4714.75;4732.64;4740.59;4748.54;4756.49;4764.44
2026.04.08 23:40:00;XAUUSD;PERIOD_M5;LIVE;VALID;SELL;4722.62;2026.04.09 02:45:00;4717.85;477.0;25;WIN;NEXT_SIGNAL;2026.04.09 02:50:00;4718.25;437.0;26;WIN;REV;YES;;;;3.75;45;4723.59;4723.98;-39.1;0.0;BEAR;SELL;OFF;0.84;29.64;13.18;18.29;4727.30;4718.87;4715.13;4711.38;4707.63;4703.89
2026.04.09 02:45:00;XAUUSD;PERIOD_M5;LIVE;VALID;BUY;4717.85;2026.04.09 03:00:00;4705.03;-1282.0;3;LOSS;NEXT_SIGNAL;2026.04.09 03:05:00;4704.97;-1288.0;4;LOSS;REV;YES;;;;5.54;38;4713.61;4713.20;40.9;0.0;BEAR;SELL;OFF;0.77;20.90;28.97;16.28;4710.92;4723.39;4728.93;4734.47;4740.02;4745.56
2026.04.09 03:00:00;XAUUSD;PERIOD_M5;LIVE;VALID;SELL;4705.03;2026.04.09 03:35:00;4714.09;-906.0;7;LOSS;NEXT_SIGNAL;2026.04.09 03:40:00;4714.45;-942.0;8;LOSS;REV;YES;;;;5.91;39;4711.38;4712.31;-92.3;0.0;BEAR;SELL;OFF;0.82;20.46;21.83;29.36;4712.41;4699.12;4693.21;4687.31;4681.40;4675.49
2026.04.09 03:35:00;XAUUSD;PERIOD_M5;LIVE;VALID;BUY;4714.09;2026.04.09 05:55:00;4719.29;520.0;28;WIN;NEXT_SIGNAL;2026.04.09 06:00:00;4719.27;518.0;29;WIN;REV;YES;;;;5.61;34;4709.64;4709.32;32.3;0.0;BEAR NOISE;SELL;OFF;0.80;17.22;22.51;14.79;4707.07;4719.70;4725.32;4730.93;4736.55;4742.16
2026.04.09 05:55:00;XAUUSD;PERIOD_M5;LIVE;VALID;SELL;4719.29;2026.04.09 07:05:00;4720.75;-146.0;14;LOSS;NEXT_SIGNAL;2026.04.09 07:10:00;4721.13;-184.0;15;LOSS;REV;YES;;;;4.97;39;4724.40;4724.51;-11.7;0.0;BEAR;SELL;OFF;0.91;26.35;18.16;26.22;4725.50;4714.32;4709.35;4704.38;4699.41;4694.44
2026.04.09 07:05:00;XAUUSD;PERIOD_M5;LIVE;VALID;BUY;4720.75;2026.04.09 08:10:00;4713.63;-712.0;13;LOSS;NEXT_SIGNAL;2026.04.09 08:15:00;4713.62;-713.0;14;LOSS;REV;YES;;;;4.76;34;4715.21;4714.90;30.4;14.0;BEAR NOISE;SELL;OFF;0.82;22.51;25.64;16.98;4714.80;4725.51;4730.27;4735.03;4739.79;4744.55
2026.04.09 08:10:00;XAUUSD;PERIOD_M5;LIVE;VALID;SELL;4713.63;2026.04.09 08:20:00;4721.80;-817.0;2;LOSS;NEXT_SIGNAL;2026.04.09 08:25:00;4722.21;-858.0;3;LOSS;REV;YES;;;;3.88;39;4717.50;4718.03;-52.6;0.0;BEAR;SELL;OFF;0.83;20.11;16.87;38.29;4718.49;4709.74;4705.86;4701.98;4698.09;4694.21
2026.04.09 08:20:00;XAUUSD;PERIOD_M5;LIVE;VALID;BUY;4721.80;2026.04.09 08:45:00;4714.40;-740.0;5;LOSS;NEXT_SIGNAL;2026.04.09 08:50:00;4714.38;-742.0;6;LOSS;REV;YES;;;;4.04;39;4718.92;4718.73;19.6;0.0;BEAR NOISE;SELL;OFF;0.78;17.70;34.76;28.76;4716.74;4725.84;4729.89;4733.93;4737.98;4742.02
2026.04.09 08:45:00;XAUUSD;PERIOD_M5;LIVE;VALID;SELL;4714.40;2026.04.09 09:10:00;4719.67;-527.0;5;LOSS;NEXT_SIGNAL;2026.04.09 09:15:00;4719.98;-558.0;6;LOSS;REV;YES;;;;5.09;39;4719.14;4719.24;-10.5;0.0;BEAR;SELL;OFF;0.83;12.32;26.40;29.48;4720.76;4709.31;4704.22;4699.13;4694.04;4688.95
2026.04.09 09:10:00;XAUUSD;PERIOD_M5;LIVE;VALID;BUY;4719.67;2026.04.09 09:15:00;4716.87;-280.0;1;LOSS;NEXT_SIGNAL;2026.04.09 09:20:00;4716.90;-277.0;2;LOSS;REV;YES;;;;6.51;34;4718.68;4718.65;2.9;0.0;BEAR;SELL;OFF;0.91;12.15;27.14;23.94;4711.53;4726.18;4732.70;4739.21;4745.73;4752.24
2026.04.09 09:15:00;XAUUSD;PERIOD_M5;LIVE;VALID;SELL;4716.87;2026.04.09 10:05:00;4726.23;-936.0;10;LOSS;NEXT_SIGNAL;2026.04.09 10:10:00;4726.54;-967.0;11;LOSS;REV;YES;;;;6.52;34;4718.28;4718.45;-17.3;0.0;BEAR;SELL;OFF;0.95;10.66;23.52;23.98;4725.02;4710.35;4703.83;4697.31;4690.80;4684.28
2026.04.09 10:05:00;XAUUSD;PERIOD_M5;LIVE;VALID;BUY;4726.23;2026.04.09 10:25:00;4710.43;-1580.0;4;LOSS;NEXT_SIGNAL;2026.04.09 10:30:00;4710.42;-1581.0;5;LOSS;REV;YES;;;;7.08;35;4716.98;4716.40;58.9;14.0;BEAR NOISE;SELL;OFF;0.85;18.82;27.27;21.42;4717.39;4733.31;4740.38;4747.46;4754.53;4761.61
2026.04.09 10:25:00;XAUUSD;PERIOD_M5;LIVE;VALID;SELL;4710.43;2026.04.09 10:30:00;4720.19;-976.0;1;LOSS;NEXT_SIGNAL;2026.04.09 10:35:00;4720.48;-1005.0;2;LOSS;REV;YES;;;;7.55;35;4715.29;4715.92;-62.8;0.0;BEAR;SELL;OFF;0.82;20.23;17.30;35.23;4719.87;4702.88;4695.32;4687.77;4680.21;4672.66
2026.04.09 10:30:00;XAUUSD;PERIOD_M5;LIVE;VALID;BUY;4720.19;2026.04.09 12:50:00;4728.76;857.0;28;WIN;NEXT_SIGNAL;2026.04.09 12:55:00;4728.73;854.0;29;WIN;REV;YES;;;;7.92;35;4716.38;4716.30;7.9;0.0;BEAR;SELL;OFF;0.82;19.23;23.62;30.53;4710.29;4728.11;4736.04;4743.96;4751.88;4759.81
2026.04.09 12:50:00;XAUUSD;PERIOD_M5;LIVE;VALID;SELL;4728.76;2026.04.09 13:20:00;4737.92;-916.0;6;LOSS;NEXT_SIGNAL;2026.04.09 13:25:00;4738.29;-953.0;7;LOSS;REV;YES;;;;4.51;35;4728.78;4728.80;-1.9;0.0;BEAR;SELL;OFF;0.87;12.83;15.50;17.69;4734.40;4724.25;4719.74;4715.23;4710.72;4706.21
2026.04.09 13:20:00;XAUUSD;PERIOD_M5;LIVE;VALID;BUY;4737.92;2026.04.09 15:15:00;4737.14;-78.0;23;LOSS;NEXT_SIGNAL;2026.04.09 15:20:00;4737.22;-70.0;24;LOSS;REV;YES;;;;4.74;36;4730.67;4729.64;103.3;14.0;BEAR NOISE;SELL;OFF;0.82;12.41;24.29;13.62;4732.00;4742.66;4747.39;4752.13;4756.87;4761.60
2026.04.09 15:15:00;XAUUSD;PERIOD_M5;LIVE;VALID;SELL;4737.14;2026.04.09 16:05:00;4749.85;-1271.0;10;LOSS;NEXT_SIGNAL;2026.04.09 16:10:01;4750.22;-1308.0;11;LOSS;REV;YES;;;;5.15;35;4746.15;4747.28;-113.8;-14.0;BULL NOISE;BUY;OFF;0.89;39.36;15.83;32.60;4743.58;4731.99;4726.84;4721.69;4716.54;4711.39
2026.04.09 16:05:00;XAUUSD;PERIOD_M5;LIVE;VALID;BUY;4749.85;2026.04.09 17:30:00;4753.32;347.0;17;WIN;NEXT_SIGNAL;2026.04.09 17:35:00;4753.36;351.0;18;WIN;REV;YES;;;;6.43;34;4744.43;4744.36;7.4;0.0;BULL;BUY;OFF;0.84;20.77;27.11;18.57;4741.81;4756.28;4762.72;4769.15;4775.59;4782.02
2026.04.09 17:30:00;XAUUSD;PERIOD_M5;LIVE;VALID;SELL;4753.32;2026.04.09 18:10:00;4772.78;-1946.0;8;LOSS;NEXT_SIGNAL;2026.04.09 18:15:00;4773.19;-1987.0;9;LOSS;REV;YES;;;;9.83;35;4764.29;4764.80;-50.9;0.0;BULL NOISE;BUY;OFF;0.73;22.76;16.53;21.39;4765.61;4743.49;4733.65;4723.82;4713.99;4704.16
2026.04.09 18:10:00;XAUUSD;PERIOD_M5;LIVE;VALID;BUY;4772.78;2026.04.09 19:40:00;4787.18;1440.0;18;WIN;NEXT_SIGNAL;2026.04.09 19:45:00;4787.09;1431.0;19;WIN;REV;YES;;;;8.88;35;4765.45;4764.75;70.0;14.0;BULL;BUY;OFF;0.82;24.32;27.06;11.62;4761.68;4781.66;4790.54;4799.42;4808.29;4817.17
2026.04.09 19:40:00;XAUUSD;PERIOD_M5;LIVE;VALID;SELL;4787.18;2026.04.09 20:10:00;4794.14;-696.0;6;LOSS;NEXT_SIGNAL;2026.04.09 20:15:00;4794.52;-734.0;7;LOSS;REV;YES;;;;6.99;35;4790.22;4790.43;-20.2;0.0;BULL;BUY;OFF;0.83;31.04;15.49;20.80;4795.91;4780.19;4773.21;4766.22;4759.23;4752.24
2026.04.09 20:10:00;XAUUSD;PERIOD_M5;LIVE;VALID;BUY;4794.14;2026.04.09 21:05:00;4787.63;-651.0;11;LOSS;NEXT_SIGNAL;2026.04.09 21:10:00;4787.59;-655.0;12;LOSS;REV;YES;;;;5.06;35;4791.16;4790.93;23.2;0.0;BULL;BUY;OFF;0.77;22.43;19.58;10.94;4787.82;4799.20;4804.26;4809.32;4814.38;4819.44
2026.04.09 21:05:00;XAUUSD;PERIOD_M5;LIVE;VALID;SELL;4787.63;2026.04.10 02:55:00;4761.26;2637.0;58;WIN;NEXT_SIGNAL;2026.04.10 03:00:00;4761.33;2630.0;59;WIN;REV;YES;;;;5.96;35;4793.02;4793.57;-54.7;-14.0;BULL;BUY;OFF;0.79;23.62;12.74;20.27;4795.08;4781.67;4775.71;4769.76;4763.80;4757.84
2026.04.10 02:55:00;XAUUSD;PERIOD_M5;LIVE;VALID;BUY;4761.26;2026.04.10 03:00:00;4755.04;-622.0;1;LOSS;NEXT_SIGNAL;2026.04.10 03:05:00;4755.05;-621.0;2;LOSS;REV;YES;;;;3.56;39;4760.98;4760.86;11.7;0.0;BULL;BUY;OFF;0.87;23.55;20.16;12.78;4756.81;4764.82;4768.38;4771.94;4775.50;4779.06
2026.04.10 03:00:00;XAUUSD;PERIOD_M5;LIVE;VALID;SELL;4755.04;2026.04.10 03:55:00;4764.13;-909.0;11;LOSS;NEXT_SIGNAL;2026.04.10 04:00:00;4764.45;-941.0;12;LOSS;REV;YES;;;;3.83;39;4759.66;4760.25;-58.7;-14.0;BULL NOISE;BUY;OFF;0.86;22.58;17.47;24.29;4759.82;4751.21;4747.39;4743.56;4739.73;4735.91
2026.04.10 03:55:00;XAUUSD;PERIOD_M5;LIVE;VALID;BUY;4764.13;2026.04.10 05:00:00;4756.77;-736.0;13;LOSS;NEXT_SIGNAL;2026.04.10 05:05:00;4756.68;-745.0;14;LOSS;REV;YES;;;;5.12;39;4758.81;4758.09;72.2;14.0;BULL;BUY;OFF;0.82;18.10;27.81;13.21;4757.73;4769.25;4774.36;4779.48;4784.60;4789.71
2026.04.10 05:00:00;XAUUSD;PERIOD_M5;LIVE;VALID;SELL;4756.77;2026.04.10 06:05:00;4757.93;-116.0;13;LOSS;NEXT_SIGNAL;2026.04.10 06:10:00;4758.32;-155.0;14;LOSS;REV;YES;;;;7.24;39;4763.26;4763.40;-14.8;0.0;BULL NOISE;BUY;OFF;0.88;29.86;17.70;21.56;4765.82;4749.53;4742.29;4735.05;4727.82;4720.58
2026.04.10 06:05:00;XAUUSD;PERIOD_M5;LIVE;VALID;BUY;4757.93;2026.04.10 07:40:00;4762.39;446.0;19;WIN;NEXT_SIGNAL;2026.04.10 07:45:00;4762.37;444.0;20;WIN;REV;YES;;;;5.58;34;4753.06;4752.46;60.4;0.0;BULL;BUY;OFF;0.83;27.12;31.44;12.82;4750.95;4763.51;4769.10;4774.68;4780.26;4785.85
2026.04.10 07:40:00;XAUUSD;PERIOD_M5;LIVE;VALID;SELL;4762.39;2026.04.10 08:35:00;4764.26;-187.0;11;LOSS;NEXT_SIGNAL;2026.04.10 08:40:01;4764.69;-230.0;12;LOSS;REV;YES;;;;3.08;34;4764.34;4764.78;-44.3;0.0;BULL;BUY;OFF;0.87;25.42;15.76;27.61;4766.24;4759.31;4756.24;4753.16;4750.08;4747.00
2026.04.10 08:35:00;XAUUSD;PERIOD_M5;LIVE;VALID;BUY;4764.26;2026.04.10 09:05:00;4760.04;-422.0;6;LOSS;NEXT_SIGNAL;2026.04.10 09:10:00;4760.05;-421.0;7;LOSS;REV;YES;;;;3.49;39;4762.62;4762.51;11.1;0.0;BULL;BUY;OFF;0.83;18.82;24.07;15.87;4759.89;4767.75;4771.25;4774.74;4778.23;4781.72
2026.04.10 09:05:00;XAUUSD;PERIOD_M5;LIVE;VALID;SELL;4760.04;2026.04.10 10:25:00;4753.04;700.0;16;WIN;NEXT_SIGNAL;2026.04.10 10:30:00;4753.39;665.0;17;WIN;REV;YES;;;;4.24;34;4762.68;4762.81;-13.3;0.0;BULL NOISE;BUY;OFF;0.77;13.36;15.94;20.76;4765.34;4755.80;4751.56;4747.32;4743.08;4738.84
2026.04.10 10:25:00;XAUUSD;PERIOD_M5;LIVE;VALID;BUY;4753.04;2026.04.10 11:00:00;4748.66;-438.0;7;LOSS;NEXT_SIGNAL;2026.04.10 11:05:00;4748.64;-440.0;8;LOSS;REV;YES;;;;5.59;34;4751.80;4751.78;2.8;0.0;BULL;BUY;OFF;0.87;20.75;18.64;15.38;4746.05;4758.63;4764.22;4769.81;4775.40;4780.99
2026.04.10 11:00:00;XAUUSD;PERIOD_M5;LIVE;VALID;SELL;4748.66;2026.04.10 12:15:00;4755.75;-709.0;15;LOSS;NEXT_SIGNAL;2026.04.10 12:20:00;4756.31;-765.0;16;LOSS;REV;YES;;;;4.73;35;4751.49;4751.67;-18.2;0.0;BULL;BUY;OFF;0.84;22.73;12.57;25.21;4754.57;4743.93;4739.20;4734.47;4729.73;4725.00
2026.04.10 12:15:00;XAUUSD;PERIOD_M5;LIVE;VALID;BUY;4755.75;2026.04.10 16:35:00;4771.58;1583.0;52;WIN;NEXT_SIGNAL;2026.04.10 16:40:00;4771.57;1582.0;53;WIN;REV;YES;;;;6.51;35;4746.12;4745.43;69.8;26.6;BEAR NOISE;SELL;OFF;0.85;22.00;31.17;15.39;4747.62;4762.26;4768.76;4775.27;4781.77;4788.27
2026.04.10 16:35:00;XAUUSD;PERIOD_M5;LIVE;VALID;SELL;4771.58;2026.04.10 16:50:00;4774.79;-321.0;3;LOSS;NEXT_SIGNAL;2026.04.10 16:55:00;4775.16;-358.0;4;LOSS;REV;YES;;;;8.09;35;4771.64;4771.65;-1.5;0.0;BULL;BUY;OFF;0.85;22.53;16.37;16.23;4781.69;4763.49;4755.41;4747.32;4739.23;4731.14
2026.04.10 16:50:00;XAUUSD;PERIOD_M5;LIVE;VALID;BUY;4774.79;2026.04.10 17:50:00;4773.93;-86.0;12;LOSS;NEXT_SIGNAL;2026.04.10 17:55:00;4773.85;-94.0;13;LOSS;REV;YES;;;;7.77;34;4772.13;4772.02;11.0;0.0;BULL;BUY;OFF;0.92;17.12;15.52;11.64;4765.07;4782.56;4790.33;4798.11;4805.88;4813.65
2026.04.10 17:50:00;XAUUSD;PERIOD_M5;LIVE;VALID;SELL;4773.93;2026.04.10 18:20:00;4785.34;-1141.0;6;LOSS;NEXT_SIGNAL;2026.04.10 18:25:00;4785.70;-1177.0;7;LOSS;REV;YES;;;;9.13;35;4779.97;4780.33;-36.3;0.0;BULL;BUY;OFF;0.95;25.07;12.53;16.35;4785.34;4764.80;4755.67;4746.54;4737.41;4728.28
2026.04.10 18:20:00;XAUUSD;PERIOD_M5;LIVE;VALID;BUY;4785.34;2026.04.10 18:25:00;4777.79;-755.0;1;LOSS;NEXT_SIGNAL;2026.04.10 18:30:00;4777.88;-746.0;2;LOSS;REV;YES;;;;7.91;34;4781.16;4781.06;10.2;14.0;BULL;BUY;OFF;0.89;24.22;20.74;9.83;4775.45;4793.25;4801.17;4809.08;4816.99;4824.90
2026.04.10 18:25:00;XAUUSD;PERIOD_M5;LIVE;VALID;SELL;4777.79;2026.04.10 19:55:00;4761.96;1583.0;18;WIN;NEXT_SIGNAL;2026.04.10 20:00:00;4762.28;1551.0;19;WIN;REV;YES;;;;7.96;35;4780.41;4780.80;-39.4;0.0;BULL;BUY;OFF;0.83;21.07;17.97;18.19;4787.74;4769.83;4761.88;4753.92;4745.96;4738.01
2026.04.10 19:55:00;XAUUSD;PERIOD_M5;LIVE;VALID;BUY;4761.96;2026.04.10 20:40:00;4759.59;-237.0;9;LOSS;NEXT_SIGNAL;2026.04.10 20:45:00;4759.64;-232.0;10;LOSS;REV;YES;;;;6.52;35;4761.74;4761.49;25.1;-14.0;BULL;BUY;OFF;0.85;18.90;18.12;17.47;4753.81;4768.48;4775.00;4781.52;4788.04;4794.56
2026.04.10 20:40:00;XAUUSD;PERIOD_M5;LIVE;VALID;SELL;4759.59;2026.04.10 20:45:00;4764.57;-498.0;1;LOSS;NEXT_SIGNAL;2026.04.10 20:50:00;4764.92;-533.0;2;LOSS;REV;YES;;;;5.53;35;4761.54;4761.80;-25.4;0.0;BULL;BUY;OFF;0.94;12.86;10.61;13.98;4766.50;4754.06;4748.53;4743.00;4737.47;4731.94
2026.04.10 20:45:00;XAUUSD;PERIOD_M5;LIVE;VALID;BUY;4764.57;2026.04.10 20:50:00;4760.46;-411.0;1;LOSS;NEXT_SIGNAL;2026.04.10 20:55:00;4760.47;-410.0;2;LOSS;REV;YES;;;;5.57;34;4762.21;4762.10;11.0;14.0;BULL;BUY;OFF;0.94;13.49;17.29;12.12;4757.60;4770.14;4775.72;4781.29;4786.87;4792.44
2026.04.10 20:50:00;XAUUSD;PERIOD_M5;LIVE;VALID;SELL;4760.46;2026.04.10 21:15:00;4767.56;-710.0;5;LOSS;NEXT_SIGNAL;2026.04.10 21:20:00;4768.09;-763.0;6;LOSS;REV;YES;;;;5.47;34;4761.82;4761.99;-16.8;-14.0;BULL;BUY;OFF;0.93;14.45;15.98;10.50;4767.30;4754.99;4749.52;4744.05;4738.57;4733.10
2026.04.10 21:15:00;XAUUSD;PERIOD_M5;LIVE;VALID;BUY;4767.56;2026.04.10 22:25:00;4762.04;-552.0;14;LOSS;NEXT_SIGNAL;2026.04.10 22:30:00;4762.11;-545.0;15;LOSS;REV;YES;;;;6.03;34;4761.67;4761.40;27.3;14.0;BULL;BUY;OFF;0.92;16.93;23.15;15.93;4760.02;4773.59;4779.63;4785.66;4791.69;4797.73
2026.04.10 22:25:00;XAUUSD;PERIOD_M5;LIVE;VALID;SELL;4762.04;2026.04.13 02:40:00;4656.17;10587.0;39;WIN;NEXT_SIGNAL;2026.04.13 02:45:00;4656.31;10573.0;40;WIN;REV;YES;;;;4.08;35;4766.03;4766.25;-22.4;0.0;BULL;BUY;OFF;0.66;15.49;15.99;19.81;4767.14;4757.96;4753.87;4749.79;4745.71;4741.63
2026.04.13 02:40:00;XAUUSD;PERIOD_M5;LIVE;VALID;BUY;4656.17;2026.04.13 05:40:00;4715.01;5884.0;36;WIN;NEXT_SIGNAL;2026.04.13 05:45:00;4715.00;5883.0;37;WIN;REV;YES;;;;6.80;39;4655.94;4655.88;6.4;0.0;BEAR;SELL;OFF;0.87;31.68;17.30;14.98;4647.66;4662.97;4669.78;4676.58;4683.39;4690.19
2026.04.13 05:40:00;XAUUSD;PERIOD_M5;LIVE;VALID;SELL;4715.01;2026.04.13 06:30:00;4721.46;-645.0;10;LOSS;NEXT_SIGNAL;2026.04.13 06:35:00;4721.88;-687.0;11;LOSS;REV;YES;;;;6.36;34;4718.94;4719.61;-66.9;0.0;BULL;BUY;OFF;0.89;38.96;16.78;13.62;4722.97;4708.65;4702.28;4695.92;4689.55;4683.19
2026.04.13 06:30:00;XAUUSD;PERIOD_M5;LIVE;VALID;BUY;4721.46;2026.04.13 07:05:00;4712.52;-894.0;7;LOSS;NEXT_SIGNAL;2026.04.13 07:10:00;4712.47;-899.0;8;LOSS;REV;YES;;;;5.23;39;4717.79;4717.64;15.5;14.0;BULL;BUY;OFF;0.97;21.62;25.71;14.77;4714.92;4726.69;4731.93;4737.16;4742.39;4747.63
2026.04.13 07:05:00;XAUUSD;PERIOD_M5;LIVE;VALID;SELL;4712.52;2026.04.13 07:50:00;4723.21;-1069.0;9;LOSS;NEXT_SIGNAL;2026.04.13 07:55:00;4723.59;-1107.0;10;LOSS;REV;YES;;;;4.29;39;4716.72;4717.33;-61.8;-14.0;BULL NOISE;BUY;OFF;0.90;22.81;12.15;28.90;4717.88;4708.23;4703.94;4699.65;4695.36;4691.07
2026.04.13 07:50:00;XAUUSD;PERIOD_M5;LIVE;VALID;BUY;4723.21;2026.04.13 09:50:00;4724.84;163.0;24;WIN;NEXT_SIGNAL;2026.04.13 09:55:00;4724.88;167.0;25;WIN;REV;YES;;;;4.38;39;4717.26;4716.33;92.8;0.0;BULL;BUY;OFF;0.85;22.60;28.03;14.77;4717.73;4727.59;4731.97;4736.35;4740.73;4745.11
2026.04.13 09:50:00;XAUUSD;PERIOD_M5;LIVE;VALID;SELL;4724.84;2026.04.13 10:00:00;4737.53;-1269.0;2;LOSS;NEXT_SIGNAL;2026.04.13 10:05:00;4737.87;-1303.0;3;LOSS;REV;YES;;;;5.04;34;4725.72;4725.88;-15.5;0.0;BULL;BUY;OFF;0.77;34.79;13.05;18.91;4731.14;4719.80;4714.77;4709.73;4704.69;4699.66
2026.04.13 10:00:00;XAUUSD;PERIOD_M5;LIVE;VALID;BUY;4737.53;2026.04.13 11:30:00;4732.61;-492.0;18;LOSS;NEXT_SIGNAL;2026.04.13 11:35:00;4732.67;-486.0;19;LOSS;REV;YES;;;;5.57;35;4728.51;4727.29;121.9;14.0;BULL;BUY;OFF;0.77;30.25;26.13;14.20;4730.56;4743.10;4748.68;4754.25;4759.83;4765.40
2026.04.13 11:30:00;XAUUSD;PERIOD_M5;LIVE;VALID;SELL;4732.61;2026.04.13 13:40:00;4717.72;1489.0;26;WIN;NEXT_SIGNAL;2026.04.13 13:45:00;4718.01;1460.0;27;WIN;REV;YES;;;;4.75;34;4732.75;4732.85;-9.8;0.0;BULL;BUY;OFF;0.94;14.04;18.93;15.51;4738.55;4727.86;4723.11;4718.36;4713.61;4708.86
2026.04.13 13:40:00;XAUUSD;PERIOD_M5;LIVE;VALID;BUY;4717.72;2026.04.13 14:35:00;4712.69;-503.0;11;LOSS;NEXT_SIGNAL;2026.04.13 14:40:00;4712.72;-500.0;12;LOSS;REV;YES;;;;4.20;34;4715.88;4715.53;35.5;0.0;BULL;BUY;OFF;0.80;28.10;19.35;14.47;4712.47;4721.92;4726.12;4730.32;4734.53;4738.73
2026.04.13 14:35:00;XAUUSD;PERIOD_M5;LIVE;VALID;SELL;4712.69;2026.04.13 15:40:00;4715.50;-281.0;13;LOSS;NEXT_SIGNAL;2026.04.13 15:45:00;4715.82;-313.0;14;LOSS;REV;YES;;;;4.64;35;4718.61;4719.26;-64.8;0.0;BULL NOISE;BUY;OFF;0.83;26.69;16.85;24.15;4718.49;4708.05;4703.42;4698.78;4694.14;4689.50
2026.04.13 15:40:00;XAUUSD;PERIOD_M5;LIVE;VALID;BUY;4715.50;2026.04.13 17:00:00;4724.65;915.0;16;WIN;NEXT_SIGNAL;2026.04.13 17:05:00;4724.64;914.0;17;WIN;REV;YES;;;;6.89;34;4713.10;4712.85;24.8;14.0;BULL;BUY;OFF;0.77;16.37;19.74;19.38;4706.89;4722.39;4729.28;4736.17;4743.05;4749.94
2026.04.13 17:00:00;XAUUSD;PERIOD_M5;LIVE;VALID;SELL;4724.65;2026.04.13 18:45:00;4714.88;977.0;21;WIN;NEXT_SIGNAL;2026.04.13 18:50:00;4715.20;945.0;22;WIN;REV;YES;;;;9.02;35;4729.28;4729.35;-6.7;0.0;BULL NOISE;BUY;OFF;0.88;29.13;17.59;12.75;4735.92;4715.63;4706.62;4697.60;4688.58;4679.57
2026.04.13 18:45:00;XAUUSD;PERIOD_M5;LIVE;VALID;BUY;4714.88;2026.04.13 20:50:00;4729.86;1498.0;25;WIN;NEXT_SIGNAL;2026.04.13 20:55:00;4729.93;1505.0;26;WIN;REV;YES;;;;7.11;34;4711.44;4711.34;9.8;0.0;BULL;BUY;OFF;0.88;24.49;19.59;14.80;4705.99;4721.99;4729.11;4736.22;4743.34;4750.45
2026.04.13 20:50:00;XAUUSD;PERIOD_M5;LIVE;VALID;SELL;4729.86;2026.04.13 21:50:00;4740.35;-1049.0;12;LOSS;NEXT_SIGNAL;2026.04.13 21:55:00;4740.75;-1089.0;13;LOSS;REV;YES;;;;7.50;35;4738.59;4738.62;-2.8;0.0;BULL NOISE;BUY;OFF;0.91;35.43;14.14;26.60;4739.23;4722.36;4714.87;4707.37;4699.87;4692.38
2026.04.13 21:50:00;XAUUSD;PERIOD_M5;LIVE;VALID;BUY;4740.35;2026.04.13 23:25:00;4738.78;-157.0;19;LOSS;NEXT_SIGNAL;2026.04.13 23:30:00;4738.76;-159.0;20;LOSS;REV;YES;;;;5.20;35;4734.30;4733.49;80.5;14.0;BULL;BUY;OFF;0.87;27.59;31.01;11.52;4733.85;4745.55;4750.76;4755.96;4761.16;4766.37
2026.04.13 23:25:00;XAUUSD;PERIOD_M5;LIVE;VALID;SELL;4738.78;2026.04.14 08:55:00;4762.90;-2412.0;7;LOSS;NEXT_SIGNAL;2026.04.14 09:00:00;4762.81;-2403.0;8;LOSS;REV;YES;;;;3.42;45;4741.14;4741.38;-23.8;0.0;BULL;BUY;OFF;0.88;22.97;19.76;24.46;4743.05;4735.36;4731.94;4728.53;4725.11;4721.69
2026.04.14 08:55:00;XAUUSD;PERIOD_M5;LIVE;VALID;BUY;4762.90;2026.04.14 10:40:00;4777.86;1496.0;21;WIN;NEXT_SIGNAL;2026.04.14 10:45:00;4778.00;1510.0;22;WIN;REV;YES;;;;3.85;35;4745.58;4743.01;257.6;26.6;BULL;BUY;OFF;0.89;19.55;30.01;10.64;4758.09;4766.75;4770.60;4774.45;4778.30;4782.15
2026.04.14 10:40:00;XAUUSD;PERIOD_M5;LIVE;VALID;SELL;4777.86;2026.04.14 11:20:00;4779.27;-141.0;8;LOSS;NEXT_SIGNAL;2026.04.14 11:25:00;4779.64;-178.0;9;LOSS;REV;YES;;;;6.74;34;4777.51;4777.52;-1.4;14.0;BULL;BUY;OFF;0.88;41.24;29.07;15.68;4786.28;4771.12;4764.38;4757.64;4750.91;4744.17
2026.04.14 11:20:00;XAUUSD;PERIOD_M5;LIVE;VALID;BUY;4779.27;2026.04.14 12:25:00;4778.09;-118.0;13;LOSS;NEXT_SIGNAL;2026.04.14 12:30:00;4778.11;-116.0;14;LOSS;REV;YES;;;;5.72;35;4778.64;4778.62;2.6;0.0;BULL;BUY;OFF;0.85;32.51;20.57;13.64;4772.11;4784.99;4790.72;4796.44;4802.17;4807.89
2026.04.14 12:25:00;XAUUSD;PERIOD_M5;LIVE;VALID;SELL;4778.09;2026.04.14 13:15:00;4787.13;-904.0;10;LOSS;NEXT_SIGNAL;2026.04.14 13:20:00;4787.48;-939.0;11;LOSS;REV;YES;;;;4.86;35;4783.67;4784.08;-41.3;0.0;BULL NOISE;BUY;OFF;0.84;16.93;16.31;21.66;4784.17;4773.23;4768.36;4763.50;4758.63;4753.77
2026.04.14 13:15:00;XAUUSD;PERIOD_M5;LIVE;VALID;BUY;4787.13;2026.04.14 13:35:00;4763.70;-2343.0;4;LOSS;NEXT_SIGNAL;2026.04.14 13:40:00;4763.71;-2342.0;5;LOSS;REV;YES;;;;4.92;34;4782.12;4781.35;77.0;14.0;BULL;BUY;OFF;0.83;21.58;22.41;11.06;4780.98;4792.05;4796.97;4801.88;4806.80;4811.72
2026.04.14 13:35:00;XAUUSD;PERIOD_M5;LIVE;VALID;SELL;4763.70;2026.04.14 14:20:00;4778.75;-1505.0;9;LOSS;NEXT_SIGNAL;2026.04.14 14:25:00;4779.11;-1541.0;10;LOSS;REV;YES;;;;6.47;35;4778.61;4780.00;-139.2;-14.0;BEAR;SELL;OFF;0.84;20.56;13.62;24.37;4771.79;4757.23;4750.76;4744.29;4737.82;4731.35
2026.04.14 14:20:00;XAUUSD;PERIOD_M5;LIVE;VALID;BUY;4778.75;2026.04.14 15:10:00;4769.97;-878.0;10;LOSS;NEXT_SIGNAL;2026.04.14 15:15:00;4769.95;-880.0;11;LOSS;REV;YES;;;;6.30;35;4775.53;4775.47;6.6;14.0;BEAR NOISE;SELL;OFF;0.87;25.94;28.75;10.13;4770.88;4785.05;4791.35;4797.64;4803.94;4810.24
2026.04.14 15:10:00;XAUUSD;PERIOD_M5;LIVE;VALID;SELL;4769.97;2026.04.14 16:00:00;4776.93;-696.0;10;LOSS;NEXT_SIGNAL;2026.04.14 16:05:00;4777.27;-730.0;11;LOSS;REV;YES;;;;4.91;34;4773.80;4774.39;-59.5;-14.0;BEAR;SELL;OFF;0.82;23.66;18.04;21.31;4776.11;4765.06;4760.15;4755.24;4750.34;4745.43
2026.04.14 16:00:00;XAUUSD;PERIOD_M5;LIVE;VALID;BUY;4776.93;2026.04.14 18:00:00;4795.50;1857.0;24;WIN;NEXT_SIGNAL;2026.04.14 18:05:00;4795.55;1862.0;25;WIN;REV;YES;;;;7.34;35;4772.46;4772.19;27.5;0.0;BEAR NOISE;SELL;OFF;0.84;15.82;18.10;15.90;4767.75;4784.27;4791.61;4798.95;4806.29;4813.63
2026.04.14 18:00:00;XAUUSD;PERIOD_M5;LIVE;VALID;SELL;4795.50;2026.04.14 18:25:00;4805.13;-963.0;5;LOSS;NEXT_SIGNAL;2026.04.14 18:30:00;4805.46;-996.0;6;LOSS;REV;YES;;;;8.49;36;4800.38;4800.47;-9.7;-14.0;BEAR;SELL;OFF;0.85;31.12;24.13;22.42;4806.12;4787.01;4778.51;4770.02;4761.53;4753.04
2026.04.14 18:25:00;XAUUSD;PERIOD_M5;LIVE;VALID;BUY;4805.13;2026.04.14 21:40:00;4834.30;2917.0;39;WIN;NEXT_SIGNAL;2026.04.14 21:45:00;4834.32;2919.0;40;WIN;REV;YES;;;;7.68;34;4800.64;4800.55;9.4;0.0;BEAR;SELL;OFF;0.85;23.32;24.70;15.29;4795.53;4812.81;4820.49;4828.17;4835.85;4843.53
2026.04.14 21:40:00;XAUUSD;PERIOD_M5;LIVE;VALID;SELL;4834.30;2026.04.14 22:00:00;4841.14;-684.0;4;LOSS;NEXT_SIGNAL;2026.04.14 22:05:00;4841.43;-713.0;5;LOSS;REV;YES;;;;4.55;34;4836.31;4836.38;-6.7;0.0;BULL;BUY;OFF;0.89;19.75;16.53;18.52;4839.99;4829.75;4825.19;4820.64;4816.09;4811.53
2026.04.14 22:00:00;XAUUSD;PERIOD_M5;LIVE;VALID;BUY;4841.14;2026.04.14 23:25:00;4840.45;-69.0;17;LOSS;NEXT_SIGNAL;2026.04.14 23:30:00;4840.50;-64.0;18;LOSS;REV;YES;;;;4.02;34;4836.78;4836.73;5.3;14.0;BULL;BUY;OFF;0.86;20.05;32.28;19.59;4836.12;4845.16;4849.17;4853.19;4857.21;4861.23
2026.04.14 23:25:00;XAUUSD;PERIOD_M5;LIVE;VALID;SELL;4840.45;2026.04.15 01:00:00;4849.52;-907.0;7;LOSS;NEXT_SIGNAL;2026.04.15 01:05:00;4849.50;-905.0;8;LOSS;REV;YES;;;;3.04;45;4841.63;4841.81;-18.2;0.0;BULL;BUY;OFF;0.78;21.80;9.50;13.59;4844.25;4837.41;4834.36;4831.32;4828.28;4825.23
2026.04.15 01:00:00;XAUUSD;PERIOD_M5;LIVE;VALID;BUY;4849.52;2026.04.15 01:25:00;4838.84;-1068.0;5;LOSS;NEXT_SIGNAL;2026.04.15 01:30:00;4838.86;-1066.0;6;LOSS;REV;YES;;;;3.12;45;4843.17;4842.36;81.3;14.0;BULL;BUY;OFF;0.83;18.48;19.13;9.82;4845.62;4852.64;4855.76;4858.88;4862.00;4865.12
2026.04.15 01:25:00;XAUUSD;PERIOD_M5;LIVE;VALID;SELL;4838.84;2026.04.15 02:35:00;4841.60;-276.0;14;LOSS;NEXT_SIGNAL;2026.04.15 02:40:00;4841.96;-312.0;15;LOSS;REV;YES;;;;4.01;39;4841.95;4842.31;-35.7;0.0;BULL NOISE;BUY;OFF;0.88;19.68;10.94;16.38;4843.85;4834.83;4830.82;4826.81;4822.80;4818.79
2026.04.15 02:35:00;XAUUSD;PERIOD_M5;LIVE;VALID;BUY;4841.60;2026.04.15 03:00:00;4837.60;-400.0;5;LOSS;NEXT_SIGNAL;2026.04.15 03:05:00;4837.58;-402.0;6;LOSS;REV;YES;;;;3.92;39;4839.01;4838.62;39.0;0.0;BULL;BUY;OFF;0.83;18.42;18.14;17.26;4836.70;4845.52;4849.44;4853.36;4857.29;4861.21
2026.04.15 03:00:00;XAUUSD;PERIOD_M5;LIVE;VALID;SELL;4837.60;2026.04.15 04:05:00;4840.30;-270.0;13;LOSS;NEXT_SIGNAL;2026.04.15 04:10:00;4840.58;-298.0;14;LOSS;REV;YES;;;;4.46;39;4838.59;4838.60;-1.2;0.0;BULL;BUY;OFF;0.80;22.50;10.97;28.04;4843.17;4833.14;4828.69;4824.23;4819.78;4815.32
2026.04.15 04:05:00;XAUUSD;PERIOD_M5;LIVE;VALID;BUY;4840.30;2026.04.15 05:15:00;4843.12;282.0;14;WIN;NEXT_SIGNAL;2026.04.15 05:20:00;4843.13;283.0;15;WIN;REV;YES;;;;5.24;39;4834.87;4834.11;75.8;14.0;BULL;BUY;OFF;0.82;24.80;21.53;16.00;4833.75;4845.54;4850.78;4856.02;4861.26;4866.50
2026.04.15 05:15:00;XAUUSD;PERIOD_M5;LIVE;VALID;SELL;4843.12;2026.04.15 06:40:00;4828.07;1505.0;17;WIN;NEXT_SIGNAL;2026.04.15 06:45:02;4828.44;1468.0;18;WIN;REV;YES;;;;8.70;36;4845.95;4846.04;-9.6;0.0;BULL;BUY;OFF;0.85;25.96;19.66;21.28;4854.00;4834.42;4825.72;4817.02;4808.31;4799.61
2026.04.15 06:40:00;XAUUSD;PERIOD_M5;LIVE;VALID;BUY;4828.07;2026.04.15 07:00:00;4822.16;-591.0;4;LOSS;NEXT_SIGNAL;2026.04.15 07:05:02;4822.25;-582.0;5;LOSS;REV;YES;;;;5.08;39;4826.34;4826.10;24.6;0.0;BULL;BUY;OFF;0.83;26.22;14.72;13.32;4821.72;4833.15;4838.23;4843.31;4848.39;4853.47
2026.04.15 07:00:00;XAUUSD;PERIOD_M5;LIVE;VALID;SELL;4822.16;2026.04.15 07:10:00;4826.11;-395.0;2;LOSS;NEXT_SIGNAL;2026.04.15 07:15:00;4826.49;-433.0;3;LOSS;REV;YES;;;;4.19;39;4824.92;4824.94;-2.6;-14.0;BULL;BUY;OFF;0.87;25.15;10.56;26.55;4827.39;4817.97;4813.78;4809.60;4805.41;4801.22
2026.04.15 07:10:00;XAUUSD;PERIOD_M5;LIVE;VALID;BUY;4826.11;2026.04.15 07:15:00;4822.84;-327.0;1;LOSS;NEXT_SIGNAL;2026.04.15 07:20:07;4822.86;-325.0;2;LOSS;REV;YES;;;;3.70;34;4825.12;4824.97;14.8;14.0;BULL;BUY;OFF;0.83;23.43;24.19;19.94;4821.49;4829.81;4833.51;4837.21;4840.90;4844.60
2026.04.15 07:15:00;XAUUSD;PERIOD_M5;LIVE;VALID;SELL;4822.84;2026.04.15 07:30:00;4826.50;-366.0;3;LOSS;NEXT_SIGNAL;2026.04.15 07:35:00;4826.82;-398.0;4;LOSS;REV;YES;;;;3.70;34;4824.61;4824.77;-15.3;-14.0;BULL;BUY;OFF;0.83;21.25;20.97;24.15;4827.47;4819.14;4815.44;4811.74;4808.04;4804.34
2026.04.15 07:30:00;XAUUSD;PERIOD_M5;LIVE;VALID;BUY;4826.50;2026.04.15 07:35:00;4824.63;-187.0;1;LOSS;NEXT_SIGNAL;2026.04.15 07:40:00;4824.62;-188.0;2;LOSS;REV;YES;;;;3.30;34;4824.91;4824.86;4.4;0.0;BULL;BUY;OFF;0.87;18.08;24.89;19.67;4822.38;4829.80;4833.10;4836.40;4839.69;4842.99
2026.04.15 07:35:00;XAUUSD;PERIOD_M5;LIVE;VALID;SELL;4824.63;2026.04.15 07:55:00;4827.05;-242.0;4;LOSS;NEXT_SIGNAL;2026.04.15 08:00:00;4827.62;-299.0;5;LOSS;REV;YES;;;;3.15;39;4824.85;4824.88;-3.9;0.0;BULL;BUY;OFF;0.86;18.02;24.34;17.05;4828.57;4821.48;4818.33;4815.18;4812.03;4808.88
2026.04.15 07:55:00;XAUUSD;PERIOD_M5;LIVE;VALID;BUY;4827.05;2026.04.15 08:35:00;4818.29;-876.0;8;LOSS;NEXT_SIGNAL;2026.04.15 08:40:00;4818.71;-834.0;9;LOSS;REV;YES;;;;3.30;39;4825.01;4824.88;12.6;0.0;BULL;BUY;OFF;0.79;14.01;21.44;17.70;4822.93;4830.35;4833.65;4836.95;4840.24;4843.54
2026.04.15 08:35:00;XAUUSD;PERIOD_M5;LIVE;VALID;SELL;4818.29;2026.04.15 11:20:00;4812.58;571.0;33;WIN;NEXT_SIGNAL;2026.04.15 11:25:00;4812.76;553.0;34;WIN;REV;YES;;;;4.72;39;4823.95;4824.77;-82.5;-14.0;BULL NOISE;BUY;OFF;0.71;13.03;12.48;23.18;4824.19;4813.57;4808.86;4804.14;4799.42;4794.71
2026.04.15 11:20:00;XAUUSD;PERIOD_M5;LIVE;VALID;BUY;4812.58;2026.04.15 11:25:00;4809.27;-331.0;1;LOSS;NEXT_SIGNAL;2026.04.15 11:30:00;4809.28;-330.0;2;LOSS;REV;YES;;;;4.96;34;4811.09;4810.98;10.9;0.0;BULL;BUY;OFF;0.86;22.98;13.01;23.03;4806.38;4817.54;4822.50;4827.47;4832.43;4837.39
2026.04.15 11:25:00;XAUUSD;PERIOD_M5;LIVE;VALID;SELL;4809.27;2026.04.15 11:45:00;4811.67;-240.0;4;LOSS;NEXT_SIGNAL;2026.04.15 11:50:00;4811.99;-272.0;5;LOSS;REV;YES;;;;5.13;34;4810.68;4810.76;-7.1;0.0;BULL;BUY;OFF;0.86;24.62;11.27;23.57;4815.68;4804.14;4799.01;4793.89;4788.76;4783.63
2026.04.15 11:45:00;XAUUSD;PERIOD_M5;LIVE;VALID;BUY;4811.67;2026.04.15 12:10:00;4805.12;-655.0;5;LOSS;NEXT_SIGNAL;2026.04.15 12:15:00;4805.11;-656.0;6;LOSS;REV;YES;;;;4.85;34;4810.73;4810.62;11.0;0.0;BULL;BUY;OFF;0.92;24.28;10.67;14.01;4805.61;4816.52;4821.37;4826.22;4831.07;4835.92
2026.04.15 12:10:00;XAUUSD;PERIOD_M5;LIVE;VALID;SELL;4805.12;2026.04.15 13:45:00;4800.32;480.0;19;WIN;NEXT_SIGNAL;2026.04.15 13:50:00;4800.80;432.0;20;WIN;REV;YES;;;;6.41;34;4810.33;4810.94;-60.5;-14.0;BULL NOISE;BUY;OFF;0.91;23.53;17.67;28.49;4813.13;4798.71;4792.30;4785.89;4779.47;4773.06
2026.04.15 13:45:00;XAUUSD;PERIOD_M5;LIVE;VALID;BUY;4800.32;2026.04.15 17:35:00;4818.89;1857.0;46;WIN;NEXT_SIGNAL;2026.04.15 17:40:00;4818.90;1858.0;47;WIN;REV;YES;;;;5.58;34;4797.95;4797.70;24.7;0.0;BULL;BUY;OFF;0.84;24.34;31.58;15.38;4793.34;4805.90;4811.49;4817.07;4822.65;4828.24
2026.04.15 17:35:00;XAUUSD;PERIOD_M5;LIVE;VALID;SELL;4818.89;2026.04.15 19:10:00;4808.80;1009.0;19;WIN;NEXT_SIGNAL;2026.04.15 19:15:00;4809.38;951.0;20;WIN;REV;YES;;;;5.99;35;4822.15;4822.86;-70.6;0.0;BULL;BUY;OFF;0.77;32.20;11.43;21.96;4826.38;4812.90;4806.90;4800.91;4794.91;4788.92
2026.04.15 19:10:00;XAUUSD;PERIOD_M5;LIVE;VALID;BUY;4808.80;2026.04.15 19:50:00;4802.15;-665.0;8;LOSS;NEXT_SIGNAL;2026.04.15 19:55:00;4802.14;-666.0;9;LOSS;REV;YES;;;;6.97;39;4805.40;4805.24;15.6;0.0;BULL;BUY;OFF;0.87;30.97;20.76;16.65;4800.09;4815.77;4822.74;4829.71;4836.69;4843.66
2026.04.15 19:50:00;XAUUSD;PERIOD_M5;LIVE;VALID;SELL;4802.15;2026.04.15 21:45:00;4799.62;253.0;23;WIN;NEXT_SIGNAL;2026.04.15 21:50:00;4799.98;217.0;24;WIN;REV;YES;;;;5.08;35;4805.77;4805.80;-2.4;-14.0;BULL;BUY;OFF;0.87;21.91;9.56;18.93;4808.50;4797.07;4791.99;4786.91;4781.83;4776.75
2026.04.15 21:45:00;XAUUSD;PERIOD_M5;LIVE;VALID;BUY;4799.62;2026.04.15 22:55:00;4796.25;-337.0;14;LOSS;NEXT_SIGNAL;2026.04.15 23:00:00;4796.21;-341.0;15;LOSS;REV;YES;;;;4.35;35;4796.94;4796.39;54.4;14.0;BULL;BUY;OFF;0.82;25.23;24.38;12.71;4794.18;4803.97;4808.32;4812.67;4817.02;4821.37
2026.04.15 22:55:00;XAUUSD;PERIOD_M5;LIVE;VALID;SELL;4796.25;2026.04.16 01:10:00;4793.59;266.0;15;WIN;NEXT_SIGNAL;2026.04.16 01:15:00;4794.07;218.0;16;WIN;REV;YES;;;;3.72;35;4798.83;4799.32;-49.5;-14.0;BULL;BUY;OFF;0.85;25.09;15.39;26.68;4800.90;4792.53;4788.81;4785.09;4781.37;4777.65
2026.04.16 01:10:00;XAUUSD;PERIOD_M5;LIVE;VALID;BUY;4793.59;2026.04.16 04:15:00;4826.53;3294.0;37;WIN;NEXT_SIGNAL;2026.04.16 04:20:00;4826.28;3269.0;38;WIN;REV;YES;;;;3.13;45;4793.40;4793.24;15.7;0.0;BULL;BUY;OFF;0.71;26.44;18.74;26.66;4789.67;4796.73;4799.86;4802.99;4806.13;4809.26
2026.04.16 04:15:00;XAUUSD;PERIOD_M5;LIVE;VALID;SELL;4826.53;2026.04.16 06:00:00;4823.56;297.0;21;WIN;NEXT_SIGNAL;2026.04.16 06:05:00;4823.76;277.0;22;WIN;REV;YES;;;;5.30;39;4829.13;4829.42;-29.3;-14.0;BULL;BUY;OFF;0.77;26.94;14.76;20.53;4833.15;4821.23;4815.94;4810.64;4805.35;4800.05
2026.04.16 06:00:00;XAUUSD;PERIOD_M5;LIVE;VALID;BUY;4823.56;2026.04.16 08:35:00;4828.77;521.0;31;WIN;NEXT_SIGNAL;2026.04.16 08:40:00;4828.73;517.0;32;WIN;REV;YES;;;;3.92;39;4820.03;4819.64;38.7;0.0;BULL;BUY;OFF;0.77;18.96;24.28;12.35;4818.66;4827.48;4831.41;4835.33;4839.25;4843.18
2026.04.16 08:35:00;XAUUSD;PERIOD_M5;LIVE;VALID;SELL;4828.77;2026.04.16 09:50:00;4828.43;34.0;15;WIN;NEXT_SIGNAL;2026.04.16 09:55:00;4828.84;-7.0;16;LOSS;REV;YES;;;;3.13;38;4830.95;4831.36;-41.2;0.0;BULL NOISE;BUY;OFF;0.97;35.61;14.89;23.32;4832.69;4825.64;4822.50;4819.37;4816.24;4813.11
2026.04.16 09:50:00;XAUUSD;PERIOD_M5;LIVE;VALID;BUY;4828.43;2026.04.16 10:50:00;4823.15;-528.0;12;LOSS;NEXT_SIGNAL;2026.04.16 10:55:01;4823.19;-524.0;13;LOSS;REV;YES;;;;5.05;34;4824.12;4823.46;66.6;14.0;BULL;BUY;OFF;0.83;36.85;20.16;14.37;4822.12;4833.48;4838.52;4843.57;4848.62;4853.67
2026.04.16 10:50:00;XAUUSD;PERIOD_M5;LIVE;VALID;SELL;4823.15;2026.04.16 12:05:00;4817.65;550.0;15;WIN;NEXT_SIGNAL;2026.04.16 12:10:01;4817.96;519.0;16;WIN;REV;YES;;;;5.44;34;4825.48;4825.49;-0.3;0.0;BULL;BUY;OFF;0.78;17.59;13.66;20.22;4829.95;4817.71;4812.28;4806.84;4801.40;4795.97
2026.04.16 12:05:00;XAUUSD;PERIOD_M5;LIVE;VALID;BUY;4817.65;2026.04.16 12:55:00;4813.48;-417.0;10;LOSS;NEXT_SIGNAL;2026.04.16 13:00:00;4813.53;-412.0;11;LOSS;REV;YES;;;;4.81;34;4813.84;4813.62;22.3;0.0;BULL;BUY;OFF;0.87;29.60;25.73;15.47;4811.63;4822.46;4827.28;4832.09;4836.91;4841.72
2026.04.16 12:55:00;XAUUSD;PERIOD_M5;LIVE;VALID;SELL;4813.48;2026.04.16 13:55:00;4818.03;-455.0;12;LOSS;NEXT_SIGNAL;2026.04.16 14:00:00;4818.46;-498.0;13;LOSS;REV;YES;;;;3.82;34;4813.34;4813.35;-1.3;0.0;BULL;BUY;OFF;0.74;19.11;13.90;21.12;4818.25;4809.66;4805.85;4802.03;4798.21;4794.39
2026.04.16 13:55:00;XAUUSD;PERIOD_M5;LIVE;VALID;BUY;4818.03;2026.04.16 15:10:00;4817.12;-91.0;15;LOSS;NEXT_SIGNAL;2026.04.16 15:15:00;4817.11;-92.0;16;LOSS;REV;YES;;;;3.84;35;4811.54;4810.71;83.7;14.0;BULL;BUY;OFF;0.77;19.15;33.32;13.22;4813.23;4821.87;4825.72;4829.56;4833.40;4837.25
2026.04.16 15:10:00;XAUUSD;PERIOD_M5;LIVE;VALID;SELL;4817.12;2026.04.16 16:00:00;4821.22;-410.0;10;LOSS;NEXT_SIGNAL;2026.04.16 16:05:00;4821.32;-420.0;11;LOSS;REV;YES;;;;3.64;35;4817.48;4817.50;-1.6;0.0;BULL;BUY;OFF;0.75;26.96;15.64;20.24;4821.66;4813.48;4809.85;4806.21;4802.58;4798.94
2026.04.16 16:00:00;XAUUSD;PERIOD_M5;LIVE;VALID;BUY;4821.22;2026.04.16 16:25:00;4814.08;-714.0;5;LOSS;NEXT_SIGNAL;2026.04.16 16:30:00;4814.07;-715.0;6;LOSS;REV;YES;;;;4.81;35;4817.97;4817.44;52.8;14.0;BULL;BUY;OFF;0.83;23.51;24.25;6.99;4815.21;4826.03;4830.83;4835.64;4840.45;4845.26
2026.04.16 16:25:00;XAUUSD;PERIOD_M5;LIVE;VALID;SELL;4814.08;2026.04.16 16:30:00;4822.31;-823.0;1;LOSS;NEXT_SIGNAL;2026.04.16 16:35:00;4822.77;-869.0;2;LOSS;REV;YES;;;;5.03;35;4816.82;4817.02;-20.6;-14.0;BULL;BUY;OFF;0.87;24.68;17.12;14.39;4820.37;4809.05;4804.01;4798.98;4793.95;4788.91
2026.04.16 16:30:00;XAUUSD;PERIOD_M5;LIVE;VALID;BUY;4822.31;2026.04.16 16:50:00;4785.39;-3692.0;4;LOSS;NEXT_SIGNAL;2026.04.16 16:55:00;4785.02;-3729.0;5;LOSS;REV;YES;;;;5.57;38;4818.04;4817.51;52.7;14.0;BULL;BUY;OFF;0.85;24.71;20.72;12.47;4815.35;4827.88;4833.45;4839.02;4844.59;4850.16
2026.04.16 16:50:00;XAUUSD;PERIOD_M5;LIVE;VALID;SELL;4785.39;2026.04.16 18:05:00;4811.71;-2632.0;15;LOSS;NEXT_SIGNAL;2026.04.16 18:10:00;4812.07;-2668.0;16;LOSS;REV;YES;;;;7.93;35;4810.57;4814.69;-411.8;-56.3;BEAR;SELL;OFF;0.82;22.94;12.21;26.05;4795.30;4777.46;4769.54;4761.61;4753.68;4745.76
2026.04.16 18:05:00;XAUUSD;PERIOD_M5;LIVE;VALID;BUY;4811.71;2026.04.16 19:20:00;4798.14;-1357.0;15;LOSS;NEXT_SIGNAL;2026.04.16 19:25:00;4798.13;-1358.0;16;LOSS;REV;YES;;;;9.48;36;4797.82;4796.39;142.9;26.6;BEAR NOISE;SELL;OFF;0.83;27.19;30.44;18.54;4799.86;4821.19;4830.68;4840.16;4849.64;4859.13
2026.04.16 19:20:00;XAUUSD;PERIOD_M5;LIVE;VALID;SELL;4798.14;2026.04.16 21:10:00;4790.57;757.0;22;WIN;NEXT_SIGNAL;2026.04.16 21:15:00;4790.90;724.0;23;WIN;REV;YES;;;;5.27;35;4803.32;4804.00;-68.1;0.0;BEAR;SELL;OFF;0.91;19.72;10.52;26.52;4804.73;4792.87;4787.59;4782.32;4777.04;4771.77
2026.04.16 21:10:00;XAUUSD;PERIOD_M5;LIVE;VALID;BUY;4790.57;2026.04.16 23:05:00;4790.47;-10.0;23;LOSS;NEXT_SIGNAL;2026.04.16 23:10:00;4790.49;-8.0;24;LOSS;REV;YES;;;;5.42;34;4788.64;4788.51;13.0;0.0;BEAR;SELL;OFF;0.84;21.24;11.12;14.71;4783.80;4795.99;4801.41;4806.83;4812.25;4817.67
2026.04.16 23:05:00;XAUUSD;PERIOD_M5;LIVE;VALID;SELL;4790.47;2026.04.17 01:00:00;4797.04;-657.0;11;LOSS;NEXT_SIGNAL;2026.04.17 01:05:00;4797.45;-698.0;12;LOSS;REV;YES;;;;3.22;43;4792.55;4792.68;-13.1;-14.0;BEAR;SELL;OFF;0.94;27.41;14.23;22.05;4794.50;4787.25;4784.02;4780.80;4777.57;4774.35
2026.04.17 01:00:00;XAUUSD;PERIOD_M5;LIVE;VALID;BUY;4797.04;2026.04.17 02:10:00;4792.79;-425.0;14;LOSS;NEXT_SIGNAL;2026.04.17 02:15:00;4793.12;-392.0;15;LOSS;REV;YES;;;;2.33;45;4791.30;4790.79;50.7;26.6;BULL;BUY;OFF;0.86;24.22;31.64;18.05;4794.12;4799.37;4801.70;4804.04;4806.37;4808.70
2026.04.17 02:10:00;XAUUSD;PERIOD_M5;LIVE;VALID;SELL;4792.79;2026.04.17 02:15:00;4795.67;-288.0;1;LOSS;NEXT_SIGNAL;2026.04.17 02:20:00;4796.03;-324.0;2;LOSS;REV;YES;;;;2.62;39;4793.92;4793.98;-6.2;0.0;BULL;BUY;OFF;0.88;16.88;13.08;26.17;4796.07;4790.17;4787.54;4784.92;4782.30;4779.68
2026.04.17 02:15:00;XAUUSD;PERIOD_M5;LIVE;VALID;BUY;4795.67;2026.04.17 02:50:00;4794.13;-154.0;7;LOSS;NEXT_SIGNAL;2026.04.17 02:55:00;4794.12;-155.0;8;LOSS;REV;YES;;;;2.66;39;4794.31;4794.22;9.2;0.0;BULL;BUY;OFF;0.87;16.03;18.36;22.68;4792.35;4798.33;4800.99;4803.64;4806.30;4808.96
2026.04.17 02:50:00;XAUUSD;PERIOD_M5;LIVE;VALID;SELL;4794.13;2026.04.17 03:35:00;4795.97;-184.0;9;LOSS;NEXT_SIGNAL;2026.04.17 03:40:02;4796.39;-226.0;10;LOSS;REV;YES;;;;2.45;39;4794.61;4794.62;-1.6;0.0;BULL;BUY;OFF;0.87;15.58;13.36;20.10;4797.19;4791.68;4789.23;4786.78;4784.33;4781.88
2026.04.17 03:35:00;XAUUSD;PERIOD_M5;LIVE;VALID;BUY;4795.97;2026.04.17 04:00:00;4787.62;-835.0;5;LOSS;NEXT_SIGNAL;2026.04.17 04:05:00;4787.63;-834.0;6;LOSS;REV;YES;;;;3.50;39;4793.26;4792.77;48.5;14.0;BEAR;SELL;OFF;0.86;27.09;22.94;12.88;4791.60;4799.47;4802.97;4806.46;4809.96;4813.46
2026.04.17 04:00:00;XAUUSD;PERIOD_M5;LIVE;VALID;SELL;4787.62;2026.04.17 05:00:00;4792.23;-461.0;12;LOSS;NEXT_SIGNAL;2026.04.17 05:05:00;4792.73;-511.0;13;LOSS;REV;YES;;;;4.20;39;4793.41;4793.41;-0.0;-26.6;BEAR;SELL;OFF;0.67;25.34;20.59;32.28;4792.88;4783.42;4779.21;4775.01;4770.80;4766.60
2026.04.17 05:00:00;XAUUSD;PERIOD_M5;LIVE;VALID;BUY;4792.23;2026.04.17 08:40:00;4795.64;341.0;44;WIN;NEXT_SIGNAL;2026.04.17 08:45:00;4795.65;342.0;45;WIN;REV;YES;;;;6.98;39;4784.79;4783.61;118.6;14.0;BEAR NOISE;SELL;OFF;0.75;34.34;34.63;15.89;4783.50;4799.21;4806.20;4813.18;4820.16;4827.14
2026.04.17 08:40:00;XAUUSD;PERIOD_M5;LIVE;VALID;SELL;4795.64;2026.04.17 10:15:00;4787.59;805.0;19;WIN;NEXT_SIGNAL;2026.04.17 10:20:00;4787.97;767.0;20;WIN;REV;YES;;;;3.78;39;4800.22;4800.68;-46.5;-14.0;BULL NOISE;BUY;OFF;0.77;32.29;12.62;23.55;4800.36;4791.86;4788.08;4784.31;4780.53;4776.75
2026.04.17 10:15:00;XAUUSD;PERIOD_M5;LIVE;VALID;BUY;4787.59;2026.04.17 10:45:00;4779.47;-812.0;6;LOSS;NEXT_SIGNAL;2026.04.17 10:50:00;4779.44;-815.0;7;LOSS;REV;YES;;;;4.07;35;4787.39;4787.30;9.3;0.0;BULL;BUY;OFF;0.85;34.50;11.70;19.81;4782.51;4791.66;4795.72;4799.79;4803.86;4807.92
2026.04.17 10:45:00;XAUUSD;PERIOD_M5;LIVE;VALID;SELL;4779.47;2026.04.17 11:35:00;4788.60;-913.0;10;LOSS;NEXT_SIGNAL;2026.04.17 11:40:00;4788.96;-949.0;11;LOSS;REV;YES;;;;4.06;35;4786.12;4786.95;-83.0;-26.6;BULL NOISE;BUY;OFF;0.90;26.41;16.31;31.49;4784.55;4775.41;4771.34;4767.28;4763.21;4759.15
2026.04.17 11:35:00;XAUUSD;PERIOD_M5;LIVE;VALID;BUY;4788.60;2026.04.17 12:50:00;4791.67;307.0;15;WIN;NEXT_SIGNAL;2026.04.17 12:55:00;4791.65;305.0;16;WIN;REV;YES;;;;4.75;35;4786.49;4786.42;7.0;14.0;BULL;BUY;OFF;0.87;16.81;26.32;13.37;4782.66;4793.35;4798.11;4802.86;4807.61;4812.37
2026.04.17 12:50:00;XAUUSD;PERIOD_M5;LIVE;VALID;SELL;4791.67;2026.04.17 14:25:00;4792.42;-75.0;19;LOSS;NEXT_SIGNAL;2026.04.17 14:30:00;4792.79;-112.0;20;LOSS;REV;YES;;;;3.91;34;4793.77;4794.18;-41.8;0.0;BULL;BUY;OFF;0.84;26.95;11.00;20.69;4796.56;4787.76;4783.85;4779.94;4776.03;4772.12
2026.04.17 14:25:00;XAUUSD;PERIOD_M5;LIVE;VALID;BUY;4792.42;2026.04.17 18:00:00;4869.93;7751.0;43;WIN;NEXT_SIGNAL;2026.04.17 18:05:00;4869.86;7744.0;44;WIN;REV;YES;;;;3.99;35;4788.58;4787.91;67.3;14.0;BULL;BUY;OFF;0.88;27.74;23.63;16.67;4787.43;4796.41;4800.41;4804.40;4808.40;4812.39
2026.04.17 18:00:00;XAUUSD;PERIOD_M5;LIVE;VALID;SELL;4869.93;2026.04.17 19:10:00;4872.98;-305.0;14;LOSS;NEXT_SIGNAL;2026.04.17 19:15:00;4873.39;-346.0;15;LOSS;REV;YES;;;;8.97;35;4873.03;4873.25;-21.5;0.0;BULL;BUY;OFF;0.89;23.93;14.69;23.01;4881.14;4860.96;4851.99;4843.02;4834.04;4825.07
2026.04.17 19:10:00;XAUUSD;PERIOD_M5;LIVE;VALID;BUY;4872.98;2026.04.17 19:50:00;4866.38;-660.0;8;LOSS;NEXT_SIGNAL;2026.04.17 19:55:00;4866.35;-663.0;9;LOSS;REV;YES;;;;8.13;34;4869.08;4868.70;37.5;0.0;BULL;BUY;OFF;0.96;14.17;15.33;11.81;4862.81;4881.11;4889.24;4897.38;4905.51;4913.64
2026.04.17 19:50:00;XAUUSD;PERIOD_M5;LIVE;VALID;SELL;4866.38;2026.04.17 21:05:00;4862.66;372.0;15;WIN;NEXT_SIGNAL;2026.04.17 21:10:00;4862.96;342.0;16;WIN;REV;YES;;;;4.77;34;4868.54;4868.91;-37.4;-14.0;BULL;BUY;OFF;0.86;20.53;9.29;22.42;4872.34;4861.61;4856.84;4852.07;4847.29;4842.52
2026.04.17 21:05:00;XAUUSD;PERIOD_M5;LIVE;VALID;BUY;4862.66;2026.04.17 21:50:00;4856.44;-622.0;9;LOSS;NEXT_SIGNAL;2026.04.17 21:55:00;4856.42;-624.0;10;LOSS;REV;YES;;;;5.20;34;4861.60;4861.58;2.4;0.0;BULL;BUY;OFF;0.94;27.60;28.06;11.39;4856.16;4867.86;4873.06;4878.25;4883.45;4888.65
2026.04.17 21:50:00;XAUUSD;PERIOD_M5;LIVE;VALID;SELL;4856.44;2026.04.20 03:30:00;4765.47;9097.0;56;WIN;NEXT_SIGNAL;2026.04.20 03:35:00;4765.87;9057.0;57;WIN;REV;YES;;;;4.20;35;4860.66;4861.25;-59.1;-14.0;BULL;BUY;OFF;0.96;25.30;11.39;25.75;4861.68;4852.24;4848.05;4843.85;4839.66;4835.46
2026.04.20 03:30:00;XAUUSD;PERIOD_M5;LIVE;VALID;BUY;4765.47;2026.04.20 05:25:00;4800.82;3535.0;23;WIN;NEXT_SIGNAL;2026.04.20 05:30:00;4800.83;3536.0;24;WIN;REV;YES;;;;8.12;39;4760.32;4759.30;101.9;0.0;BEAR;SELL;OFF;0.89;40.66;31.44;14.53;4755.32;4773.59;4781.71;4789.84;4797.96;4806.08
2026.04.20 05:25:00;XAUUSD;PERIOD_M5;LIVE;VALID;SELL;4800.82;2026.04.20 07:20:00;4793.93;689.0;23;WIN;NEXT_SIGNAL;2026.04.20 07:25:01;4794.29;653.0;24;WIN;REV;YES;;;;5.72;39;4802.39;4802.72;-32.7;14.0;BULL;BUY;OFF;0.82;40.32;12.40;21.39;4807.97;4795.10;4789.37;4783.65;4777.93;4772.20
2026.04.20 07:20:00;XAUUSD;PERIOD_M5;LIVE;VALID;BUY;4793.93;2026.04.20 07:30:00;4789.29;-464.0;2;LOSS;NEXT_SIGNAL;2026.04.20 07:35:00;4789.37;-456.0;3;LOSS;REV;YES;;;;3.27;34;4793.33;4793.22;10.8;0.0;BULL;BUY;OFF;0.89;19.60;15.31;14.14;4789.85;4797.20;4800.46;4803.73;4807.00;4810.26
2026.04.20 07:30:00;XAUUSD;PERIOD_M5;LIVE;VALID;SELL;4789.29;2026.04.20 08:30:00;4794.73;-544.0;12;LOSS;NEXT_SIGNAL;2026.04.20 08:35:00;4795.13;-584.0;13;LOSS;REV;YES;;;;3.41;39;4792.57;4792.87;-29.7;-14.0;BULL;BUY;OFF;0.91;18.73;18.52;21.11;4793.55;4785.88;4782.47;4779.06;4775.65;4772.24
2026.04.20 08:30:00;XAUUSD;PERIOD_M5;LIVE;VALID;BUY;4794.73;2026.04.20 08:40:00;4781.86;-1287.0;2;LOSS;NEXT_SIGNAL;2026.04.20 08:45:00;4781.85;-1288.0;3;LOSS;REV;YES;;;;4.22;39;4790.02;4789.93;8.8;14.0;BULL;BUY;OFF;0.89;13.46;23.35;15.04;4789.46;4798.95;4803.16;4807.38;4811.60;4815.82
2026.04.20 08:40:00;XAUUSD;PERIOD_M5;LIVE;VALID;SELL;4781.86;2026.04.20 08:55:00;4790.67;-881.0;3;LOSS;NEXT_SIGNAL;2026.04.20 09:00:00;4790.92;-906.0;4;LOSS;REV;YES;;;;4.88;39;4788.75;4789.31;-56.1;-14.0;BULL NOISE;BUY;OFF;0.95;14.34;17.54;22.77;4787.96;4776.98;4772.10;4767.23;4762.35;4757.47
2026.04.20 08:55:00;XAUUSD;PERIOD_M5;LIVE;VALID;BUY;4790.67;2026.04.20 09:20:00;4786.20;-447.0;5;LOSS;NEXT_SIGNAL;2026.04.20 09:25:00;4786.29;-438.0;6;LOSS;REV;YES;;;;5.20;34;4789.05;4789.02;3.6;0.0;BULL;BUY;OFF;0.92;15.45;25.26;14.82;4784.16;4795.88;4801.08;4806.28;4811.49;4816.69
2026.04.20 09:20:00;XAUUSD;PERIOD_M5;LIVE;VALID;SELL;4786.20;2026.04.20 09:40:00;4790.04;-384.0;4;LOSS;NEXT_SIGNAL;2026.04.20 09:45:00;4790.36;-416.0;5;LOSS;REV;YES;;;;5.40;35;4788.62;4788.92;-29.2;0.0;BULL;BUY;OFF;0.94;15.44;16.69;29.48;4792.96;4780.80;4775.39;4769.99;4764.58;4759.18
2026.04.20 09:40:00;XAUUSD;PERIOD_M5;LIVE;VALID;BUY;4790.04;2026.04.20 09:45:00;4787.20;-284.0;1;LOSS;NEXT_SIGNAL;2026.04.20 09:50:00;4787.15;-289.0;2;LOSS;REV;YES;;;;5.56;34;4788.79;4788.77;2.3;0.0;BULL;BUY;OFF;0.86;12.28;15.56;16.63;4783.09;4795.60;4801.16;4806.73;4812.29;4817.85
2026.04.20 09:45:00;XAUUSD;PERIOD_M5;LIVE;VALID;SELL;4787.20;2026.04.20 09:55:00;4796.13;-893.0;2;LOSS;NEXT_SIGNAL;2026.04.20 10:00:00;4796.49;-929.0;3;LOSS;REV;YES;;;;5.60;34;4788.44;4788.63;-19.1;0.0;BULL;BUY;OFF;0.87;12.81;13.49;18.73;4794.20;4781.60;4775.99;4770.39;4764.79;4759.18
2026.04.20 09:55:00;XAUUSD;PERIOD_M5;LIVE;VALID;BUY;4796.13;2026.04.20 10:50:00;4788.06;-807.0;11;LOSS;NEXT_SIGNAL;2026.04.20 10:55:00;4788.00;-813.0;12;LOSS;REV;YES;;;;5.31;35;4789.92;4789.19;73.2;14.0;BULL;BUY;OFF;0.87;13.96;20.69;15.54;4789.50;4801.44;4806.74;4812.05;4817.36;4822.67
2026.04.20 10:50:00;XAUUSD;PERIOD_M5;LIVE;VALID;SELL;4788.06;2026.04.20 11:45:00;4794.37;-631.0;11;LOSS;NEXT_SIGNAL;2026.04.20 11:50:00;4794.70;-664.0;12;LOSS;REV;YES;;;;5.96;34;4793.89;4794.48;-59.2;0.0;BULL NOISE;BUY;OFF;0.97;18.95;17.34;31.18;4795.51;4782.10;4776.14;4770.17;4764.21;4758.25
2026.04.20 11:45:00;XAUUSD;PERIOD_M5;LIVE;VALID;BUY;4794.37;2026.04.20 12:30:00;4786.58;-779.0;9;LOSS;NEXT_SIGNAL;2026.04.20 12:35:04;4786.39;-798.0;10;LOSS;REV;YES;;;;3.98;34;4791.46;4791.27;19.0;0.0;BULL;BUY;OFF;0.90;21.39;27.31;11.70;4789.39;4798.35;4802.33;4806.31;4810.29;4814.27
2026.04.20 12:30:00;XAUUSD;PERIOD_M5;LIVE;VALID;SELL;4786.58;2026.04.20 13:05:00;4797.82;-1124.0;7;LOSS;NEXT_SIGNAL;2026.04.20 13:10:00;4798.13;-1155.0;8;LOSS;REV;YES;;;;3.86;35;4792.19;4792.54;-34.9;0.0;BULL NOISE;BUY;OFF;0.87;29.59;11.11;28.29;4791.41;4782.72;4778.86;4774.99;4771.13;4767.27
2026.04.20 13:05:00;XAUUSD;PERIOD_M5;LIVE;VALID;BUY;4797.82;2026.04.20 14:00:00;4790.73;-709.0;11;LOSS;NEXT_SIGNAL;2026.04.20 14:05:00;4790.74;-708.0;12;LOSS;REV;YES;;;;4.80;35;4793.23;4792.89;34.4;0.0;BULL;BUY;OFF;0.88;20.15;24.69;15.47;4791.81;4802.62;4807.43;4812.23;4817.04;4821.84
2026.04.20 14:00:00;XAUUSD;PERIOD_M5;LIVE;VALID;SELL;4790.73;2026.04.20 14:45:00;4801.86;-1113.0;9;LOSS;NEXT_SIGNAL;2026.04.20 14:50:00;4802.18;-1145.0;10;LOSS;REV;YES;;;;3.60;35;4794.83;4795.26;-42.2;0.0;BULL;BUY;OFF;0.93;21.16;12.56;26.19;4795.23;4787.13;4783.52;4779.92;4776.32;4772.71
2026.04.20 14:45:00;XAUUSD;PERIOD_M5;LIVE;VALID;BUY;4801.86;2026.04.20 15:50:00;4802.84;98.0;13;WIN;NEXT_SIGNAL;2026.04.20 15:55:00;4802.86;100.0;14;WIN;REV;YES;;;;3.77;34;4793.98;4793.25;73.1;0.0;BULL;BUY;OFF;0.86;28.10;29.24;10.71;4797.15;4805.63;4809.40;4813.17;4816.93;4820.70
2026.04.20 15:50:00;XAUUSD;PERIOD_M5;LIVE;VALID;SELL;4802.84;2026.04.20 16:10:00;4816.63;-1379.0;4;LOSS;NEXT_SIGNAL;2026.04.20 16:15:00;4816.99;-1415.0;5;LOSS;REV;YES;;;;6.66;34;4805.84;4805.85;-1.1;0.0;BULL;BUY;OFF;0.79;26.42;19.92;20.99;4811.17;4796.18;4789.52;4782.86;4776.19;4769.53
2026.04.20 16:10:00;XAUUSD;PERIOD_M5;LIVE;VALID;BUY;4816.63;2026.04.20 17:15:00;4816.61;-2.0;13;LOSS;NEXT_SIGNAL;2026.04.20 17:20:00;4816.60;-3.0;14;LOSS;REV;YES;;;;7.00;35;4808.70;4807.84;85.7;14.0;BULL;BUY;OFF;0.62;21.81;24.49;15.53;4807.88;4823.63;4830.64;4837.64;4844.64;4851.65
2026.04.20 17:15:00;XAUUSD;PERIOD_M5;LIVE;VALID;SELL;4816.61;2026.04.20 17:20:00;4823.77;-716.0;1;LOSS;NEXT_SIGNAL;2026.04.20 17:25:00;4824.00;-739.0;2;LOSS;REV;YES;;;;7.02;35;4816.77;4816.98;-20.5;0.0;BULL;BUY;OFF;0.82;27.59;13.98;17.18;4825.39;4809.59;4802.57;4795.55;4788.52;4781.50
2026.04.20 17:20:00;XAUUSD;PERIOD_M5;LIVE;VALID;BUY;4823.77;2026.04.20 17:35:00;4813.22;-1055.0;3;LOSS;NEXT_SIGNAL;2026.04.20 17:40:00;4813.31;-1046.0;4;LOSS;REV;YES;;;;7.20;34;4818.33;4817.84;48.5;14.0;BULL;BUY;OFF;0.79;26.62;22.47;14.89;4814.77;4830.97;4838.17;4845.36;4852.56;4859.76
2026.04.20 17:35:00;XAUUSD;PERIOD_M5;LIVE;VALID;SELL;4813.22;2026.04.20 19:30:00;4800.58;1264.0;23;WIN;NEXT_SIGNAL;2026.04.20 19:35:00;4800.91;1231.0;24;WIN;REV;YES;;;;7.17;35;4817.95;4818.46;-51.0;0.0;BULL;BUY;OFF;0.87;23.33;16.56;25.25;4822.18;4806.05;4798.88;4791.71;4784.54;4777.37
2026.04.20 19:30:00;XAUUSD;PERIOD_M5;LIVE;VALID;BUY;4800.58;2026.04.20 22:35:00;4811.01;1043.0;37;WIN;NEXT_SIGNAL;2026.04.20 22:40:00;4811.00;1042.0;38;WIN;REV;YES;;;;4.89;34;4799.87;4799.68;18.8;0.0;BULL;BUY;OFF;0.89;25.09;18.29;16.63;4794.47;4805.47;4810.36;4815.25;4820.14;4825.03
2026.04.20 22:35:00;XAUUSD;PERIOD_M5;LIVE;VALID;SELL;4811.01;2026.04.20 23:35:00;4815.27;-426.0;12;LOSS;NEXT_SIGNAL;2026.04.20 23:40:02;4815.78;-477.0;13;LOSS;REV;YES;;;;2.97;34;4815.51;4815.94;-42.9;0.0;BULL NOISE;BUY;OFF;0.82;29.13;14.26;31.63;4814.72;4808.04;4805.08;4802.11;4799.14;4796.17
2026.04.20 23:35:00;XAUUSD;PERIOD_M5;LIVE;VALID;BUY;4815.27;2026.04.21 02:05:00;4825.08;981.0;18;WIN;NEXT_SIGNAL;2026.04.21 02:10:01;4825.05;978.0;19;WIN;REV;YES;;;;2.62;45;4814.49;4814.38;11.0;0.0;BULL;BUY;OFF;0.86;15.76;20.60;20.06;4812.00;4817.89;4820.51;4823.13;4825.75;4828.37
2026.04.21 02:05:00;XAUUSD;PERIOD_M5;LIVE;VALID;SELL;4825.08;2026.04.21 03:10:00;4827.35;-227.0;13;LOSS;NEXT_SIGNAL;2026.04.21 03:15:00;4827.63;-255.0;14;LOSS;REV;YES;;;;4.33;39;4827.40;4827.44;-4.5;0.0;BULL;BUY;OFF;0.88;23.36;19.63;24.71;4830.50;4820.74;4816.41;4812.08;4807.74;4803.41
2026.04.21 03:10:00;XAUUSD;PERIOD_M5;LIVE;VALID;BUY;4827.35;2026.04.21 03:25:00;4820.30;-705.0;3;LOSS;NEXT_SIGNAL;2026.04.21 03:30:00;4820.31;-704.0;4;LOSS;REV;YES;;;;2.70;39;4825.05;4824.76;28.9;0.0;BULL;BUY;OFF;0.94;27.42;27.98;14.66;4823.97;4830.05;4832.75;4835.45;4838.16;4840.86
2026.04.21 03:25:00;XAUUSD;PERIOD_M5;LIVE;VALID;SELL;4820.30;2026.04.21 08:35:00;4796.07;2423.0;62;WIN;NEXT_SIGNAL;2026.04.21 08:40:00;4796.39;2391.0;63;WIN;REV;YES;;;;3.14;39;4824.25;4824.37;-11.8;0.0;BULL NOISE;BUY;OFF;0.94;22.84;18.21;29.81;4824.22;4817.16;4814.02;4810.89;4807.75;4804.61
2026.04.21 08:35:00;XAUUSD;PERIOD_M5;LIVE;VALID;BUY;4796.07;2026.04.21 08:55:00;4781.83;-1424.0;4;LOSS;NEXT_SIGNAL;2026.04.21 09:00:00;4781.92;-1415.0;5;LOSS;REV;YES;;;;3.55;35;4791.48;4790.94;53.9;14.0;BEAR NOISE;SELL;OFF;0.83;29.69;23.84;20.48;4791.64;4799.62;4803.17;4806.71;4810.26;4813.81
2026.04.21 08:55:00;XAUUSD;PERIOD_M5;LIVE;BLOCKED;SELL;4781.83;2026.04.21 10:15:00;4783.95;-212.0;16;LOSS;NEXT_SIGNAL;;;;;;;NO;MARKET;SPREAD;;4.31;51;4788.81;4789.89;-108.3;-14.0;BEAR;SELL;OFF;0.89;27.98;14.98;32.32;4787.21;4777.52;4773.22;4768.91;4764.61;4760.30
2026.04.21 10:15:00;XAUUSD;PERIOD_M5;LIVE;VALID;BUY;4783.95;2026.04.21 11:10:00;4775.24;-871.0;11;LOSS;NEXT_SIGNAL;2026.04.21 11:15:00;4775.62;-833.0;12;LOSS;REV;YES;;;;5.38;34;4780.74;4780.26;48.3;0.0;BEAR;SELL;OFF;0.93;23.02;29.02;17.12;4777.23;4789.33;4794.71;4800.09;4805.46;4810.84
2026.04.21 11:10:00;XAUUSD;PERIOD_M5;LIVE;VALID;SELL;4775.24;2026.04.21 11:25:00;4785.59;-1035.0;3;LOSS;NEXT_SIGNAL;2026.04.21 11:30:00;4785.96;-1072.0;4;LOSS;REV;YES;;;;4.88;34;4782.36;4783.01;-65.1;0.0;BEAR;SELL;OFF;0.81;18.37;16.93;29.15;4781.35;4770.36;4765.47;4760.59;4755.70;4750.82
2026.04.21 11:25:00;XAUUSD;PERIOD_M5;LIVE;VALID;BUY;4785.59;2026.04.21 12:10:00;4784.22;-137.0;9;LOSS;NEXT_SIGNAL;2026.04.21 12:15:00;4784.20;-139.0;10;LOSS;REV;YES;;;;5.06;34;4784.02;4783.92;10.0;14.0;BEAR;SELL;OFF;0.77;16.78;24.51;18.97;4779.27;4790.65;4795.71;4800.77;4805.83;4810.89
2026.04.21 12:10:00;XAUUSD;PERIOD_M5;LIVE;VALID;SELL;4784.22;2026.04.21 12:15:00;4787.62;-340.0;1;LOSS;NEXT_SIGNAL;2026.04.21 12:20:00;4787.88;-366.0;2;LOSS;REV;YES;;;;4.72;34;4786.11;4786.25;-14.0;0.0;BEAR;SELL;OFF;0.84;21.47;11.81;21.78;4790.12;4779.50;4774.78;4770.07;4765.35;4760.63
2026.04.21 12:15:00;XAUUSD;PERIOD_M5;LIVE;VALID;BUY;4787.62;2026.04.21 12:20:00;4785.27;-235.0;1;LOSS;NEXT_SIGNAL;2026.04.21 12:25:00;4785.24;-238.0;2;LOSS;REV;YES;;;;4.45;34;4786.44;4786.41;3.7;0.0;BEAR;SELL;OFF;0.84;20.87;13.39;18.88;4782.05;4792.07;4796.53;4800.98;4805.44;4809.89
2026.04.21 12:20:00;XAUUSD;PERIOD_M5;LIVE;VALID;SELL;4785.27;2026.04.21 13:35:00;4786.98;-171.0;15;LOSS;NEXT_SIGNAL;2026.04.21 13:40:00;4787.33;-206.0;16;LOSS;REV;YES;;;;4.21;34;4786.18;4786.32;-13.4;0.0;BEAR;SELL;OFF;0.82;20.17;11.93;16.36;4790.53;4781.06;4776.86;4772.65;4768.44;4764.23
2026.04.21 13:35:00;XAUUSD;PERIOD_M5;LIVE;VALID;BUY;4786.98;2026.04.21 14:10:00;4782.38;-460.0;7;LOSS;NEXT_SIGNAL;2026.04.21 14:15:00;4782.66;-432.0;8;LOSS;REV;YES;;;;3.59;34;4784.59;4784.51;7.4;14.0;BEAR;SELL;OFF;0.87;17.22;21.54;11.23;4782.50;4790.57;4794.15;4797.74;4801.32;4804.91
2026.04.21 14:10:00;XAUUSD;PERIOD_M5;LIVE;VALID;SELL;4782.38;2026.04.21 14:35:00;4789.48;-710.0;5;LOSS;NEXT_SIGNAL;2026.04.21 14:40:00;4789.81;-743.0;6;LOSS;REV;YES;;;;3.49;35;4784.78;4785.15;-37.5;0.0;BEAR;SELL;OFF;0.83;25.04;16.78;19.71;4786.74;4778.89;4775.41;4771.92;4768.43;4764.95
2026.04.21 14:35:00;XAUUSD;PERIOD_M5;LIVE;VALID;BUY;4789.48;2026.04.21 15:20:00;4782.13;-735.0;9;LOSS;NEXT_SIGNAL;2026.04.21 15:25:00;4782.11;-737.0;10;LOSS;REV;YES;;;;3.88;34;4785.75;4785.29;46.2;14.0;BEAR NOISE;SELL;OFF;0.87;21.25;26.17;14.30;4784.62;4793.36;4797.25;4801.13;4805.02;4808.90
2026.04.21 15:20:00;XAUUSD;PERIOD_M5;LIVE;VALID;SELL;4782.13;2026.04.21 16:40:00;4789.86;-773.0;16;LOSS;NEXT_SIGNAL;2026.04.21 16:45:00;4790.21;-808.0;17;LOSS;REV;YES;;;;4.75;35;4788.54;4789.12;-58.7;-14.0;BEAR;SELL;OFF;0.86;30.96;12.66;28.53;4788.06;4777.38;4772.64;4767.89;4763.14;4758.40
2026.04.21 16:40:00;XAUUSD;PERIOD_M5;LIVE;VALID;BUY;4789.86;2026.04.21 17:20:00;4773.74;-1612.0;8;LOSS;NEXT_SIGNAL;2026.04.21 17:25:00;4773.70;-1616.0;9;LOSS;REV;YES;;;;8.14;34;4779.60;4777.75;184.6;26.6;BEAR NOISE;SELL;OFF;0.84;33.97;27.51;17.61;4779.68;4798.00;4806.14;4814.29;4822.43;4830.57
2026.04.21 17:20:00;XAUUSD;PERIOD_M5;LIVE;VALID;SELL;4773.74;2026.04.21 20:55:00;4712.46;6128.0;43;WIN;NEXT_SIGNAL;2026.04.21 21:00:00;4712.88;6086.0;44;WIN;REV;YES;;;;7.61;34;4778.33;4778.72;-38.1;-14.0;BEAR;SELL;OFF;0.86;26.00;12.82;31.02;4783.26;4766.13;4758.51;4750.90;4743.29;4735.67
2026.04.21 20:55:00;XAUUSD;PERIOD_M5;LIVE;VALID;BUY;4712.46;2026.04.21 21:10:00;4704.77;-769.0;3;LOSS;NEXT_SIGNAL;2026.04.21 21:15:00;4704.55;-791.0;4;LOSS;REV;YES;;;;8.16;34;4710.06;4709.99;6.6;0.0;BEAR;SELL;OFF;0.84;34.90;14.30;20.14;4702.25;4720.62;4728.79;4736.95;4745.12;4753.28
2026.04.21 21:10:00;XAUUSD;PERIOD_M5;LIVE;VALID;SELL;4704.77;2026.04.21 21:55:00;4709.69;-492.0;9;LOSS;NEXT_SIGNAL;2026.04.21 22:00:00;4710.22;-545.0;10;LOSS;REV;YES;;;;7.30;34;4708.31;4708.55;-24.1;-14.0;BEAR;SELL;OFF;0.75;29.35;12.96;29.14;4713.89;4697.47;4690.17;4682.88;4675.58;4668.28
2026.04.21 21:55:00;XAUUSD;PERIOD_M5;LIVE;VALID;BUY;4709.69;2026.04.21 22:40:00;4675.31;-3438.0;9;LOSS;NEXT_SIGNAL;2026.04.21 22:45:00;4675.50;-3419.0;10;LOSS;REV;YES;;;;6.13;34;4704.33;4703.95;37.9;0.0;BEAR;SELL;OFF;0.84;24.60;24.04;15.32;4702.02;4715.82;4721.96;4728.09;4734.23;4740.36
2026.04.21 22:40:00;XAUUSD;PERIOD_M5;LIVE;VALID;SELL;4675.31;2026.04.21 23:20:00;4710.38;-3507.0;8;LOSS;NEXT_SIGNAL;2026.04.21 23:25:00;4710.81;-3550.0;9;LOSS;REV;YES;;;;8.34;35;4700.23;4703.69;-345.6;-36.9;BEAR;SELL;OFF;0.97;24.20;10.40;31.33;4685.73;4666.97;4658.64;4650.30;4641.96;4633.62
2026.04.21 23:20:00;XAUUSD;PERIOD_M5;LIVE;VALID;BUY;4710.38;2026.04.22 01:55:00;4718.19;781.0;19;WIN;NEXT_SIGNAL;2026.04.22 02:00:00;4719.06;868.0;20;WIN;REV;YES;;;;11.41;45;4696.47;4695.71;75.4;14.0;BEAR NOISE;SELL;OFF;0.85;28.69;21.06;16.35;4696.12;4721.79;4733.20;4744.61;4756.02;4767.43
2026.04.22 01:55:00;XAUUSD;PERIOD_M5;LIVE;VALID;SELL;4718.19;2026.04.22 02:00:00;4722.69;-450.0;1;LOSS;NEXT_SIGNAL;2026.04.22 02:05:02;4723.22;-503.0;2;LOSS;REV;YES;;;;4.32;36;4717.98;4718.07;-9.3;0.0;BEAR;SELL;OFF;0.97;25.32;14.62;10.60;4723.59;4713.87;4709.55;4705.23;4700.91;4696.59
2026.04.22 02:00:00;XAUUSD;PERIOD_M5;LIVE;VALID;BUY;4722.69;2026.04.22 04:00:00;4741.12;1843.0;24;WIN;NEXT_SIGNAL;2026.04.22 04:05:00;4741.24;1855.0;25;WIN;REV;YES;;;;4.15;36;4719.03;4718.66;36.9;14.0;BEAR;SELL;OFF;0.97;27.14;20.91;9.19;4717.51;4726.84;4730.98;4735.13;4739.27;4743.42
2026.04.22 04:00:00;XAUUSD;PERIOD_M5;LIVE;VALID;SELL;4741.12;2026.04.22 04:25:00;4747.90;-678.0;5;LOSS;NEXT_SIGNAL;2026.04.22 04:30:00;4748.23;-711.0;6;LOSS;REV;YES;;;;4.47;36;4741.50;4741.55;-5.5;0.0;BEAR;SELL;OFF;0.80;39.94;20.94;15.88;4746.71;4736.65;4732.18;4727.71;4723.24;4718.77
2026.04.22 04:25:00;XAUUSD;PERIOD_M5;LIVE;VALID;BUY;4747.90;2026.04.22 07:10:00;4757.46;956.0;33;WIN;NEXT_SIGNAL;2026.04.22 07:15:01;4757.44;954.0;34;WIN;REV;YES;;;;4.59;36;4743.25;4742.53;72.8;14.0;BEAR NOISE;SELL;OFF;0.78;32.32;26.79;11.92;4742.16;4752.49;4757.08;4761.68;4766.27;4770.86
2026.04.22 07:10:00;XAUUSD;PERIOD_M5;LIVE;VALID;SELL;4757.46;2026.04.22 08:15:00;4769.72;-1226.0;13;LOSS;NEXT_SIGNAL;2026.04.22 08:20:00;4769.94;-1248.0;14;LOSS;REV;YES;;;;2.96;36;4758.21;4758.38;-16.3;0.0;BEAR;SELL;OFF;0.81;23.07;11.60;20.21;4761.15;4754.50;4751.55;4748.59;4745.64;4742.68
2026.04.22 08:15:00;XAUUSD;PERIOD_M5;LIVE;VALID;BUY;4769.72;2026.04.22 09:10:00;4762.55;-717.0;11;LOSS;NEXT_SIGNAL;2026.04.22 09:15:00;4762.57;-715.0;12;LOSS;REV;YES;;;;3.48;36;4758.68;4757.04;163.5;14.0;BULL;BUY;OFF;0.81;26.43;27.75;18.87;4765.37;4773.20;4776.68;4780.16;4783.63;4787.11
2026.04.22 09:10:00;XAUUSD;PERIOD_M5;LIVE;VALID;SELL;4762.55;2026.04.22 09:30:00;4765.95;-340.0;4;LOSS;NEXT_SIGNAL;2026.04.22 09:35:00;4766.32;-377.0;5;LOSS;REV;YES;;;;4.63;34;4763.26;4763.38;-12.2;14.0;BULL;BUY;OFF;0.90;20.85;14.58;23.50;4768.34;4757.92;4753.28;4748.65;4744.02;4739.39
2026.04.22 09:30:00;XAUUSD;PERIOD_M5;LIVE;VALID;BUY;4765.95;2026.04.22 09:35:00;4764.61;-134.0;1;LOSS;NEXT_SIGNAL;2026.04.22 09:40:00;4764.60;-135.0;2;LOSS;REV;YES;;;;3.92;34;4764.54;4764.45;8.7;14.0;BULL;BUY;OFF;0.85;19.64;21.91;13.26;4761.05;4769.87;4773.79;4777.71;4781.63;4785.55
2026.04.22 09:35:00;XAUUSD;PERIOD_M5;LIVE;VALID;SELL;4764.61;2026.04.22 09:45:00;4766.73;-212.0;2;LOSS;NEXT_SIGNAL;2026.04.22 09:50:00;4767.09;-248.0;3;LOSS;REV;YES;;;;3.60;35;4764.56;4764.57;-1.5;0.0;BULL;BUY;OFF;0.86;17.73;18.99;17.07;4769.11;4761.01;4757.41;4753.80;4750.20;4746.60
2026.04.22 09:45:00;XAUUSD;PERIOD_M5;LIVE;VALID;BUY;4766.73;2026.04.22 10:30:00;4764.87;-186.0;9;LOSS;NEXT_SIGNAL;2026.04.22 10:35:00;4764.88;-185.0;10;LOSS;REV;YES;;;;3.60;35;4764.85;4764.75;10.6;0.0;BULL;BUY;OFF;0.83;14.19;16.59;16.56;4762.23;4770.33;4773.93;4777.53;4781.13;4784.73
2026.04.22 10:30:00;XAUUSD;PERIOD_M5;LIVE;VALID;SELL;4764.87;2026.04.22 12:05:00;4760.75;412.0;19;WIN;NEXT_SIGNAL;2026.04.22 12:10:04;4761.13;374.0;20;WIN;REV;YES;;;;3.43;34;4765.59;4765.63;-3.9;0.0;BULL;BUY;OFF;0.85;17.28;18.95;15.08;4769.16;4761.44;4758.01;4754.58;4751.15;4747.72
2026.04.22 12:05:00;XAUUSD;PERIOD_M5;LIVE;VALID;BUY;4760.75;2026.04.22 12:50:00;4754.57;-618.0;9;LOSS;NEXT_SIGNAL;2026.04.22 12:55:00;4754.63;-612.0;10;LOSS;REV;YES;;;;3.38;34;4757.95;4757.40;54.9;14.0;BULL;BUY;OFF;0.95;34.94;25.75;11.10;4756.52;4764.13;4767.51;4770.90;4774.28;4777.66
2026.04.22 12:50:00;XAUUSD;PERIOD_M5;LIVE;VALID;SELL;4754.57;2026.04.22 13:35:00;4757.41;-284.0;9;LOSS;NEXT_SIGNAL;2026.04.22 13:40:00;4757.74;-317.0;10;LOSS;REV;YES;;;;2.95;35;4757.35;4757.65;-30.3;0.0;BULL NOISE;BUY;OFF;0.92;21.80;22.47;27.64;4758.26;4751.62;4748.67;4745.72;4742.77;4739.82
2026.04.22 13:35:00;XAUUSD;PERIOD_M5;LIVE;VALID;BUY;4757.41;2026.04.22 14:40:00;4748.59;-882.0;13;LOSS;NEXT_SIGNAL;2026.04.22 14:45:00;4748.60;-881.0;14;LOSS;REV;YES;;;;4.54;35;4754.70;4754.58;12.0;0.0;BEAR;SELL;OFF;0.88;20.15;27.77;14.66;4751.74;4761.95;4766.49;4771.03;4775.57;4780.11
2026.04.22 14:40:00;XAUUSD;PERIOD_M5;LIVE;VALID;SELL;4748.59;2026.04.22 16:40:00;4755.25;-666.0;24;LOSS;NEXT_SIGNAL;2026.04.22 16:45:00;4755.62;-703.0;25;LOSS;REV;YES;;;;3.34;35;4755.02;4756.10;-108.4;-14.0;BEAR;SELL;OFF;0.87;28.07;14.30;25.07;4752.77;4745.24;4741.90;4738.56;4735.21;4731.87
2026.04.22 16:40:00;XAUUSD;PERIOD_M5;LIVE;VALID;BUY;4755.25;2026.04.22 17:15:00;4746.72;-853.0;7;LOSS;NEXT_SIGNAL;2026.04.22 17:20:00;4746.78;-847.0;8;LOSS;REV;YES;;;;6.80;34;4748.47;4747.26;121.2;14.0;BEAR NOISE;SELL;OFF;0.88;22.69;18.14;15.29;4746.75;4762.05;4768.85;4775.65;4782.46;4789.26
2026.04.22 17:15:00;XAUUSD;PERIOD_M5;LIVE;VALID;SELL;4746.72;2026.04.22 19:50:00;4729.94;1678.0;31;WIN;NEXT_SIGNAL;2026.04.22 19:55:00;4730.31;1641.0;32;WIN;REV;YES;;;;6.90;34;4748.09;4748.33;-24.5;0.0;BEAR;SELL;OFF;0.87;18.55;17.54;19.52;4755.35;4739.82;4732.92;4726.02;4719.11;4712.21
2026.04.22 19:50:00;XAUUSD;PERIOD_M5;LIVE;VALID;BUY;4729.94;2026.04.22 21:15:00;4732.75;281.0;17;WIN;NEXT_SIGNAL;2026.04.22 21:20:00;4732.74;280.0;18;WIN;REV;YES;;;;4.05;34;4729.12;4728.90;22.2;0.0;BEAR;SELL;OFF;0.86;18.52;19.31;15.85;4724.88;4733.99;4738.04;4742.09;4746.13;4750.18
2026.04.22 21:15:00;XAUUSD;PERIOD_M5;LIVE;VALID;SELL;4732.75;2026.04.22 21:40:00;4739.33;-658.0;5;LOSS;NEXT_SIGNAL;2026.04.22 21:45:00;4739.61;-686.0;6;LOSS;REV;YES;;;;3.23;35;4735.48;4735.52;-3.6;0.0;BEAR;SELL;OFF;0.85;22.25;13.52;25.87;4736.79;4729.52;4726.29;4723.06;4719.82;4716.59
2026.04.22 21:40:00;XAUUSD;PERIOD_M5;LIVE;VALID;BUY;4739.33;2026.04.22 22:45:00;4738.51;-82.0;13;LOSS;NEXT_SIGNAL;2026.04.22 22:50:00;4738.48;-85.0;14;LOSS;REV;YES;;;;3.34;35;4735.66;4735.44;21.7;0.0;BEAR NOISE;SELL;OFF;0.88;21.70;22.46;18.87;4735.15;4742.67;4746.02;4749.36;4752.71;4756.05
2026.04.22 22:45:00;XAUUSD;PERIOD_M5;LIVE;VALID;SELL;4738.51;2026.04.23 01:15:00;4736.24;227.0;18;WIN;NEXT_SIGNAL;2026.04.23 01:00:01;4743.42;-491.0;15;LOSS;REV;YES;;;;3.95;35;4740.12;4740.22;-9.7;0.0;BULL;BUY;OFF;0.75;15.34;17.02;27.20;4743.45;4734.56;4730.60;4726.65;4722.70;4718.74
2026.04.23 01:15:00;XAUUSD;PERIOD_M5;LIVE;VALID;SELL;4736.24;2026.04.23 03:25:00;4741.43;-519.0;26;LOSS;NEXT_SIGNAL;2026.04.23 03:30:00;4741.82;-558.0;27;LOSS;REV;NO;POSITION_ACTIVE;;;3.01;36;4737.97;4738.07;-9.7;-14.0;BULL;BUY;OFF;0.95;20.01;19.10;17.84;4740.01;4733.23;4730.22;4727.20;4724.19;4721.18
2026.04.23 03:25:00;XAUUSD;PERIOD_M5;LIVE;VALID;BUY;4741.43;2026.04.23 04:25:00;4728.13;-1330.0;12;LOSS;NEXT_SIGNAL;2026.04.23 04:30:00;4728.15;-1328.0;13;LOSS;REV;YES;;;;8.01;36;4725.50;4724.41;108.7;26.6;BULL;BUY;OFF;0.78;25.09;28.43;25.86;4731.42;4749.44;4757.44;4765.45;4773.45;4781.46
2026.04.23 04:25:00;XAUUSD;PERIOD_M5;LIVE;VALID;SELL;4728.13;2026.04.23 06:50:00;4705.42;2271.0;29;WIN;NEXT_SIGNAL;2026.04.23 06:55:00;4705.79;2234.0;30;WIN;REV;YES;;;;7.38;36;4736.22;4737.64;-141.8;-14.0;BULL;BUY;OFF;0.92;28.01;11.98;33.88;4737.35;4720.75;4713.38;4706.00;4698.62;4691.25
2026.04.23 06:50:00;XAUUSD;PERIOD_M5;LIVE;VALID;BUY;4705.42;2026.04.23 07:40:00;4701.60;-382.0;10;LOSS;NEXT_SIGNAL;2026.04.23 07:45:00;4701.59;-383.0;11;LOSS;REV;YES;;;;5.45;36;4704.64;4704.41;22.3;0.0;BULL;BUY;OFF;0.97;25.64;10.92;10.12;4698.61;4710.87;4716.31;4721.76;4727.20;4732.65
2026.04.23 07:40:00;XAUUSD;PERIOD_M5;LIVE;VALID;SELL;4701.60;2026.04.23 08:00:00;4707.14;-554.0;4;LOSS;NEXT_SIGNAL;2026.04.23 08:05:00;4707.46;-586.0;5;LOSS;REV;YES;;;;3.45;34;4703.86;4704.10;-24.1;0.0;BULL;BUY;OFF;0.85;22.21;8.98;19.05;4705.91;4698.15;4694.71;4691.26;4687.81;4684.37
2026.04.23 08:00:00;XAUUSD;PERIOD_M5;LIVE;VALID;BUY;4707.14;2026.04.23 08:40:00;4701.54;-560.0;8;LOSS;NEXT_SIGNAL;2026.04.23 08:45:00;4701.53;-561.0;9;LOSS;REV;YES;;;;3.41;34;4704.31;4704.17;13.5;0.0;BULL;BUY;OFF;0.81;23.56;20.71;19.17;4702.88;4710.55;4713.96;4717.37;4720.79;4724.20
2026.04.23 08:40:00;XAUUSD;PERIOD_M5;LIVE;VALID;SELL;4701.54;2026.04.23 08:45:00;4710.37;-883.0;1;LOSS;NEXT_SIGNAL;2026.04.23 08:50:00;4710.85;-931.0;2;LOSS;REV;YES;;;;4.12;36;4704.50;4704.98;-47.6;0.0;BULL;BUY;OFF;0.84;23.21;11.99;28.26;4706.69;4697.42;4693.30;4689.18;4685.06;4680.94
2026.04.23 08:45:00;XAUUSD;PERIOD_M5;LIVE;VALID;BUY;4710.37;2026.04.23 10:05:00;4709.89;-48.0;16;LOSS;NEXT_SIGNAL;2026.04.23 10:10:00;4710.08;-29.0;17;LOSS;REV;YES;;;;4.41;36;4705.80;4705.50;30.5;14.0;BULL;BUY;OFF;0.88;21.30;20.51;24.50;4704.86;4714.78;4719.19;4723.60;4728.02;4732.43
2026.04.23 10:05:00;XAUUSD;PERIOD_M5;LIVE;VALID;SELL;4709.89;2026.04.23 10:45:00;4720.30;-1041.0;8;LOSS;NEXT_SIGNAL;2026.04.23 10:50:00;4720.68;-1079.0;9;LOSS;REV;YES;;;;4.86;35;4712.50;4712.54;-4.0;0.0;BULL;BUY;OFF;0.69;15.20;21.11;21.85;4715.96;4705.03;4700.18;4695.32;4690.46;4685.61
2026.04.23 10:45:00;XAUUSD;PERIOD_M5;LIVE;VALID;BUY;4720.30;2026.04.23 11:35:00;4707.63;-1267.0;10;LOSS;NEXT_SIGNAL;2026.04.23 11:40:00;4707.68;-1262.0;11;LOSS;REV;YES;;;;6.18;35;4712.86;4712.10;76.5;14.0;BULL;BUY;OFF;0.67;14.90;26.28;12.46;4712.57;4726.48;4732.66;4738.85;4745.03;4751.21
2026.04.23 11:35:00;XAUUSD;PERIOD_M5;LIVE;VALID;SELL;4707.63;2026.04.23 14:00:00;4698.57;906.0;29;WIN;NEXT_SIGNAL;2026.04.23 14:05:00;4698.87;876.0;30;WIN;REV;YES;;;;5.45;34;4713.83;4714.86;-102.9;-14.0;BULL;BUY;OFF;0.86;28.58;11.33;27.21;4714.44;4702.18;4696.73;4691.28;4685.83;4680.38
2026.04.23 14:00:00;XAUUSD;PERIOD_M5;LIVE;VALID;BUY;4698.57;2026.04.23 16:10:00;4726.49;2792.0;26;WIN;NEXT_SIGNAL;2026.04.23 16:15:00;4726.45;2788.0;27;WIN;REV;YES;;;;5.72;35;4693.86;4693.11;74.6;0.0;BULL;BUY;OFF;0.87;39.69;25.87;12.08;4691.42;4704.29;4710.01;4715.73;4721.45;4727.17
2026.04.23 16:10:00;XAUUSD;PERIOD_M5;LIVE;VALID;SELL;4726.49;2026.04.23 16:50:00;4734.85;-836.0;8;LOSS;NEXT_SIGNAL;2026.04.23 16:55:00;4735.16;-867.0;9;LOSS;REV;YES;;;;7.10;35;4731.96;4732.25;-29.1;14.0;BULL NOISE;BUY;OFF;0.90;44.87;20.65;23.03;4735.36;4719.39;4712.29;4705.20;4698.10;4691.00
2026.04.23 16:50:00;XAUUSD;PERIOD_M5;LIVE;VALID;BUY;4734.85;2026.04.23 16:55:00;4724.82;-1003.0;1;LOSS;NEXT_SIGNAL;2026.04.23 17:00:00;4724.83;-1002.0;2;LOSS;REV;YES;;;;6.64;34;4732.16;4731.95;21.3;0.0;BULL;BUY;OFF;0.87;34.78;28.09;7.78;4726.55;4741.49;4748.12;4754.76;4761.40;4768.04
2026.04.23 16:55:00;XAUUSD;PERIOD_M5;LIVE;VALID;SELL;4724.82;2026.04.23 17:30:00;4729.22;-440.0;7;LOSS;NEXT_SIGNAL;2026.04.23 17:35:00;4729.56;-474.0;8;LOSS;REV;YES;;;;6.66;35;4730.53;4731.18;-65.0;-14.0;BULL NOISE;BUY;OFF;0.82;31.83;24.34;18.89;4733.15;4718.16;4711.49;4704.83;4698.17;4691.51
2026.04.23 17:30:00;XAUUSD;PERIOD_M5;LIVE;VALID;BUY;4729.22;2026.04.23 18:40:00;4727.33;-189.0;14;LOSS;NEXT_SIGNAL;2026.04.23 18:45:00;4727.34;-188.0;15;LOSS;REV;YES;;;;6.88;35;4728.28;4728.19;8.5;0.0;BULL;BUY;OFF;0.80;27.82;30.74;13.52;4720.62;4736.10;4742.98;4749.86;4756.74;4763.62
2026.04.23 18:40:00;XAUUSD;PERIOD_M5;LIVE;VALID;SELL;4727.33;2026.04.23 19:35:00;4728.28;-95.0;11;LOSS;NEXT_SIGNAL;2026.04.23 19:40:00;4728.57;-124.0;12;LOSS;REV;YES;;;;5.49;35;4731.63;4731.93;-30.0;-14.0;BULL;BUY;OFF;0.78;24.56;11.56;27.05;4734.20;4721.84;4716.34;4710.85;4705.35;4699.86
2026.04.23 19:35:00;XAUUSD;PERIOD_M5;LIVE;VALID;BUY;4728.28;2026.04.23 20:05:00;4708.42;-1986.0;6;LOSS;NEXT_SIGNAL;2026.04.23 20:10:00;4708.38;-1990.0;7;LOSS;REV;YES;;;;4.96;34;4724.83;4724.75;7.9;14.0;BULL;BUY;OFF;0.92;31.02;22.50;12.05;4722.08;4733.24;4738.21;4743.17;4748.13;4753.09
2026.04.23 20:05:00;XAUUSD;PERIOD_M5;LIVE;VALID;SELL;4708.42;2026.04.23 21:10:00;4714.26;-584.0;13;LOSS;NEXT_SIGNAL;2026.04.23 21:15:00;4714.64;-622.0;14;LOSS;REV;YES;;;;5.91;35;4724.68;4725.46;-78.0;-36.9;BEAR;SELL;OFF;0.87;31.30;19.40;29.15;4715.81;4702.51;4696.60;4690.69;4684.77;4678.86
2026.04.23 21:10:00;XAUUSD;PERIOD_M5;LIVE;VALID;BUY;4714.26;2026.04.23 21:55:00;4701.00;-1326.0;9;LOSS;NEXT_SIGNAL;2026.04.23 22:00:00;4700.97;-1329.0;10;LOSS;REV;YES;;;;15.20;34;4707.10;4706.82;27.8;0.0;BEAR;SELL;OFF;0.82;22.77;21.56;16.21;4695.26;4729.46;4744.67;4759.87;4775.07;4790.27
2026.04.23 21:55:00;XAUUSD;PERIOD_M5;LIVE;VALID;SELL;4701.00;2026.04.24 01:00:00;4695.11;589.0;25;WIN;NEXT_SIGNAL;2026.04.24 01:05:01;4695.55;545.0;26;WIN;REV;YES;;;;9.75;35;4708.58;4708.71;-12.9;0.0;BEAR;SELL;OFF;0.85;23.44;11.21;25.88;4713.19;4691.25;4681.49;4671.74;4661.98;4652.23
2026.04.24 01:00:00;XAUUSD;PERIOD_M5;LIVE;VALID;BUY;4695.11;2026.04.24 01:45:00;4692.39;-272.0;9;LOSS;NEXT_SIGNAL;2026.04.24 01:50:00;4692.43;-268.0;10;LOSS;REV;YES;;;;3.84;45;4692.70;4692.53;17.4;0.0;BEAR;SELL;OFF;0.72;24.73;32.73;19.09;4690.31;4698.95;4702.78;4706.62;4710.46;4714.30
2026.04.24 01:45:00;XAUUSD;PERIOD_M5;LIVE;VALID;SELL;4692.39;2026.04.24 02:30:00;4699.20;-681.0;9;LOSS;NEXT_SIGNAL;2026.04.24 02:35:00;4699.59;-720.0;10;LOSS;REV;YES;;;;3.57;36;4693.31;4693.31;-0.7;0.0;BEAR;SELL;OFF;0.90;13.32;16.73;13.73;4696.85;4688.82;4685.25;4681.68;4678.12;4674.55
2026.04.24 02:30:00;XAUUSD;PERIOD_M5;LIVE;VALID;BUY;4699.20;2026.04.24 04:30:00;4693.46;-574.0;24;LOSS;NEXT_SIGNAL;2026.04.24 04:35:00;4693.51;-569.0;25;LOSS;REV;YES;;;;3.60;36;4693.16;4692.72;43.7;14.0;BEAR NOISE;SELL;OFF;0.87;14.91;29.05;18.03;4694.69;4702.80;4706.41;4710.01;4713.62;4717.22
2026.04.24 04:30:00;XAUUSD;PERIOD_M5;LIVE;VALID;SELL;4693.46;2026.04.24 07:50:00;4674.08;1938.0;40;WIN;NEXT_SIGNAL;2026.04.24 07:55:00;4674.45;1901.0;41;WIN;REV;YES;;;;6.30;36;4700.48;4701.56;-107.5;-26.6;BEAR;SELL;OFF;0.78;21.62;15.76;35.48;4701.34;4687.16;4680.86;4674.55;4668.25;4661.95
2026.04.24 07:50:00;XAUUSD;PERIOD_M5;LIVE;VALID;BUY;4674.08;2026.04.24 09:20:00;4673.66;-42.0;18;LOSS;NEXT_SIGNAL;2026.04.24 09:25:00;4673.78;-30.0;19;LOSS;REV;YES;;;;4.44;34;4669.88;4669.62;26.1;14.0;BEAR NOISE;SELL;OFF;0.77;30.44;28.46;22.62;4668.52;4678.52;4682.97;4687.41;4691.86;4696.30
2026.04.24 09:20:00;XAUUSD;PERIOD_M5;LIVE;VALID;SELL;4673.66;2026.04.24 10:15:00;4680.60;-694.0;11;LOSS;NEXT_SIGNAL;2026.04.24 10:20:00;4680.95;-729.0;12;LOSS;REV;YES;;;;4.22;35;4679.46;4679.95;-48.9;-14.0;BULL NOISE;BUY;OFF;0.76;33.33;15.80;29.69;4678.93;4669.44;4665.22;4661.00;4656.79;4652.57
2026.04.24 10:15:00;XAUUSD;PERIOD_M5;LIVE;VALID;BUY;4680.60;2026.04.24 12:25:00;4684.28;368.0;26;WIN;NEXT_SIGNAL;2026.04.24 12:30:00;4684.27;367.0;27;WIN;REV;YES;;;;4.86;34;4676.99;4676.35;64.2;0.0;BULL;BUY;OFF;0.85;28.99;21.40;13.80;4674.53;4685.46;4690.32;4695.18;4700.04;4704.90
2026.04.24 12:25:00;XAUUSD;PERIOD_M5;LIVE;VALID;SELL;4684.28;2026.04.24 14:00:00;4694.26;-998.0;19;LOSS;NEXT_SIGNAL;2026.04.24 14:05:00;4694.66;-1038.0;20;LOSS;REV;YES;;;;4.28;34;4689.25;4689.88;-63.8;-14.0;BULL NOISE;BUY;OFF;0.81;31.35;19.10;25.38;4689.63;4680.00;4675.72;4671.45;4667.17;4662.89
2026.04.24 14:00:00;XAUUSD;PERIOD_M5;LIVE;VALID;BUY;4694.26;2026.04.24 15:40:00;4698.35;409.0;20;WIN;NEXT_SIGNAL;2026.04.24 15:45:00;4698.24;398.0;21;WIN;REV;YES;;;;4.71;35;4682.56;4681.64;92.4;26.6;BULL;BUY;OFF;0.78;22.32;20.45;14.16;4688.38;4698.97;4703.67;4708.38;4713.09;4717.80
2026.04.24 15:40:00;XAUUSD;PERIOD_M5;LIVE;VALID;SELL;4698.35;2026.04.24 16:40:00;4709.26;-1091.0;12;LOSS;NEXT_SIGNAL;2026.04.24 16:45:00;4709.65;-1130.0;13;LOSS;REV;YES;;;;5.51;35;4705.01;4706.23;-121.4;-14.0;BULL NOISE;BUY;OFF;0.90;17.84;9.89;24.40;4705.24;4692.84;4687.33;4681.82;4676.31;4670.80
2026.04.24 16:40:00;XAUUSD;PERIOD_M5;LIVE;VALID;BUY;4709.26;2026.04.24 18:10:00;4722.47;1321.0;18;WIN;NEXT_SIGNAL;2026.04.24 18:15:00;4722.49;1323.0;19;WIN;REV;YES;;;;7.49;35;4701.46;4700.71;74.8;26.6;BULL;BUY;OFF;0.68;19.46;21.86;16.43;4699.89;4716.75;4724.25;4731.74;4739.23;4746.72
2026.04.24 18:10:00;XAUUSD;PERIOD_M5;LIVE;VALID;SELL;4722.47;2026.04.24 18:50:00;4728.64;-617.0;8;LOSS;NEXT_SIGNAL;2026.04.24 18:55:00;4728.83;-636.0;9;LOSS;REV;YES;;;;7.15;35;4724.73;4725.09;-36.1;0.0;BULL;BUY;OFF;0.88;26.78;9.77;19.43;4731.40;4715.32;4708.17;4701.03;4693.88;4686.73
2026.04.24 18:50:00;XAUUSD;PERIOD_M5;LIVE;VALID;BUY;4728.64;2026.04.24 19:10:00;4720.18;-846.0;4;LOSS;NEXT_SIGNAL;2026.04.24 19:15:00;4720.16;-848.0;5;LOSS;REV;YES;;;;6.18;34;4725.13;4724.64;48.2;0.0;BULL;BUY;OFF;0.88;18.94;16.92;12.17;4720.91;4734.82;4741.01;4747.19;4753.37;4759.56
2026.04.24 19:10:00;XAUUSD;PERIOD_M5;LIVE;VALID;SELL;4720.18;2026.04.24 19:25:00;4725.27;-509.0;3;LOSS;NEXT_SIGNAL;2026.04.24 19:30:00;4725.74;-556.0;4;LOSS;REV;YES;;;;6.24;34;4723.74;4724.03;-28.8;-14.0;BULL;BUY;OFF;0.92;19.33;9.55;18.42;4727.99;4713.94;4707.69;4701.45;4695.20;4688.96
2026.04.24 19:25:00;XAUUSD;PERIOD_M5;LIVE;VALID;BUY;4725.27;2026.04.24 19:40:00;4723.38;-189.0;3;LOSS;NEXT_SIGNAL;2026.04.24 19:45:00;4723.37;-190.0;4;LOSS;REV;YES;;;;5.94;35;4723.96;4723.89;6.7;0.0;BULL;BUY;OFF;0.91;17.88;17.33;16.21;4717.85;4731.21;4737.14;4743.08;4749.02;4754.95
2026.04.24 19:40:00;XAUUSD;PERIOD_M5;LIVE;VALID;SELL;4723.38;2026.04.24 19:55:00;4727.89;-451.0;3;LOSS;NEXT_SIGNAL;2026.04.24 20:00:00;4728.10;-472.0;4;LOSS;REV;YES;;;;5.50;36;4724.02;4724.03;-0.9;0.0;BULL;BUY;OFF;0.93;17.87;15.88;23.86;4730.25;4717.88;4712.38;4706.88;4701.39;4695.89
2026.04.24 19:55:00;XAUUSD;PERIOD_M5;LIVE;VALID;BUY;4727.89;2026.04.24 20:30:00;4721.54;-635.0;7;LOSS;NEXT_SIGNAL;2026.04.24 20:35:00;4721.52;-637.0;8;LOSS;REV;YES;;;;4.19;35;4724.74;4724.39;35.3;14.0;BULL;BUY;OFF;0.92;16.99;21.03;15.53;4722.65;4732.08;4736.27;4740.46;4744.65;4748.84
2026.04.24 20:30:00;XAUUSD;PERIOD_M5;LIVE;VALID;SELL;4721.54;2026.04.24 22:00:00;4723.93;-239.0;18;LOSS;NEXT_SIGNAL;2026.04.24 22:05:01;4724.24;-270.0;19;LOSS;REV;YES;;;;3.75;35;4724.99;4725.23;-24.5;0.0;BULL NOISE;BUY;OFF;0.73;17.13;14.42;24.61;4726.22;4717.79;4714.05;4710.30;4706.55;4702.81
2026.04.24 22:00:00;XAUUSD;PERIOD_M5;LIVE;VALID;BUY;4723.93;2026.04.24 22:20:00;4718.31;-562.0;4;LOSS;NEXT_SIGNAL;2026.04.24 22:25:00;4718.35;-558.0;5;LOSS;REV;YES;;;;3.00;35;4721.48;4721.26;21.6;0.0;BULL;BUY;OFF;0.93;24.05;27.54;14.26;4720.19;4726.93;4729.92;4732.92;4735.91;4738.91
2026.04.24 22:20:00;XAUUSD;PERIOD_M5;LIVE;VALID;SELL;4718.31;2026.04.27 03:40:00;4680.75;3756.0;52;WIN;NEXT_SIGNAL;2026.04.27 03:45:00;4681.23;3708.0;53;WIN;REV;YES;;;;2.97;35;4720.81;4720.95;-13.7;-14.0;BULL;BUY;OFF;0.87;21.42;15.53;24.84;4722.03;4715.34;4712.37;4709.39;4706.42;4703.45
2026.04.27 03:40:00;XAUUSD;PERIOD_M5;LIVE;VALID;BUY;4680.75;2026.04.27 07:50:00;4724.72;4397.0;50;WIN;NEXT_SIGNAL;2026.04.27 07:55:00;4724.73;4398.0;51;WIN;REV;YES;;;;3.94;34;4679.42;4679.20;21.5;0.0;BEAR;SELL;OFF;0.88;25.36;17.00;13.01;4675.83;4684.69;4688.63;4692.56;4696.50;4700.44
2026.04.27 07:50:00;XAUUSD;PERIOD_M5;LIVE;VALID;SELL;4724.72;2026.04.27 09:50:00;4713.30;1142.0;24;WIN;NEXT_SIGNAL;2026.04.27 09:55:00;4713.63;1109.0;25;WIN;REV;YES;;;;2.67;34;4725.76;4725.77;-0.5;0.0;BULL;BUY;OFF;0.79;30.96;13.91;24.49;4728.06;4722.05;4719.37;4716.70;4714.03;4711.36
2026.04.27 09:50:00;XAUUSD;PERIOD_M5;LIVE;VALID;BUY;4713.30;2026.04.27 10:50:00;4712.34;-96.0;12;LOSS;NEXT_SIGNAL;2026.04.27 10:55:00;4712.39;-91.0;13;LOSS;REV;YES;;;;3.33;34;4712.51;4712.40;11.3;0.0;BULL;BUY;OFF;0.89;23.00;21.69;17.24;4709.13;4716.63;4719.96;4723.30;4726.63;4729.96
2026.04.27 10:50:00;XAUUSD;PERIOD_M5;LIVE;VALID;SELL;4712.34;2026.04.27 13:25:00;4704.79;755.0;31;WIN;NEXT_SIGNAL;2026.04.27 13:30:00;4705.15;719.0;32;WIN;REV;YES;;;;3.86;35;4714.54;4714.71;-17.0;-14.0;BULL;BUY;OFF;0.87;15.88;8.46;21.96;4717.16;4708.48;4704.63;4700.77;4696.92;4693.06
2026.04.27 13:25:00;XAUUSD;PERIOD_M5;LIVE;VALID;BUY;4704.79;2026.04.27 14:15:00;4704.29;-50.0;10;LOSS;NEXT_SIGNAL;2026.04.27 14:20:02;4704.30;-49.0;11;LOSS;REV;YES;;;;3.26;35;4703.56;4703.43;13.5;0.0;BULL;BUY;OFF;0.90;24.16;20.95;22.21;4700.72;4708.05;4711.30;4714.56;4717.82;4721.07
2026.04.27 14:15:00;XAUUSD;PERIOD_M5;LIVE;VALID;SELL;4704.29;2026.04.27 15:10:00;4708.74;-445.0;11;LOSS;NEXT_SIGNAL;2026.04.27 15:15:00;4709.03;-474.0;12;LOSS;REV;YES;;;;3.10;35;4705.86;4705.94;-7.9;0.0;BULL;BUY;OFF;0.87;22.82;13.42;30.53;4708.17;4701.19;4698.09;4694.98;4691.88;4688.78
2026.04.27 15:10:00;XAUUSD;PERIOD_M5;LIVE;VALID;BUY;4708.74;2026.04.27 15:35:00;4701.09;-765.0;5;LOSS;NEXT_SIGNAL;2026.04.27 15:40:00;4700.99;-775.0;6;LOSS;REV;YES;;;;3.79;35;4705.56;4705.10;46.7;0.0;BULL;BUY;OFF;0.69;16.67;21.89;16.41;4704.00;4712.53;4716.32;4720.11;4723.91;4727.70
2026.04.27 15:35:00;XAUUSD;PERIOD_M5;LIVE;VALID;SELL;4701.09;2026.04.27 19:20:00;4675.63;2546.0;45;WIN;NEXT_SIGNAL;2026.04.27 19:25:00;4675.98;2511.0;46;WIN;REV;YES;;;;4.32;35;4705.27;4705.40;-12.5;-14.0;BULL NOISE;BUY;OFF;0.72;16.56;16.14;25.30;4706.49;4696.77;4692.44;4688.12;4683.80;4679.47
2026.04.27 19:20:00;XAUUSD;PERIOD_M5;LIVE;VALID;BUY;4675.63;2026.04.27 20:10:00;4674.25;-138.0;10;LOSS;NEXT_SIGNAL;2026.04.27 20:15:00;4674.24;-139.0;11;LOSS;REV;YES;;;;4.55;34;4674.63;4674.63;0.1;0.0;BULL;BUY;OFF;0.80;23.66;24.39;16.24;4669.95;4680.18;4684.72;4689.27;4693.81;4698.36
2026.04.27 20:10:00;XAUUSD;PERIOD_M5;LIVE;VALID;SELL;4674.25;2026.04.27 20:25:00;4679.86;-561.0;3;LOSS;NEXT_SIGNAL;2026.04.27 20:30:00;4680.25;-600.0;4;LOSS;REV;YES;;;;3.03;35;4674.97;4675.08;-10.6;0.0;BULL;BUY;OFF;0.80;16.83;14.24;23.18;4678.04;4671.22;4668.18;4665.15;4662.11;4659.07
2026.04.27 20:25:00;XAUUSD;PERIOD_M5;LIVE;VALID;BUY;4679.86;2026.04.27 21:55:00;4680.48;62.0;18;WIN;NEXT_SIGNAL;2026.04.27 22:00:00;4680.50;64.0;19;WIN;REV;YES;;;;3.63;34;4675.53;4675.27;26.0;14.0;BULL;BUY;OFF;0.75;17.48;21.55;20.62;4675.32;4683.49;4687.13;4690.76;4694.40;4698.03
2026.04.27 21:55:00;XAUUSD;PERIOD_M5;LIVE;VALID;SELL;4680.48;2026.04.28 03:35:00;4692.17;-1169.0;56;LOSS;NEXT_SIGNAL;2026.04.28 01:00:00;4685.12;-464.0;25;LOSS;REV;YES;;;;2.29;35;4682.39;4682.46;-7.9;-14.0;BULL;BUY;OFF;0.86;17.25;20.63;24.54;4683.34;4678.19;4675.90;4673.61;4671.33;4669.04
2026.04.28 03:35:00;XAUUSD;PERIOD_M5;LIVE;VALID;SELL;4692.17;2026.04.28 06:20:00;4672.67;1950.0;33;WIN;NEXT_SIGNAL;2026.04.28 06:25:01;4673.02;1915.0;34;WIN;REV;NO;POSITION_ACTIVE;;;2.97;36;4694.55;4694.67;-11.9;0.0;BULL NOISE;BUY;OFF;0.84;32.63;15.12;20.17;4695.88;4689.20;4686.24;4683.27;4680.30;4677.33
2026.04.28 06:20:00;XAUUSD;PERIOD_M5;LIVE;VALID;BUY;4672.67;2026.04.28 06:50:00;4669.26;-341.0;6;LOSS;NEXT_SIGNAL;2026.04.28 06:55:01;4669.25;-342.0;7;LOSS;REV;YES;;;;3.05;36;4672.57;4672.56;1.2;0.0;BEAR;SELL;OFF;0.92;25.15;21.22;20.24;4668.85;4675.72;4678.78;4681.83;4684.88;4687.94
2026.04.28 06:50:00;XAUUSD;PERIOD_M5;LIVE;VALID;SELL;4669.26;2026.04.28 10:05:00;4633.69;3557.0;39;WIN;NEXT_SIGNAL;2026.04.28 10:10:00;4634.01;3525.0;40;WIN;REV;YES;;;;2.78;36;4671.66;4671.97;-31.7;0.0;BEAR;SELL;OFF;0.95;21.29;8.99;23.56;4672.73;4666.48;4663.70;4660.92;4658.14;4655.36
2026.04.28 10:05:00;XAUUSD;PERIOD_M5;LIVE;VALID;BUY;4633.69;2026.04.28 10:25:00;4628.61;-508.0;4;LOSS;NEXT_SIGNAL;2026.04.28 10:30:00;4628.49;-520.0;5;LOSS;REV;YES;;;;7.71;34;4631.81;4631.53;27.8;0.0;BEAR;SELL;OFF;0.88;24.80;15.67;17.07;4624.05;4641.40;4649.11;4656.83;4664.54;4672.25
2026.04.28 10:25:00;XAUUSD;PERIOD_M5;LIVE;VALID;SELL;4628.61;2026.04.28 11:35:00;4629.34;-73.0;14;LOSS;NEXT_SIGNAL;2026.04.28 11:40:00;4629.63;-102.0;15;LOSS;REV;YES;;;;6.83;34;4631.25;4631.38;-13.0;0.0;BEAR;SELL;OFF;0.94;26.75;8.84;21.80;4637.15;4621.78;4614.95;4608.11;4601.28;4594.45
2026.04.28 11:35:00;XAUUSD;PERIOD_M5;LIVE;VALID;BUY;4629.34;2026.04.28 12:10:00;4623.40;-594.0;7;LOSS;NEXT_SIGNAL;2026.04.28 12:15:00;4623.20;-614.0;8;LOSS;REV;YES;;;;7.12;34;4626.53;4626.24;29.5;14.0;BEAR;SELL;OFF;0.96;24.21;24.41;8.94;4620.44;4636.46;4643.58;4650.71;4657.83;4664.95
2026.04.28 12:10:00;XAUUSD;PERIOD_M5;LIVE;VALID;SELL;4623.40;2026.04.28 13:35:00;4614.63;877.0;17;WIN;NEXT_SIGNAL;2026.04.28 13:40:00;4614.96;844.0;18;WIN;REV;YES;;;;5.51;34;4625.96;4625.96;-0.1;0.0;BEAR;SELL;OFF;0.94;15.18;12.53;15.28;4630.28;4617.89;4612.39;4606.88;4601.37;4595.86
2026.04.28 13:35:00;XAUUSD;PERIOD_M5;LIVE;VALID;BUY;4614.63;2026.04.28 13:55:00;4603.19;-1144.0;4;LOSS;NEXT_SIGNAL;2026.04.28 14:00:00;4603.11;-1152.0;5;LOSS;REV;YES;;;;5.06;34;4612.65;4612.32;33.2;0.0;BEAR;SELL;OFF;0.86;27.61;14.69;12.04;4608.31;4619.69;4624.74;4629.80;4634.86;4639.92
2026.04.28 13:55:00;XAUUSD;PERIOD_M5;LIVE;VALID;SELL;4603.19;2026.04.28 15:30:00;4578.99;2420.0;19;WIN;NEXT_SIGNAL;2026.04.28 15:35:00;4579.33;2386.0;20;WIN;REV;YES;;;;4.85;35;4610.19;4610.99;-79.7;-14.0;BEAR;SELL;OFF;0.94;25.96;10.11;25.75;4609.26;4598.34;4593.48;4588.63;4583.77;4578.92
2026.04.28 15:30:00;XAUUSD;PERIOD_M5;LIVE;VALID;BUY;4578.99;2026.04.28 16:15:00;4576.56;-243.0;9;LOSS;NEXT_SIGNAL;2026.04.28 16:20:00;4577.55;-144.0;10;LOSS;REV;YES;;;;11.24;35;4577.28;4577.25;3.6;-14.0;BEAR;SELL;OFF;0.93;33.85;23.20;20.26;4564.94;4590.23;4601.47;4612.71;4623.95;4635.19
2026.04.28 16:15:00;XAUUSD;PERIOD_M5;LIVE;VALID;SELL;4576.56;2026.04.28 18:05:00;4572.67;389.0;22;WIN;NEXT_SIGNAL;2026.04.28 18:10:00;4573.02;354.0;23;WIN;REV;YES;;;;10.29;36;4581.12;4581.52;-40.1;0.0;BEAR;SELL;OFF;0.89;28.19;15.62;23.35;4589.43;4566.27;4555.97;4545.68;4535.38;4525.09
2026.04.28 18:05:00;XAUUSD;PERIOD_M5;LIVE;VALID;BUY;4572.67;2026.04.28 21:50:00;4595.20;2253.0;45;WIN;NEXT_SIGNAL;2026.04.28 21:55:00;4594.86;2219.0;46;WIN;REV;YES;;;;9.50;34;4570.39;4570.01;38.1;0.0;BEAR;SELL;OFF;0.80;18.27;25.04;19.47;4560.79;4582.17;4591.68;4601.18;4610.69;4620.19
2026.04.28 21:50:00;XAUUSD;PERIOD_M5;LIVE;VALID;SELL;4595.20;2026.04.28 22:35:00;4598.49;-329.0;9;LOSS;NEXT_SIGNAL;2026.04.28 22:40:00;4598.80;-360.0;10;LOSS;REV;YES;;;;3.26;35;4596.71;4596.76;-4.9;0.0;BEAR;SELL;OFF;0.85;17.96;22.24;21.35;4599.28;4591.94;4588.67;4585.41;4582.14;4578.88
2026.04.28 22:35:00;XAUUSD;PERIOD_M5;LIVE;VALID;BUY;4598.49;2026.04.28 23:15:00;4594.21;-428.0;8;LOSS;NEXT_SIGNAL;2026.04.28 23:20:00;4594.22;-427.0;9;LOSS;REV;YES;;;;2.63;34;4596.56;4596.38;18.2;0.0;BEAR;SELL;OFF;0.80;14.22;28.16;21.41;4595.20;4601.12;4603.76;4606.39;4609.03;4611.66
2026.04.28 23:15:00;XAUUSD;PERIOD_M5;LIVE;VALID;SELL;4594.21;2026.04.29 01:00:00;4598.51;-430.0;9;LOSS;NEXT_SIGNAL;2026.04.29 01:05:00;4598.95;-474.0;10;LOSS;REV;YES;;;;2.46;45;4596.34;4596.46;-12.7;0.0;BEAR;SELL;OFF;0.96;12.37;22.08;23.18;4597.29;4591.75;4589.29;4586.83;4584.36;4581.90
2026.04.29 01:00:00;XAUUSD;PERIOD_M5;LIVE;VALID;BUY;4598.51;2026.04.29 01:40:00;4593.56;-495.0;8;LOSS;NEXT_SIGNAL;2026.04.29 01:45:00;4593.52;-499.0;9;LOSS;REV;YES;;;;2.59;45;4595.79;4595.40;39.2;0.0;BEAR NOISE;SELL;OFF;0.92;20.40;33.36;13.06;4595.27;4601.10;4603.69;4606.28;4608.86;4611.45
2026.04.29 01:40:00;XAUUSD;PERIOD_M5;LIVE;VALID;SELL;4593.56;2026.04.29 03:00:00;4606.54;-1298.0;16;LOSS;NEXT_SIGNAL;2026.04.29 03:05:00;4606.95;-1339.0;17;LOSS;REV;YES;;;;2.41;36;4595.27;4595.41;-13.7;0.0;BEAR;SELL;OFF;0.84;21.41;13.36;23.17;4596.57;4591.15;4588.75;4586.34;4583.93;4581.52
2026.04.29 03:00:00;XAUUSD;PERIOD_M5;LIVE;VALID;BUY;4606.54;2026.04.29 04:00:00;4582.49;-2405.0;12;LOSS;NEXT_SIGNAL;2026.04.29 04:05:00;4582.47;-2407.0;13;LOSS;REV;YES;;;;3.34;36;4595.23;4593.31;192.3;14.0;BULL;BUY;OFF;0.83;30.76;34.10;14.30;4602.36;4609.88;4613.23;4616.57;4619.91;4623.25
2026.04.29 04:00:00;XAUUSD;PERIOD_M5;LIVE;VALID;SELL;4582.49;2026.04.29 05:05:00;4598.74;-1625.0;13;LOSS;NEXT_SIGNAL;2026.04.29 05:10:00;4599.07;-1658.0;14;LOSS;REV;YES;;;;5.69;36;4596.58;4598.83;-224.7;-14.0;BEAR;SELL;OFF;0.80;21.88;23.04;33.17;4589.61;4576.80;4571.10;4565.41;4559.72;4554.02
2026.04.29 05:05:00;XAUUSD;PERIOD_M5;LIVE;VALID;BUY;4598.74;2026.04.29 06:35:00;4594.89;-385.0;18;LOSS;NEXT_SIGNAL;2026.04.29 06:40:00;4594.88;-386.0;19;LOSS;REV;YES;;;;7.95;34;4589.44;4587.99;144.9;14.0;BEAR NOISE;SELL;OFF;0.77;22.85;30.27;13.64;4588.80;4606.69;4614.64;4622.59;4630.53;4638.48
2026.04.29 06:35:00;XAUUSD;PERIOD_M5;LIVE;VALID;SELL;4594.89;2026.04.29 07:05:00;4599.84;-495.0;6;LOSS;NEXT_SIGNAL;2026.04.29 07:10:00;4600.23;-534.0;7;LOSS;REV;YES;;;;3.83;36;4597.41;4597.75;-34.3;0.0;BEAR;SELL;OFF;0.81;21.24;16.45;25.76;4599.68;4591.06;4587.23;4583.40;4579.56;4575.73
2026.04.29 07:05:00;XAUUSD;PERIOD_M5;LIVE;VALID;BUY;4599.84;2026.04.29 08:20:00;4599.88;4.0;15;WIN;NEXT_SIGNAL;2026.04.29 08:25:00;4599.86;2.0;16;WIN;REV;YES;;;;3.36;34;4596.85;4596.79;5.9;0.0;BEAR;SELL;OFF;0.90;22.43;24.26;17.12;4595.64;4603.20;4606.56;4609.92;4613.28;4616.64
2026.04.29 08:20:00;XAUUSD;PERIOD_M5;LIVE;VALID;SELL;4599.88;2026.04.29 11:50:00;4574.77;2511.0;42;WIN;NEXT_SIGNAL;2026.04.29 11:55:00;4575.14;2474.0;43;WIN;REV;YES;;;;2.83;36;4601.58;4601.75;-16.3;0.0;BEAR;SELL;OFF;0.86;38.90;18.23;18.25;4603.41;4597.05;4594.23;4591.40;4588.58;4585.75
2026.04.29 11:50:00;XAUUSD;PERIOD_M5;LIVE;VALID;BUY;4574.77;2026.04.29 12:35:00;4564.50;-1027.0;9;LOSS;NEXT_SIGNAL;2026.04.29 12:40:00;4564.47;-1030.0;10;LOSS;REV;YES;;;;5.16;34;4569.15;4568.60;55.0;14.0;BEAR NOISE;SELL;OFF;0.84;33.66;29.24;20.18;4568.32;4579.93;4585.09;4590.25;4595.40;4600.56
2026.04.29 12:35:00;XAUUSD;PERIOD_M5;LIVE;VALID;SELL;4564.50;2026.04.29 13:20:00;4571.56;-706.0;9;LOSS;NEXT_SIGNAL;2026.04.29 13:25:00;4571.85;-735.0;10;LOSS;REV;YES;;;;5.46;35;4569.25;4570.06;-80.9;-14.0;BEAR;SELL;OFF;0.86;21.57;20.86;27.40;4571.33;4559.04;4553.57;4548.11;4542.64;4537.18
2026.04.29 13:20:00;XAUUSD;PERIOD_M5;LIVE;VALID;BUY;4571.56;2026.04.29 14:20:00;4566.14;-542.0;12;LOSS;NEXT_SIGNAL;2026.04.29 14:25:00;4566.13;-543.0;13;LOSS;REV;YES;;;;5.80;35;4566.69;4565.93;76.5;0.0;BEAR;SELL;OFF;0.83;26.66;34.16;16.00;4564.30;4577.36;4583.17;4588.97;4594.78;4600.58
2026.04.29 14:20:00;XAUUSD;PERIOD_M5;LIVE;VALID;SELL;4566.14;2026.04.29 17:25:00;4533.01;3313.0;37;WIN;NEXT_SIGNAL;2026.04.29 17:30:00;4533.51;3263.0;38;WIN;REV;YES;;;;4.36;34;4567.58;4567.90;-31.2;0.0;BEAR;SELL;OFF;0.85;17.75;17.75;22.99;4571.59;4561.78;4557.42;4553.05;4548.69;4544.33
2026.04.29 17:25:00;XAUUSD;PERIOD_M5;LIVE;BLOCKED;BUY;4533.01;2026.04.29 19:40:00;4550.19;1718.0;27;WIN;NEXT_SIGNAL;;;;;;;NO;MARKET;SPREAD;;8.34;51;4529.95;4529.14;81.4;0.0;BEAR;SELL;OFF;0.83;29.46;25.21;14.89;4522.59;4541.35;4549.69;4558.02;4566.36;4574.70
2026.04.29 19:40:00;XAUUSD;PERIOD_M5;LIVE;VALID;SELL;4550.19;2026.04.29 22:05:00;4538.93;1126.0;29;WIN;NEXT_SIGNAL;2026.04.29 22:10:00;4539.23;1096.0;30;WIN;REV;YES;;;;7.31;34;4553.79;4553.85;-5.6;0.0;BEAR;SELL;OFF;0.92;27.23;17.50;23.02;4559.33;4542.88;4535.56;4528.24;4520.93;4513.61
2026.04.29 22:05:00;XAUUSD;PERIOD_M5;LIVE;VALID;BUY;4538.93;2026.04.29 23:30:00;4543.86;493.0;17;WIN;NEXT_SIGNAL;2026.04.29 23:35:00;4543.77;484.0;18;WIN;REV;YES;;;;10.49;34;4534.30;4533.36;94.1;14.0;BEAR;SELL;OFF;0.81;24.61;24.44;19.31;4525.82;4549.42;4559.90;4570.39;4580.88;4591.37
2026.04.29 23:30:00;XAUUSD;PERIOD_M5;LIVE;VALID;SELL;4543.86;2026.04.30 01:15:00;4549.82;-596.0;9;LOSS;NEXT_SIGNAL;2026.04.30 01:20:00;4550.14;-628.0;10;LOSS;REV;YES;;;;5.43;44;4544.77;4544.95;-18.0;0.0;BEAR;SELL;OFF;0.85;15.33;13.49;18.88;4550.65;4538.43;4532.99;4527.56;4522.12;4516.69
2026.04.30 01:15:00;XAUUSD;PERIOD_M5;LIVE;VALID;BUY;4549.82;2026.04.30 05:25:00;4573.01;2319.0;50;WIN;NEXT_SIGNAL;2026.04.30 05:30:00;4573.03;2321.0;51;WIN;REV;YES;;;;4.13;36;4545.36;4544.86;49.4;14.0;BEAR NOISE;SELL;OFF;0.77;20.75;19.15;13.80;4544.65;4553.95;4558.08;4562.22;4566.35;4570.48
2026.04.30 05:25:00;XAUUSD;PERIOD_M5;LIVE;VALID;SELL;4573.01;2026.04.30 08:10:00;4553.14;1987.0;33;WIN;NEXT_SIGNAL;2026.04.30 08:15:00;4553.50;1951.0;34;WIN;REV;YES;;;;5.21;36;4575.83;4575.99;-16.0;0.0;BEAR;SELL;OFF;0.87;18.25;11.83;21.82;4579.52;4567.80;4562.59;4557.38;4552.18;4546.97
2026.04.30 08:10:00;XAUUSD;PERIOD_M5;LIVE;VALID;BUY;4553.14;2026.04.30 14:30:00;4629.94;7680.0;76;WIN;NEXT_SIGNAL;2026.04.30 14:35:00;4629.92;7678.0;77;WIN;REV;YES;;;;4.50;34;4548.91;4548.76;15.8;0.0;BEAR NOISE;SELL;OFF;0.87;31.92;19.61;18.71;4547.51;4557.64;4562.15;4566.65;4571.15;4575.65
2026.04.30 14:30:00;XAUUSD;PERIOD_M5;LIVE;VALID;SELL;4629.94;2026.04.30 15:55:00;4639.50;-956.0;17;LOSS;NEXT_SIGNAL;2026.04.30 16:00:00;4639.88;-994.0;18;LOSS;REV;YES;;;;6.90;35;4635.81;4636.54;-72.6;0.0;BULL;BUY;OFF;0.89;28.71;18.48;19.73;4638.57;4623.04;4616.13;4609.23;4602.33;4595.43
2026.04.30 15:55:00;XAUUSD;PERIOD_M5;LIVE;VALID;BUY;4639.50;2026.04.30 16:35:00;4624.07;-1543.0;8;LOSS;NEXT_SIGNAL;2026.04.30 16:40:00;4624.24;-1526.0;9;LOSS;REV;YES;;;;7.10;34;4632.58;4631.76;82.3;14.0;BULL;BUY;OFF;0.67;19.34;18.89;11.15;4630.63;4646.60;4653.70;4660.80;4667.90;4675.00
2026.04.30 16:35:00;XAUUSD;PERIOD_M5;LIVE;VALID;SELL;4624.07;2026.04.30 18:05:00;4623.32;75.0;18;WIN;NEXT_SIGNAL;2026.04.30 18:10:00;4623.66;41.0;19;WIN;REV;YES;;;;7.05;34;4632.10;4633.43;-133.2;-14.0;BULL NOISE;BUY;OFF;0.67;23.10;13.95;30.65;4632.89;4617.01;4609.96;4602.90;4595.85;4588.80
2026.04.30 18:05:00;XAUUSD;PERIOD_M5;LIVE;VALID;BUY;4623.32;2026.04.30 18:35:00;4615.25;-807.0;6;LOSS;NEXT_SIGNAL;2026.04.30 18:40:00;4615.17;-815.0;7;LOSS;REV;YES;;;;7.63;35;4619.95;4619.48;47.1;0.0;BULL;BUY;OFF;0.90;18.13;12.82;15.77;4613.78;4630.95;4638.58;4646.21;4653.84;4661.47
2026.04.30 18:35:00;XAUUSD;PERIOD_M5;LIVE;VALID;SELL;4615.25;2026.04.30 20:00:00;4617.11;-186.0;17;LOSS;NEXT_SIGNAL;2026.04.30 20:05:00;4617.44;-219.0;18;LOSS;REV;YES;;;;6.65;35;4619.88;4619.90;-1.3;0.0;BULL;BUY;OFF;0.89;16.81;15.42;18.39;4623.56;4608.60;4601.95;4595.31;4588.66;4582.01
2026.04.30 20:00:00;XAUUSD;PERIOD_M5;LIVE;VALID;BUY;4617.11;2026.04.30 22:25:00;4617.64;53.0;29;WIN;NEXT_SIGNAL;2026.04.30 22:30:00;4617.71;60.0;30;WIN;REV;YES;;;;5.49;34;4612.75;4612.43;32.5;14.0;BULL;BUY;OFF;0.68;21.74;17.50;19.26;4610.25;4622.60;4628.09;4633.57;4639.06;4644.55
2026.04.30 22:25:00;XAUUSD;PERIOD_M5;LIVE;VALID;SELL;4617.64;2026.04.30 23:50:00;4620.95;-331.0;17;LOSS;NEXT_SIGNAL;2026.04.30 23:55:00;4621.36;-372.0;18;LOSS;REV;YES;;;;3.23;35;4621.21;4621.77;-56.0;0.0;BULL NOISE;BUY;OFF;0.91;27.94;13.08;23.49;4621.68;4614.41;4611.18;4607.95;4604.71;4601.48
2026.04.30 23:50:00;XAUUSD;PERIOD_M5;LIVE;VALID;BUY;4620.95;2026.05.01 02:20:00;4630.14;919.0;18;WIN;NEXT_SIGNAL;2026.05.01 02:25:00;4630.26;931.0;19;WIN;REV;YES;;;;2.72;45;4618.44;4618.09;35.7;14.0;BULL;BUY;OFF;0.77;18.03;28.07;10.87;4617.55;4623.67;4626.40;4629.12;4631.84;4634.56
2026.05.01 02:20:00;XAUUSD;PERIOD_M5;LIVE;VALID;SELL;4630.14;2026.05.01 02:30:00;4632.76;-262.0;2;LOSS;NEXT_SIGNAL;2026.05.01 02:35:03;4632.86;-272.0;3;LOSS;REV;YES;;;;2.52;34;4629.87;4629.89;-1.9;14.0;BULL;BUY;OFF;0.87;15.27;10.97;9.85;4633.29;4627.62;4625.10;4622.58;4620.05;4617.53
2026.05.01 02:30:00;XAUUSD;PERIOD_M5;LIVE;VALID;BUY;4632.76;2026.05.01 02:55:00;4626.45;-631.0;5;LOSS;NEXT_SIGNAL;2026.05.01 03:00:00;4626.41;-635.0;6;LOSS;REV;YES;;;;2.57;36;4630.66;4630.40;25.8;0.0;BULL;BUY;OFF;0.86;22.40;22.16;7.39;4629.54;4635.33;4637.91;4640.48;4643.05;4645.62
2026.05.01 02:55:00;XAUUSD;PERIOD_M5;LIVE;VALID;SELL;4626.45;2026.05.01 04:50:00;4619.23;722.0;23;WIN;NEXT_SIGNAL;2026.05.01 04:55:00;4619.59;686.0;24;WIN;REV;YES;;;;2.60;36;4630.26;4630.55;-28.5;0.0;BULL NOISE;BUY;OFF;0.76;24.27;12.81;18.45;4629.70;4623.85;4621.26;4618.66;4616.06;4613.47
2026.05.01 04:50:00;XAUUSD;PERIOD_M5;LIVE;VALID;BUY;4619.23;2026.05.01 05:50:00;4620.00;77.0;12;WIN;NEXT_SIGNAL;2026.05.01 05:55:00;4619.96;73.0;13;WIN;REV;YES;;;;3.34;34;4619.18;4619.08;9.6;0.0;BULL;BUY;OFF;0.94;27.34;17.55;11.53;4615.06;4622.57;4625.90;4629.24;4632.57;4635.91
2026.05.01 05:50:00;XAUUSD;PERIOD_M5;LIVE;VALID;SELL;4620.00;2026.05.01 06:30:00;4630.22;-1022.0;8;LOSS;NEXT_SIGNAL;2026.05.01 06:35:00;4630.57;-1057.0;9;LOSS;REV;YES;;;;3.98;36;4624.40;4625.00;-59.4;0.0;BULL NOISE;BUY;OFF;0.89;38.33;12.16;31.22;4624.98;4616.02;4612.04;4608.06;4604.07;4600.09
2026.05.01 06:30:00;XAUUSD;PERIOD_M5;LIVE;VALID;BUY;4630.22;2026.05.01 07:10:00;4621.64;-858.0;8;LOSS;NEXT_SIGNAL;2026.05.01 07:15:00;4621.52;-870.0;9;LOSS;REV;YES;;;;3.16;36;4624.35;4623.90;44.9;14.0;BULL;BUY;OFF;0.87;35.62;39.86;12.61;4626.27;4633.38;4636.53;4639.69;4642.85;4646.00
2026.05.01 07:10:00;XAUUSD;PERIOD_M5;LIVE;VALID;SELL;4621.64;2026.05.01 12:30:00;4571.49;5015.0;64;WIN;NEXT_SIGNAL;2026.05.01 12:35:00;4571.66;4998.0;65;WIN;REV;YES;;;;3.33;36;4624.00;4624.23;-23.7;0.0;BULL NOISE;BUY;OFF;0.80;26.07;16.59;19.92;4625.81;4618.31;4614.97;4611.64;4608.31;4604.97
2026.05.01 12:30:00;XAUUSD;PERIOD_M5;LIVE;VALID;BUY;4571.49;2026.05.01 12:50:00;4560.93;-1056.0;4;LOSS;NEXT_SIGNAL;2026.05.01 12:55:00;4560.91;-1058.0;5;LOSS;REV;YES;;;;3.93;34;4569.33;4569.30;2.5;0.0;BULL;BUY;OFF;0.92;38.05;16.11;14.14;4566.57;4575.42;4579.36;4583.29;4587.23;4591.16
2026.05.01 12:50:00;XAUUSD;PERIOD_M5;LIVE;VALID;SELL;4560.93;2026.05.01 13:20:00;4571.39;-1046.0;6;LOSS;NEXT_SIGNAL;2026.05.01 13:25:00;4571.63;-1070.0;7;LOSS;REV;YES;;;;3.99;35;4567.81;4568.46;-64.2;-14.0;BULL NOISE;BUY;OFF;0.83;32.36;12.38;27.19;4565.92;4556.94;4552.95;4548.96;4544.97;4540.98
2026.05.01 13:20:00;XAUUSD;PERIOD_M5;LIVE;VALID;BUY;4571.39;2026.05.01 14:00:00;4567.16;-423.0;8;LOSS;NEXT_SIGNAL;2026.05.01 14:05:00;4567.15;-424.0;9;LOSS;REV;YES;;;;3.71;34;4567.79;4567.52;27.5;14.0;BULL;BUY;OFF;0.87;27.03;30.12;12.44;4566.75;4575.10;4578.81;4582.53;4586.24;4589.95
2026.05.01 14:00:00;XAUUSD;PERIOD_M5;LIVE;VALID;SELL;4567.16;2026.05.01 14:15:00;4571.61;-445.0;3;LOSS;NEXT_SIGNAL;2026.05.01 14:20:00;4572.01;-485.0;4;LOSS;REV;YES;;;;3.34;35;4568.05;4568.16;-11.0;0.0;BULL;BUY;OFF;0.82;22.99;19.29;26.92;4571.33;4563.82;4560.49;4557.15;4553.82;4550.48
2026.05.01 14:15:00;XAUUSD;PERIOD_M5;LIVE;VALID;BUY;4571.61;2026.05.01 16:25:00;4589.11;1750.0;26;WIN;NEXT_SIGNAL;2026.05.01 16:30:00;4589.12;1751.0;27;WIN;REV;YES;;;;3.64;35;4568.28;4568.18;10.6;0.0;BULL;BUY;OFF;0.88;18.46;23.72;24.04;4567.06;4575.25;4578.90;4582.54;4586.18;4589.83
2026.05.01 16:25:00;XAUUSD;PERIOD_M5;LIVE;VALID;SELL;4589.11;2026.05.01 16:30:00;4598.60;-949.0;1;LOSS;NEXT_SIGNAL;2026.05.01 16:35:00;4598.90;-979.0;2;LOSS;REV;YES;;;;6.29;34;4591.64;4592.16;-52.0;0.0;BULL;BUY;OFF;0.87;21.56;12.26;22.93;4596.97;4582.82;4576.53;4570.24;4563.96;4557.67
2026.05.01 16:30:00;XAUUSD;PERIOD_M5;LIVE;VALID;BUY;4598.60;2026.05.01 18:00:00;4626.32;2772.0;18;WIN;NEXT_SIGNAL;2026.05.01 18:05:00;4626.42;2782.0;19;WIN;REV;YES;;;;6.62;34;4593.19;4592.98;21.3;26.6;BULL;BUY;OFF;0.86;19.29;18.15;19.87;4590.32;4605.22;4611.84;4618.46;4625.08;4631.70
2026.05.01 18:00:00;XAUUSD;PERIOD_M5;LIVE;VALID;SELL;4626.32;2026.05.01 18:35:00;4641.03;-1471.0;7;LOSS;NEXT_SIGNAL;2026.05.01 18:40:00;4641.39;-1507.0;8;LOSS;REV;YES;;;;9.90;34;4632.60;4634.08;-147.7;0.0;BULL;BUY;OFF;0.82;33.01;12.64;29.62;4638.69;4616.42;4606.52;4596.62;4586.72;4576.82
2026.05.01 18:35:00;XAUUSD;PERIOD_M5;LIVE;VALID;BUY;4641.03;2026.05.01 19:30:00;4636.91;-412.0;11;LOSS;NEXT_SIGNAL;2026.05.01 19:35:00;4637.09;-394.0;12;LOSS;REV;YES;;;;6.95;35;4636.73;4636.37;36.5;0.0;BULL;BUY;OFF;0.89;22.34;27.52;17.87;4632.34;4647.98;4654.94;4661.89;4668.84;4675.80
2026.05.01 19:30:00;XAUUSD;PERIOD_M5;LIVE;VALID;SELL;4636.91;2026.05.01 22:05:00;4622.70;1421.0;31;WIN;NEXT_SIGNAL;2026.05.01 22:10:00;4623.03;1388.0;32;WIN;REV;YES;;;;6.15;34;4640.72;4640.94;-21.6;0.0;BULL;BUY;OFF;0.92;15.53;17.29;25.36;4644.59;4630.76;4624.62;4618.47;4612.32;4606.18
2026.05.01 22:05:00;XAUUSD;PERIOD_M5;LIVE;VALID;BUY;4622.70;2026.05.01 22:35:00;4617.09;-561.0;6;LOSS;NEXT_SIGNAL;2026.05.01 22:40:00;4617.08;-562.0;7;LOSS;REV;YES;;;;4.50;34;4622.44;4622.43;1.7;0.0;BULL;BUY;OFF;0.87;22.27;19.60;20.84;4617.08;4627.20;4631.69;4636.19;4640.69;4645.19
2026.05.01 22:35:00;XAUUSD;PERIOD_M5;LIVE;VALID;SELL;4617.09;2026.05.04 02:05:00;4615.33;176.0;30;WIN;NEXT_SIGNAL;2026.05.01 23:55:00;4616.78;31.0;16;WIN;REV;YES;;;;3.78;35;4621.78;4622.32;-54.6;-14.0;BULL NOISE;BUY;OFF;0.72;22.36;17.38;31.37;4621.81;4613.31;4609.54;4605.76;4601.98;4598.20
2026.05.04 02:05:00;XAUUSD;PERIOD_M5;LIVE;VALID;SELL;4615.33;2026.05.04 04:55:00;4612.95;238.0;34;WIN;NEXT_SIGNAL;2026.05.04 05:00:00;4613.21;212.0;35;WIN;REV;NO;POSITION_ACTIVE;;;6.67;36;4619.94;4620.76;-81.4;-14.0;BULL;BUY;OFF;0.86;22.95;14.86;26.75;4623.67;4608.66;4601.99;4595.32;4588.64;4581.97
2026.05.04 04:55:00;XAUUSD;PERIOD_M5;LIVE;VALID;BUY;4612.95;2026.05.04 05:25:00;4592.96;-1999.0;6;LOSS;NEXT_SIGNAL;2026.05.04 05:30:00;4592.84;-2011.0;7;LOSS;REV;YES;;;;5.18;36;4604.29;4602.96;133.3;14.0;BULL;BUY;OFF;0.89;25.51;38.85;14.08;4606.47;4618.13;4623.32;4628.50;4633.68;4638.87
2026.05.04 05:25:00;XAUUSD;PERIOD_M5;LIVE;VALID;SELL;4592.96;2026.05.04 05:50:00;4609.39;-1643.0;5;LOSS;NEXT_SIGNAL;2026.05.04 05:55:00;4609.74;-1678.0;6;LOSS;REV;YES;;;;5.30;36;4602.16;4603.10;-94.1;-26.6;BEAR NOISE;SELL;OFF;0.86;23.01;21.47;37.03;4599.59;4587.66;4582.35;4577.05;4571.74;4566.44
2026.05.04 05:50:00;XAUUSD;PERIOD_M5;LIVE;VALID;BUY;4609.39;2026.05.04 07:40:00;4609.11;-28.0;22;LOSS;NEXT_SIGNAL;2026.05.04 07:45:00;4609.12;-27.0;23;LOSS;REV;YES;;;;5.92;36;4603.64;4603.30;34.5;14.0;BEAR NOISE;SELL;OFF;0.78;20.80;36.14;18.87;4601.99;4615.31;4621.22;4627.14;4633.06;4638.98
2026.05.04 07:40:00;XAUUSD;PERIOD_M5;LIVE;VALID;SELL;4609.11;2026.05.04 12:05:00;4580.00;2911.0;53;WIN;NEXT_SIGNAL;2026.05.04 12:10:00;4580.32;2879.0;54;WIN;REV;YES;;;;4.65;35;4609.79;4609.81;-1.4;0.0;BEAR;SELL;OFF;0.97;14.55;16.91;23.77;4614.92;4604.46;4599.81;4595.16;4590.51;4585.86
2026.05.04 12:05:00;XAUUSD;PERIOD_M5;LIVE;VALID;BUY;4580.00;2026.05.04 12:55:00;4575.26;-474.0;10;LOSS;NEXT_SIGNAL;2026.05.04 13:00:00;4575.22;-478.0;11;LOSS;REV;YES;;;;3.91;34;4578.70;4578.49;21.1;0.0;BEAR;SELL;OFF;0.88;22.29;17.76;14.65;4575.12;4583.91;4587.81;4591.72;4595.62;4599.53
2026.05.04 12:55:00;XAUUSD;PERIOD_M5;LIVE;VALID;SELL;4575.26;2026.05.04 13:55:00;4562.60;1266.0;12;WIN;NEXT_SIGNAL;2026.05.04 14:00:00;4563.83;1143.0;13;WIN;REV;YES;;;;3.36;35;4579.75;4580.20;-45.2;-14.0;BEAR;SELL;OFF;0.90;23.09;14.73;29.31;4579.47;4571.90;4568.53;4565.16;4561.80;4558.44
2026.05.04 13:55:00;XAUUSD;PERIOD_M5;LIVE;VALID;BUY;4562.60;2026.05.04 14:40:00;4553.37;-923.0;9;LOSS;NEXT_SIGNAL;2026.05.04 14:45:00;4553.06;-954.0;10;LOSS;REV;YES;;;;10.13;35;4559.57;4558.90;67.2;-14.0;BEAR;SELL;OFF;0.88;24.62;21.74;18.87;4549.94;4572.73;4582.86;4592.99;4603.12;4613.25
2026.05.04 14:40:00;XAUUSD;PERIOD_M5;LIVE;VALID;SELL;4553.37;2026.05.04 15:10:00;4563.63;-1026.0;6;LOSS;NEXT_SIGNAL;2026.05.04 15:15:00;4563.97;-1060.0;7;LOSS;REV;YES;;;;5.82;34;4558.67;4559.61;-93.7;-14.0;BEAR;SELL;OFF;0.84;27.09;12.14;28.90;4560.65;4547.55;4541.73;4535.91;4530.08;4524.26
2026.05.04 15:10:00;XAUUSD;PERIOD_M5;LIVE;VALID;BUY;4563.63;2026.05.04 16:15:00;4564.54;91.0;13;WIN;NEXT_SIGNAL;2026.05.04 16:20:00;4564.59;96.0;14;WIN;REV;YES;;;;5.06;35;4560.63;4560.59;3.5;0.0;BEAR;SELL;OFF;0.77;22.51;21.96;12.25;4557.31;4568.69;4573.74;4578.80;4583.86;4588.91
2026.05.04 16:15:00;XAUUSD;PERIOD_M5;LIVE;VALID;SELL;4564.54;2026.05.04 17:20:00;4576.81;-1227.0;13;LOSS;NEXT_SIGNAL;2026.05.04 17:25:00;4577.13;-1259.0;14;LOSS;REV;YES;;;;7.41;35;4567.26;4567.47;-21.1;0.0;BEAR;SELL;OFF;0.90;15.76;21.18;18.28;4573.80;4557.13;4549.72;4542.31;4534.89;4527.48
2026.05.04 17:20:00;XAUUSD;PERIOD_M5;LIVE;VALID;BUY;4576.81;2026.05.04 18:00:00;4561.06;-1575.0;8;LOSS;NEXT_SIGNAL;2026.05.04 18:05:00;4561.07;-1574.0;9;LOSS;REV;YES;;;;7.92;34;4566.67;4565.16;151.3;14.0;BEAR NOISE;SELL;OFF;0.82;30.74;25.58;17.37;4566.91;4584.73;4592.65;4600.58;4608.50;4616.42
2026.05.04 18:00:00;XAUUSD;PERIOD_M5;LIVE;VALID;SELL;4561.06;2026.05.04 20:05:00;4523.69;3737.0;25;WIN;NEXT_SIGNAL;2026.05.04 20:10:00;4524.08;3698.0;26;WIN;REV;YES;;;;8.64;35;4567.48;4568.17;-69.2;0.0;BEAR;SELL;OFF;0.85;25.93;12.81;30.27;4571.87;4552.42;4543.77;4535.13;4526.48;4517.84
2026.05.04 20:05:00;XAUUSD;PERIOD_M5;LIVE;VALID;BUY;4523.69;2026.05.04 21:10:00;4519.82;-387.0;13;LOSS;NEXT_SIGNAL;2026.05.04 21:15:00;4519.79;-390.0;14;LOSS;REV;YES;;;;9.17;35;4516.88;4516.71;16.7;14.0;BEAR;SELL;OFF;0.81;52.33;24.15;16.74;4512.23;4532.86;4542.02;4551.19;4560.35;4569.52
2026.05.04 21:10:00;XAUUSD;PERIOD_M5;LIVE;VALID;SELL;4519.82;2026.05.04 22:15:00;4520.53;-71.0;13;LOSS;NEXT_SIGNAL;2026.05.04 22:20:00;4520.89;-107.0;14;LOSS;REV;YES;;;;4.63;35;4521.72;4522.17;-45.0;0.0;BEAR;SELL;OFF;0.83;24.72;9.36;15.96;4525.61;4515.19;4510.56;4505.93;4501.30;4496.67
2026.05.04 22:15:00;XAUUSD;PERIOD_M5;LIVE;VALID;BUY;4520.53;2026.05.04 23:00:00;4515.06;-547.0;9;LOSS;NEXT_SIGNAL;2026.05.04 23:05:00;4515.30;-523.0;10;LOSS;REV;YES;;;;4.60;34;4516.95;4516.31;63.7;0.0;BEAR NOISE;SELL;OFF;0.89;34.70;15.12;11.40;4514.78;4525.13;4529.73;4534.32;4538.92;4543.52
2026.05.04 23:00:00;XAUUSD;PERIOD_M5;LIVE;VALID;SELL;4515.06;2026.05.04 23:45:00;4521.50;-644.0;9;LOSS;NEXT_SIGNAL;2026.05.04 23:50:00;4521.76;-670.0;10;LOSS;REV;YES;;;;4.89;34;4518.89;4519.08;-18.9;0.0;BEAR;SELL;OFF;0.91;30.36;12.47;23.91;4521.17;4510.17;4505.28;4500.39;4495.50;4490.61
2026.05.04 23:45:00;XAUUSD;PERIOD_M5;LIVE;VALID;BUY;4521.50;2026.05.05 01:45:00;4518.12;-338.0;12;LOSS;NEXT_SIGNAL;2026.05.05 01:50:00;4518.09;-341.0;13;LOSS;REV;YES;;;;3.28;34;4517.69;4517.46;23.4;0.0;BEAR NOISE;SELL;OFF;0.86;27.88;29.79;15.39;4517.40;4524.78;4528.06;4531.34;4534.63;4537.91
2026.05.05 01:45:00;XAUUSD;PERIOD_M5;LIVE;VALID;SELL;4518.12;2026.05.05 02:20:00;4521.29;-317.0;7;LOSS;NEXT_SIGNAL;2026.05.05 02:25:03;4521.73;-361.0;8;LOSS;REV;YES;;;;2.85;45;4519.53;4519.77;-24.2;0.0;BEAR;SELL;OFF;0.77;22.88;14.10;24.60;4521.68;4515.27;4512.42;4509.57;4506.72;4503.87
2026.05.05 02:20:00;XAUUSD;PERIOD_M5;LIVE;VALID;BUY;4521.29;2026.05.05 02:55:00;4518.85;-244.0;7;LOSS;NEXT_SIGNAL;2026.05.05 03:00:00;4519.23;-206.0;8;LOSS;REV;YES;;;;2.25;45;4519.63;4519.50;13.2;0.0;BEAR;SELL;OFF;0.85;22.03;20.43;11.89;4518.48;4523.54;4525.79;4528.03;4530.28;4532.53
2026.05.05 02:55:00;XAUUSD;PERIOD_M5;LIVE;VALID;SELL;4518.85;2026.05.05 03:00:00;4522.70;-385.0;1;LOSS;NEXT_SIGNAL;2026.05.05 03:05:00;4523.18;-433.0;2;LOSS;REV;YES;;;;2.21;45;4519.47;4519.50;-3.8;0.0;BEAR;SELL;OFF;0.80;21.91;9.50;16.01;4521.61;4516.64;4514.44;4512.23;4510.03;4507.82
2026.05.05 03:00:00;XAUUSD;PERIOD_M5;LIVE;VALID;BUY;4522.70;2026.05.05 03:25:00;4516.97;-573.0;5;LOSS;NEXT_SIGNAL;2026.05.05 03:30:00;4516.96;-574.0;6;LOSS;REV;YES;;;;2.48;45;4520.18;4519.82;36.9;14.0;BEAR NOISE;SELL;OFF;0.83;19.93;15.98;13.88;4519.60;4525.18;4527.66;4530.13;4532.61;4535.09
2026.05.05 03:25:00;XAUUSD;PERIOD_M5;LIVE;VALID;SELL;4516.97;2026.05.05 03:40:00;4523.70;-673.0;3;LOSS;NEXT_SIGNAL;2026.05.05 03:45:00;4524.19;-722.0;4;LOSS;REV;YES;;;;3.49;45;4521.03;4521.06;-3.2;0.0;BULL NOISE;BUY;OFF;0.80;22.01;17.52;28.50;4521.33;4513.48;4510.00;4506.51;4503.02;4499.54
2026.05.05 03:40:00;XAUUSD;PERIOD_M5;LIVE;VALID;BUY;4523.70;2026.05.05 06:20:00;4538.22;1452.0;32;WIN;NEXT_SIGNAL;2026.05.05 06:25:00;4538.17;1447.0;33;WIN;REV;YES;;;;3.94;45;4521.17;4521.16;1.1;0.0;BULL;BUY;OFF;0.84;20.06;28.70;18.55;4518.78;4527.64;4531.58;4535.52;4539.45;4543.39
2026.05.05 06:20:00;XAUUSD;PERIOD_M5;LIVE;VALID;SELL;4538.22;2026.05.05 08:00:00;4536.91;131.0;20;WIN;NEXT_SIGNAL;2026.05.05 08:05:00;4537.26;96.0;21;WIN;REV;YES;;;;3.28;45;4540.40;4540.62;-23.0;0.0;BULL;BUY;OFF;0.88;19.00;18.43;22.54;4542.32;4534.94;4531.66;4528.37;4525.09;4521.81
2026.05.05 08:00:00;XAUUSD;PERIOD_M5;LIVE;VALID;BUY;4536.91;2026.05.05 09:20:00;4535.05;-186.0;16;LOSS;NEXT_SIGNAL;2026.05.05 09:25:00;4535.11;-180.0;17;LOSS;REV;YES;;;;3.00;36;4534.05;4533.49;55.7;0.0;BULL;BUY;OFF;0.89;30.62;22.60;18.35;4533.16;4539.91;4542.90;4545.90;4548.90;4551.90
2026.05.05 09:20:00;XAUUSD;PERIOD_M5;LIVE;VALID;SELL;4535.05;2026.05.05 09:40:00;4546.22;-1117.0;4;LOSS;NEXT_SIGNAL;2026.05.05 09:45:00;4546.53;-1148.0;5;LOSS;REV;YES;;;;4.70;35;4541.18;4542.36;-118.3;-14.0;BULL NOISE;BUY;OFF;0.85;24.91;16.43;30.42;4540.92;4530.35;4525.66;4520.96;4516.26;4511.56
2026.05.05 09:40:00;XAUUSD;PERIOD_M5;LIVE;VALID;BUY;4546.22;2026.05.05 10:50:00;4545.71;-51.0;14;LOSS;NEXT_SIGNAL;2026.05.05 10:55:00;4545.61;-61.0;15;LOSS;REV;YES;;;;5.01;34;4543.25;4543.06;18.7;14.0;BULL;BUY;OFF;0.90;21.89;26.20;17.16;4539.95;4551.23;4556.25;4561.26;4566.28;4571.29
2026.05.05 10:50:00;XAUUSD;PERIOD_M5;LIVE;VALID;SELL;4545.71;2026.05.05 11:25:00;4551.34;-563.0;7;LOSS;NEXT_SIGNAL;2026.05.05 11:30:00;4551.53;-582.0;8;LOSS;REV;YES;;;;4.25;34;4549.22;4549.77;-55.1;0.0;BULL;BUY;OFF;0.87;22.37;18.21;27.08;4551.02;4541.46;4537.22;4532.97;4528.72;4524.48
2026.05.05 11:25:00;XAUUSD;PERIOD_M5;LIVE;VALID;BUY;4551.34;2026.05.05 12:50:00;4554.04;270.0;17;WIN;NEXT_SIGNAL;2026.05.05 12:55:00;4554.07;273.0;18;WIN;REV;YES;;;;4.43;34;4550.28;4550.10;18.0;0.0;BULL;BUY;OFF;0.87;21.72;24.12;12.07;4545.81;4555.77;4560.20;4564.62;4569.05;4573.48
2026.05.05 12:50:00;XAUUSD;PERIOD_M5;LIVE;VALID;SELL;4554.04;2026.05.05 12:55:00;4556.17;-213.0;1;LOSS;NEXT_SIGNAL;2026.05.05 13:00:00;4556.49;-245.0;2;LOSS;REV;YES;;;;4.20;35;4554.38;4554.49;-11.5;0.0;BULL;BUY;OFF;0.91;11.58;12.63;12.20;4559.29;4549.84;4545.65;4541.45;4537.25;4533.06
2026.05.05 12:55:00;XAUUSD;PERIOD_M5;LIVE;VALID;BUY;4556.17;2026.05.05 13:05:00;4552.18;-399.0;2;LOSS;NEXT_SIGNAL;2026.05.05 13:10:00;4552.20;-397.0;3;LOSS;REV;YES;;;;4.14;34;4554.78;4554.72;6.1;0.0;BULL;BUY;OFF;0.93;13.75;18.72;10.57;4550.99;4560.31;4564.45;4568.59;4572.74;4576.88
2026.05.05 13:05:00;XAUUSD;PERIOD_M5;LIVE;VALID;SELL;4552.18;2026.05.05 14:20:00;4554.17;-199.0;15;LOSS;NEXT_SIGNAL;2026.05.05 14:25:00;4554.59;-241.0;16;LOSS;REV;YES;;;;3.89;35;4554.36;4554.66;-30.7;0.0;BULL;BUY;OFF;0.94;14.43;16.02;15.52;4557.05;4548.29;4544.40;4540.50;4536.61;4532.72
2026.05.05 14:20:00;XAUUSD;PERIOD_M5;LIVE;VALID;BUY;4554.17;2026.05.05 17:15:00;4570.27;1610.0;35;WIN;NEXT_SIGNAL;2026.05.05 17:20:00;4570.24;1607.0;36;WIN;REV;YES;;;;4.76;34;4549.73;4549.10;62.9;0.0;BULL;BUY;OFF;0.82;32.35;24.13;15.88;4548.22;4558.93;4563.69;4568.45;4573.22;4577.98
2026.05.05 17:15:00;XAUUSD;PERIOD_M5;LIVE;VALID;SELL;4570.27;2026.05.05 17:25:00;4584.23;-1396.0;2;LOSS;NEXT_SIGNAL;2026.05.05 17:30:00;4584.35;-1408.0;3;LOSS;REV;YES;;;;6.71;35;4576.02;4576.41;-38.7;-14.0;BULL NOISE;BUY;OFF;0.94;25.98;14.69;20.16;4578.65;4563.56;4556.86;4550.15;4543.44;4536.74
2026.05.05 17:25:00;XAUUSD;PERIOD_M5;LIVE;VALID;BUY;4584.23;2026.05.05 18:20:00;4576.49;-774.0;11;LOSS;NEXT_SIGNAL;2026.05.05 18:25:00;4576.50;-773.0;12;LOSS;REV;YES;;;;7.14;35;4578.37;4577.69;67.7;14.0;BULL;BUY;OFF;0.85;24.49;29.53;15.14;4575.30;4591.37;4598.51;4605.65;4612.79;4619.93
2026.05.05 18:20:00;XAUUSD;PERIOD_M5;LIVE;VALID;SELL;4576.49;2026.05.05 20:30:00;4561.35;1514.0;26;WIN;NEXT_SIGNAL;2026.05.05 20:35:00;4561.58;1491.0;27;WIN;REV;YES;;;;5.47;35;4579.37;4579.77;-40.0;-14.0;BULL;BUY;OFF;0.81;18.19;15.12;24.21;4583.33;4571.02;4565.55;4560.08;4554.62;4549.15
2026.05.05 20:30:00;XAUUSD;PERIOD_M5;LIVE;VALID;BUY;4561.35;2026.05.05 22:00:00;4558.74;-261.0;18;LOSS;NEXT_SIGNAL;2026.05.05 22:05:00;4558.75;-260.0;19;LOSS;REV;YES;;;;3.94;36;4559.39;4559.21;17.7;0.0;BULL;BUY;OFF;0.89;28.23;22.97;22.53;4556.42;4565.29;4569.24;4573.18;4577.12;4581.06
2026.05.05 22:00:00;XAUUSD;PERIOD_M5;LIVE;VALID;SELL;4558.74;2026.05.05 23:25:00;4559.13;-39.0;17;LOSS;NEXT_SIGNAL;2026.05.05 23:30:00;4559.57;-83.0;18;LOSS;REV;YES;;;;2.91;35;4560.57;4560.87;-29.9;0.0;BULL;BUY;OFF;0.82;16.38;17.12;25.73;4562.38;4555.83;4552.92;4550.01;4547.10;4544.19
2026.05.05 23:25:00;XAUUSD;PERIOD_M5;LIVE;VALID;BUY;4559.13;2026.05.05 23:45:00;4555.89;-324.0;4;LOSS;NEXT_SIGNAL;2026.05.05 23:50:00;4555.93;-320.0;5;LOSS;REV;YES;;;;2.39;45;4556.82;4556.58;23.7;0.0;BULL;BUY;OFF;0.79;20.94;27.57;15.96;4556.14;4561.52;4563.91;4566.30;4568.69;4571.08
2026.05.05 23:45:00;XAUUSD;PERIOD_M5;LIVE;VALID;SELL;4555.89;2026.05.06 01:00:00;4552.54;335.0;3;WIN;NEXT_SIGNAL;2026.05.06 01:00:01;4559.01;-312.0;3;LOSS;REV;YES;;;;2.41;45;4556.33;4556.34;-0.8;0.0;BULL;BUY;OFF;0.88;19.86;16.13;24.56;4558.90;4553.48;4551.07;4548.66;4546.25;4543.84
2026.05.06 01:00:00;XAUUSD;PERIOD_M5;LIVE;VALID;SELL;4552.54;2026.05.06 01:55:00;4573.36;-2082.0;11;LOSS;NEXT_SIGNAL;2026.05.06 02:00:00;4573.66;-2112.0;12;LOSS;REV;NO;POSITION_ACTIVE;;;2.73;45;4555.49;4555.94;-44.8;-14.0;BULL NOISE;BUY;OFF;0.84;19.73;14.36;23.60;4555.96;4549.81;4547.07;4544.34;4541.60;4538.87
2026.05.06 01:55:00;XAUUSD;PERIOD_M5;LIVE;VALID;BUY;4573.36;2026.05.06 08:35:00;4647.01;7365.0;80;WIN;NEXT_SIGNAL;2026.05.06 08:40:00;4647.02;7366.0;81;WIN;REV;YES;;;;4.81;36;4556.29;4553.57;271.5;45.0;BULL;BUY;OFF;0.78;28.74;32.71;23.44;4567.34;4578.17;4582.99;4587.80;4592.61;4597.43
2026.05.06 08:35:00;XAUUSD;PERIOD_M5;LIVE;VALID;SELL;4647.01;2026.05.06 08:55:00;4662.94;-1593.0;4;LOSS;NEXT_SIGNAL;2026.05.06 09:00:00;4663.27;-1626.0;5;LOSS;REV;YES;;;;4.27;34;4649.85;4650.31;-46.3;0.0;BULL;BUY;OFF;0.87;25.53;13.38;18.40;4652.35;4642.74;4638.47;4634.20;4629.93;4625.66
2026.05.06 08:55:00;XAUUSD;PERIOD_M5;LIVE;VALID;BUY;4662.94;2026.05.06 10:15:00;4660.66;-228.0;16;LOSS;NEXT_SIGNAL;2026.05.06 10:20:00;4660.55;-239.0;17;LOSS;REV;YES;;;;4.81;36;4653.23;4651.81;141.8;14.0;BULL;BUY;OFF;0.90;27.56;31.83;10.38;4656.93;4667.75;4672.55;4677.36;4682.16;4686.97
2026.05.06 10:15:00;XAUUSD;PERIOD_M5;LIVE;VALID;SELL;4660.66;2026.05.06 10:25:00;4667.55;-689.0;2;LOSS;NEXT_SIGNAL;2026.05.06 10:30:00;4667.88;-722.0;3;LOSS;REV;YES;;;;4.86;35;4663.34;4663.52;-17.6;0.0;BULL;BUY;OFF;0.80;24.44;14.95;20.11;4666.73;4655.80;4650.94;4646.09;4641.23;4636.37
2026.05.06 10:25:00;XAUUSD;PERIOD_M5;LIVE;VALID;BUY;4667.55;2026.05.06 13:15:00;4698.60;3105.0;34;WIN;NEXT_SIGNAL;2026.05.06 13:20:00;4698.59;3104.0;35;WIN;REV;YES;;;;5.27;34;4664.56;4664.34;21.4;0.0;BULL;BUY;OFF;0.85;24.25;28.72;15.11;4660.96;4672.82;4678.10;4683.37;4688.65;4693.92
2026.05.06 13:15:00;XAUUSD;PERIOD_M5;LIVE;VALID;SELL;4698.60;2026.05.06 13:20:00;4701.24;-264.0;1;LOSS;NEXT_SIGNAL;2026.05.06 13:25:00;4701.57;-297.0;2;LOSS;REV;YES;;;;6.47;34;4698.82;4698.83;-1.7;0.0;BULL;BUY;OFF;0.86;26.77;19.08;12.36;4706.69;4692.13;4685.66;4679.18;4672.71;4666.24
2026.05.06 13:20:00;XAUUSD;PERIOD_M5;LIVE;VALID;BUY;4701.24;2026.05.06 14:35:00;4710.21;897.0;15;WIN;NEXT_SIGNAL;2026.05.06 14:40:00;4710.19;895.0;16;WIN;REV;YES;;;;6.42;34;4699.35;4699.27;8.6;0.0;BULL;BUY;OFF;0.86;27.07;19.47;10.71;4693.21;4707.66;4714.09;4720.51;4726.94;4733.36
2026.05.06 14:35:00;XAUUSD;PERIOD_M5;LIVE;VALID;SELL;4710.21;2026.05.06 16:15:00;4684.04;2617.0;20;WIN;NEXT_SIGNAL;2026.05.06 16:20:05;4684.35;2586.0;21;WIN;REV;YES;;;;7.31;35;4711.28;4711.47;-19.5;0.0;BULL;BUY;OFF;0.83;25.45;13.40;12.70;4719.35;4702.90;4695.59;4688.28;4680.96;4673.65
2026.05.06 16:15:00;XAUUSD;PERIOD_M5;LIVE;VALID;BUY;4684.04;2026.05.06 17:55:00;4702.83;1879.0;20;WIN;NEXT_SIGNAL;2026.05.06 18:00:06;4702.82;1878.0;21;WIN;REV;YES;;;;9.57;34;4681.79;4681.63;15.8;0.0;BEAR;SELL;OFF;0.91;27.99;25.51;17.77;4672.08;4693.61;4703.17;4712.74;4722.30;4731.87
2026.05.06 17:55:00;XAUUSD;PERIOD_M5;LIVE;VALID;SELL;4702.83;2026.05.06 21:05:00;4685.34;1749.0;38;WIN;NEXT_SIGNAL;2026.05.06 21:10:08;4685.69;1714.0;39;WIN;REV;YES;;;;7.51;34;4705.52;4705.88;-36.1;0.0;BEAR;SELL;OFF;0.88;26.69;15.39;16.16;4712.22;4695.32;4687.81;4680.30;4672.80;4665.29
2026.05.06 21:05:00;XAUUSD;PERIOD_M5;LIVE;VALID;BUY;4685.34;2026.05.06 23:25:00;4692.28;694.0;28;WIN;NEXT_SIGNAL;2026.05.06 23:30:08;4692.43;709.0;29;WIN;REV;YES;;;;3.27;34;4683.01;4683.00;1.1;0.0;BEAR;SELL;OFF;0.90;26.89;20.73;11.02;4681.25;4688.61;4691.89;4695.16;4698.43;4701.70
2026.05.06 23:25:00;XAUUSD;PERIOD_M5;LIVE;VALID;SELL;4692.28;2026.05.07 01:10:00;4697.12;-484.0;9;LOSS;NEXT_SIGNAL;2026.05.07 01:15:01;4697.26;-498.0;10;LOSS;REV;YES;;;;3.15;45;4695.28;4695.80;-52.1;0.0;BULL NOISE;BUY;OFF;0.87;24.04;20.28;26.89;4696.22;4689.13;4685.98;4682.83;4679.68;4676.53
2026.05.07 01:10:00;XAUUSD;PERIOD_M5;LIVE;VALID;BUY;4697.12;2026.05.07 02:20:00;4693.51;-361.0;14;LOSS;NEXT_SIGNAL;2026.05.07 02:25:02;4693.50;-362.0;15;LOSS;REV;YES;;;;3.53;45;4693.04;4692.93;11.8;0.0;BULL;BUY;OFF;0.79;22.50;27.80;18.81;4692.71;4700.65;4704.18;4707.71;4711.24;4714.77
2026.05.07 02:20:00;XAUUSD;PERIOD_M5;LIVE;VALID;SELL;4693.51;2026.05.07 02:55:00;4698.69;-518.0;7;LOSS;NEXT_SIGNAL;2026.05.07 03:00:02;4699.15;-564.0;8;LOSS;REV;YES;;;;3.34;34;4695.67;4696.07;-39.8;0.0;BULL;BUY;OFF;0.85;14.47;13.07;18.60;4697.68;4690.17;4686.84;4683.50;4680.16;4676.83
2026.05.07 02:55:00;XAUUSD;PERIOD_M5;LIVE;VALID;BUY;4698.69;2026.05.07 03:30:00;4691.23;-746.0;7;LOSS;NEXT_SIGNAL;2026.05.07 03:35:03;4691.83;-686.0;8;LOSS;REV;YES;;;;2.98;36;4695.97;4695.61;36.1;14.0;BULL;BUY;OFF;0.93;22.91;23.50;10.68;4694.96;4701.67;4704.66;4707.64;4710.62;4713.60
2026.05.07 03:30:00;XAUUSD;PERIOD_M5;LIVE;VALID;SELL;4691.23;2026.05.07 04:10:00;4709.62;-1839.0;8;LOSS;NEXT_SIGNAL;2026.05.07 04:15:03;4709.95;-1872.0;9;LOSS;REV;YES;;;;4.25;36;4695.09;4695.46;-36.5;-14.0;BULL;BUY;OFF;0.86;19.72;15.85;28.85;4696.54;4686.98;4682.73;4678.48;4674.22;4669.97
2026.05.07 04:10:00;XAUUSD;PERIOD_M5;LIVE;VALID;BUY;4709.62;2026.05.07 05:20:00;4703.61;-601.0;14;LOSS;NEXT_SIGNAL;2026.05.07 05:25:04;4703.45;-617.0;15;LOSS;REV;YES;;;;6.12;36;4696.19;4694.47;172.1;26.6;BULL;BUY;OFF;0.84;27.23;31.23;14.89;4701.98;4715.74;4721.85;4727.97;4734.08;4740.20
2026.05.07 05:20:00;XAUUSD;PERIOD_M5;LIVE;VALID;SELL;4703.61;2026.05.07 06:15:00;4708.14;-453.0;11;LOSS;NEXT_SIGNAL;2026.05.07 06:20:04;4708.47;-486.0;12;LOSS;REV;YES;;;;6.00;36;4708.42;4709.11;-69.1;0.0;BULL;BUY;OFF;0.81;25.04;16.12;27.07;4711.11;4697.61;4691.61;4685.60;4679.60;4673.60
2026.05.07 06:15:00;XAUUSD;PERIOD_M5;LIVE;VALID;BUY;4708.14;2026.05.07 06:30:00;4704.11;-403.0;3;LOSS;NEXT_SIGNAL;2026.05.07 06:35:00;4704.05;-409.0;4;LOSS;REV;YES;;;;4.36;36;4707.18;4706.88;30.9;0.0;BULL;BUY;OFF;0.86;18.19;15.06;16.70;4702.68;4712.51;4716.87;4721.23;4725.60;4729.96
2026.05.07 06:30:00;XAUUSD;PERIOD_M5;LIVE;VALID;SELL;4704.11;2026.05.07 08:05:00;4699.21;490.0;19;WIN;NEXT_SIGNAL;2026.05.07 08:10:05;4699.37;474.0;20;WIN;REV;YES;;;;3.52;36;4705.85;4705.99;-13.5;-14.0;BULL;BUY;OFF;0.88;19.50;10.40;24.85;4708.51;4700.59;4697.07;4693.55;4690.02;4686.50
2026.05.07 08:05:00;XAUUSD;PERIOD_M5;LIVE;VALID;BUY;4699.21;2026.05.07 08:25:00;4695.84;-337.0;4;LOSS;NEXT_SIGNAL;2026.05.07 08:30:05;4695.65;-356.0;5;LOSS;REV;YES;;;;3.24;34;4697.66;4697.56;9.5;0.0;BULL;BUY;OFF;0.86;31.58;20.56;16.26;4695.16;4702.45;4705.68;4708.92;4712.16;4715.40
2026.05.07 08:25:00;XAUUSD;PERIOD_M5;LIVE;VALID;SELL;4695.84;2026.05.07 08:30:00;4703.05;-721.0;1;LOSS;NEXT_SIGNAL;2026.05.07 08:35:05;4703.50;-766.0;2;LOSS;REV;YES;;;;3.19;35;4697.01;4697.02;-1.2;0.0;BULL;BUY;OFF;0.90;23.12;16.60;20.35;4699.83;4692.65;4689.46;4686.26;4683.07;4679.88
2026.05.07 08:30:00;XAUUSD;PERIOD_M5;LIVE;VALID;BUY;4703.05;2026.05.07 11:15:00;4736.49;3344.0;33;WIN;NEXT_SIGNAL;2026.05.07 11:20:07;4736.50;3345.0;34;WIN;REV;YES;;;;3.75;36;4698.35;4697.56;79.7;0.0;BULL;BUY;OFF;0.82;22.50;25.62;17.63;4698.37;4706.80;4710.54;4714.29;4718.04;4721.79
2026.05.07 11:15:00;XAUUSD;PERIOD_M5;LIVE;VALID;SELL;4736.49;2026.05.07 12:35:00;4735.64;85.0;16;WIN;NEXT_SIGNAL;2026.05.07 12:40:00;4735.97;52.0;17;WIN;REV;YES;;;;6.04;35;4742.08;4742.10;-1.9;0.0;BULL NOISE;BUY;OFF;0.79;23.72;18.24;26.31;4744.03;4730.45;4724.42;4718.38;4712.35;4706.31
2026.05.07 12:35:00;XAUUSD;PERIOD_M5;LIVE;VALID;BUY;4735.64;2026.05.07 12:55:00;4728.88;-676.0;4;LOSS;NEXT_SIGNAL;2026.05.07 13:00:08;4728.92;-672.0;5;LOSS;REV;YES;;;;4.70;34;4735.17;4735.07;9.5;-14.0;BULL;BUY;OFF;0.87;16.92;16.77;15.49;4729.76;4740.34;4745.04;4749.74;4754.44;4759.14
2026.05.07 12:55:00;XAUUSD;PERIOD_M5;LIVE;VALID;SELL;4728.88;2026.05.07 13:40:00;4738.99;-1011.0;9;LOSS;NEXT_SIGNAL;2026.05.07 13:45:09;4739.36;-1048.0;10;LOSS;REV;YES;;;;4.93;35;4733.85;4734.29;-44.0;0.0;BULL;BUY;OFF;0.87;19.05;14.51;28.33;4735.04;4723.95;4719.03;4714.10;4709.17;4704.25
2026.05.07 13:40:00;XAUUSD;PERIOD_M5;LIVE;VALID;BUY;4738.99;2026.05.07 14:10:00;4729.88;-911.0;6;LOSS;NEXT_SIGNAL;2026.05.07 14:15:09;4730.20;-879.0;7;LOSS;REV;YES;;;;4.71;34;4734.47;4733.87;59.7;14.0;BULL;BUY;OFF;0.94;15.35;23.57;21.29;4733.10;4743.70;4748.42;4753.13;4757.85;4762.56
2026.05.07 14:10:00;XAUUSD;PERIOD_M5;LIVE;VALID;SELL;4729.88;2026.05.07 14:40:00;4736.87;-699.0;6;LOSS;NEXT_SIGNAL;2026.05.07 14:45:09;4737.19;-731.0;7;LOSS;REV;YES;;;;4.14;35;4733.84;4734.04;-19.6;0.0;BULL;BUY;OFF;0.86;20.29;9.99;31.75;4735.06;4725.74;4721.60;4717.46;4713.32;4709.18
2026.05.07 14:40:00;XAUUSD;PERIOD_M5;LIVE;VALID;BUY;4736.87;2026.05.07 16:10:00;4733.45;-342.0;18;LOSS;NEXT_SIGNAL;2026.05.07 16:15:11;4733.43;-344.0;19;LOSS;REV;YES;;;;4.31;34;4734.45;4734.19;26.2;0.0;BULL;BUY;OFF;0.87;19.56;19.77;15.25;4731.48;4741.18;4745.49;4749.80;4754.11;4758.42
2026.05.07 16:10:00;XAUUSD;PERIOD_M5;LIVE;VALID;SELL;4733.45;2026.05.07 16:30:00;4755.99;-2254.0;4;LOSS;NEXT_SIGNAL;2026.05.07 16:35:11;4756.46;-2301.0;5;LOSS;REV;YES;;;;6.91;35;4741.97;4743.16;-118.2;-14.0;BULL NOISE;BUY;OFF;0.91;26.52;12.22;25.77;4742.08;4726.54;4719.63;4712.73;4705.82;4698.91
2026.05.07 16:30:00;XAUUSD;PERIOD_M5;LIVE;VALID;BUY;4755.99;2026.05.07 18:20:00;4747.19;-880.0;22;LOSS;NEXT_SIGNAL;2026.05.07 18:25:00;4747.12;-887.0;23;LOSS;REV;YES;;;;7.65;35;4745.85;4744.69;115.6;14.0;BULL;BUY;OFF;0.82;24.29;29.05;14.54;4746.43;4763.64;4771.28;4778.93;4786.58;4794.23
2026.05.07 18:20:00;XAUUSD;PERIOD_M5;LIVE;VALID;SELL;4747.19;2026.05.07 21:15:00;4708.33;3886.0;35;WIN;NEXT_SIGNAL;2026.05.07 21:20:00;4708.72;3847.0;36;WIN;REV;YES;;;;6.76;36;4754.26;4754.66;-40.2;0.0;BULL;BUY;OFF;0.96;20.11;15.23;29.33;4755.64;4740.43;4733.67;4726.91;4720.15;4713.39
2026.05.07 21:15:00;XAUUSD;PERIOD_M5;LIVE;VALID;BUY;4708.33;2026.05.07 21:50:00;4703.33;-500.0;7;LOSS;NEXT_SIGNAL;2026.05.07 21:55:00;4703.34;-499.0;8;LOSS;REV;YES;;;;8.93;34;4707.15;4706.98;16.5;0.0;BEAR;SELL;OFF;0.93;25.01;11.68;10.46;4697.16;4717.26;4726.20;4735.13;4744.06;4752.99
2026.05.07 21:50:00;XAUUSD;PERIOD_M5;LIVE;VALID;SELL;4703.33;2026.05.07 22:10:00;4710.02;-669.0;4;LOSS;NEXT_SIGNAL;2026.05.07 22:15:00;4710.35;-702.0;5;LOSS;REV;YES;;;;6.81;34;4706.50;4706.93;-42.7;-14.0;BEAR;SELL;OFF;0.94;23.65;12.33;21.44;4711.84;4696.52;4689.72;4682.91;4676.11;4669.30
2026.05.07 22:10:00;XAUUSD;PERIOD_M5;LIVE;VALID;BUY;4710.02;2026.05.07 22:15:00;4702.17;-785.0;1;LOSS;NEXT_SIGNAL;2026.05.07 22:20:00;4702.05;-797.0;2;LOSS;REV;YES;;;;6.74;34;4708.08;4707.87;20.6;0.0;BEAR;SELL;OFF;0.85;17.50;15.06;12.10;4701.59;4716.76;4723.50;4730.24;4736.98;4743.72
2026.05.07 22:15:00;XAUUSD;PERIOD_M5;LIVE;VALID;SELL;4702.17;2026.05.07 22:40:00;4709.59;-742.0;5;LOSS;NEXT_SIGNAL;2026.05.07 22:45:00;4709.92;-775.0;6;LOSS;REV;YES;;;;7.14;35;4706.76;4707.40;-64.1;0.0;BEAR;SELL;OFF;0.87;18.37;13.05;21.31;4711.09;4695.03;4687.89;4680.75;4673.61;4666.47
2026.05.07 22:40:00;XAUUSD;PERIOD_M5;LIVE;VALID;BUY;4709.59;2026.05.07 22:55:00;4702.89;-670.0;3;LOSS;NEXT_SIGNAL;2026.05.07 23:00:00;4702.95;-664.0;4;LOSS;REV;YES;;;;7.48;34;4707.53;4707.16;37.4;0.0;BEAR;SELL;OFF;0.92;20.01;19.25;12.66;4700.24;4717.07;4724.55;4732.03;4739.51;4746.99
2026.05.07 22:55:00;XAUUSD;PERIOD_M5;LIVE;VALID;SELL;4702.89;2026.05.07 23:00:00;4716.24;-1335.0;1;LOSS;NEXT_SIGNAL;2026.05.07 23:05:00;4716.89;-1400.0;2;LOSS;REV;YES;;;;6.53;34;4706.39;4706.67;-27.9;0.0;BEAR;SELL;OFF;0.89;18.11;12.53;19.46;4711.05;4696.36;4689.83;4683.30;4676.78;4670.25
2026.05.07 23:00:00;XAUUSD;PERIOD_M5;LIVE;VALID;BUY;4716.24;2026.05.07 23:35:00;4698.42;-1782.0;7;LOSS;NEXT_SIGNAL;2026.05.07 23:40:00;4698.17;-1807.0;8;LOSS;REV;YES;;;;7.02;45;4708.58;4707.53;105.1;14.0;BEAR NOISE;SELL;OFF;0.87;16.56;19.21;16.87;4707.47;4723.26;4730.28;4737.29;4744.31;4751.33
2026.05.07 23:35:00;XAUUSD;PERIOD_M5;LIVE;VALID;SELL;4698.42;2026.05.08 02:15:00;4693.74;468.0;20;WIN;NEXT_SIGNAL;2026.05.08 02:20:01;4694.09;433.0;21;WIN;REV;YES;;;;6.11;45;4708.75;4709.11;-36.6;-26.6;BEAR;SELL;OFF;0.90;15.04;11.78;24.19;4706.05;4692.31;4686.21;4680.10;4674.00;4667.89
2026.05.08 02:15:00;XAUUSD;PERIOD_M5;LIVE;VALID;BUY;4693.74;2026.05.08 03:50:00;4698.28;454.0;19;WIN;NEXT_SIGNAL;2026.05.08 03:55:00;4698.26;452.0;20;WIN;REV;YES;;;;5.61;34;4690.55;4690.23;31.7;0.0;BEAR;SELL;OFF;0.89;33.10;18.57;11.57;4686.72;4699.35;4704.97;4710.58;4716.19;4721.80
2026.05.08 03:50:00;XAUUSD;PERIOD_M5;LIVE;VALID;SELL;4698.28;2026.05.08 04:00:00;4712.87;-1459.0;2;LOSS;NEXT_SIGNAL;2026.05.08 04:05:00;4713.64;-1536.0;3;LOSS;REV;YES;;;;6.02;36;4701.04;4701.31;-27.1;-14.0;BEAR;SELL;OFF;0.71;32.51;18.94;21.68;4705.81;4692.26;4686.24;4680.22;4674.19;4668.17
2026.05.08 04:00:00;XAUUSD;PERIOD_M5;LIVE;VALID;BUY;4712.87;2026.05.08 05:35:00;4711.34;-153.0;19;LOSS;NEXT_SIGNAL;2026.05.08 05:40:00;4711.33;-154.0;20;LOSS;REV;YES;;;;6.81;36;4703.72;4702.55;116.7;14.0;BEAR NOISE;SELL;OFF;0.62;28.20;26.25;19.26;4704.35;4719.68;4726.49;4733.31;4740.12;4746.93
2026.05.08 05:35:00;XAUUSD;PERIOD_M5;LIVE;VALID;SELL;4711.34;2026.05.08 06:25:00;4720.30;-896.0;10;LOSS;NEXT_SIGNAL;2026.05.08 06:30:00;4720.56;-922.0;11;LOSS;REV;YES;;;;6.41;36;4719.01;4719.49;-48.2;-14.0;BEAR;SELL;OFF;0.82;22.59;16.75;29.66;4719.36;4704.93;4698.52;4692.10;4685.69;4679.28
2026.05.08 06:25:00;XAUUSD;PERIOD_M5;LIVE;VALID;BUY;4720.30;2026.05.08 07:10:00;4714.84;-546.0;9;LOSS;NEXT_SIGNAL;2026.05.08 07:15:01;4714.83;-547.0;10;LOSS;REV;YES;;;;5.24;36;4718.61;4718.29;32.5;0.0;BEAR;SELL;OFF;0.84;18.56;21.94;17.90;4713.75;4725.54;4730.78;4736.03;4741.27;4746.51
2026.05.08 07:10:00;XAUUSD;PERIOD_M5;LIVE;VALID;SELL;4714.84;2026.05.08 08:25:00;4719.32;-448.0;15;LOSS;NEXT_SIGNAL;2026.05.08 08:30:00;4719.62;-478.0;16;LOSS;REV;YES;;;;4.44;34;4719.04;4719.83;-78.7;-14.0;BEAR;SELL;OFF;0.88;18.95;16.98;27.29;4720.39;4710.40;4705.95;4701.51;4697.07;4692.62
2026.05.08 08:25:00;XAUUSD;PERIOD_M5;LIVE;VALID;BUY;4719.32;2026.05.08 09:55:00;4725.61;629.0;18;WIN;NEXT_SIGNAL;2026.05.08 10:00:00;4725.23;591.0;19;WIN;REV;YES;;;;4.10;36;4715.22;4714.82;39.5;14.0;BEAR NOISE;SELL;OFF;0.79;20.63;23.76;15.70;4714.20;4723.42;4727.51;4731.61;4735.71;4739.81
2026.05.08 09:55:00;XAUUSD;PERIOD_M5;LIVE;VALID;SELL;4725.61;2026.05.08 11:20:00;4719.96;565.0;17;WIN;NEXT_SIGNAL;2026.05.08 11:25:00;4720.52;509.0;18;WIN;REV;YES;;;;6.20;34;4726.61;4726.84;-22.9;0.0;BEAR;SELL;OFF;0.92;23.43;15.38;13.48;4733.35;4719.41;4713.22;4707.02;4700.83;4694.63
2026.05.08 11:20:00;XAUUSD;PERIOD_M5;LIVE;VALID;BUY;4719.96;2026.05.08 12:35:00;4713.26;-670.0;15;LOSS;NEXT_SIGNAL;2026.05.08 12:40:00;4713.35;-661.0;16;LOSS;REV;YES;;;;6.05;35;4713.42;4712.40;102.4;14.0;BEAR NOISE;SELL;OFF;0.87;29.78;31.01;12.01;4712.40;4726.01;4732.05;4738.10;4744.14;4750.19
2026.05.08 12:35:00;XAUUSD;PERIOD_M5;LIVE;VALID;SELL;4713.26;2026.05.08 13:15:00;4717.82;-456.0;8;LOSS;NEXT_SIGNAL;2026.05.08 13:20:00;4718.15;-489.0;9;LOSS;REV;YES;;;;4.53;34;4716.58;4717.22;-64.9;-14.0;BEAR;SELL;OFF;0.91;22.37;15.80;20.26;4718.92;4708.73;4704.20;4699.67;4695.15;4690.62
2026.05.08 13:15:00;XAUUSD;PERIOD_M5;LIVE;VALID;BUY;4717.82;2026.05.08 14:40:00;4721.09;327.0;17;WIN;NEXT_SIGNAL;2026.05.08 14:45:00;4721.07;325.0;18;WIN;REV;YES;;;;4.39;34;4715.12;4715.00;12.0;0.0;BEAR;SELL;OFF;0.90;22.67;24.81;11.38;4712.33;4722.21;4726.61;4731.00;4735.39;4739.79
2026.05.08 14:40:00;XAUUSD;PERIOD_M5;LIVE;VALID;SELL;4721.09;2026.05.08 15:35:00;4725.47;-438.0;11;LOSS;NEXT_SIGNAL;2026.05.08 15:40:00;4725.87;-478.0;12;LOSS;REV;YES;;;;4.37;34;4722.45;4722.57;-11.9;0.0;BEAR;SELL;OFF;0.81;14.40;18.42;22.35;4726.55;4716.72;4712.35;4707.98;4703.61;4699.24
2026.05.08 15:35:00;XAUUSD;PERIOD_M5;LIVE;VALID;BUY;4725.47;2026.05.08 17:20:00;4725.68;21.0;21;WIN;NEXT_SIGNAL;2026.05.08 17:25:00;4725.58;11.0;22;WIN;REV;YES;;;;6.19;34;4716.26;4715.90;36.6;26.6;BEAR NOISE;SELL;OFF;0.78;32.28;21.45;23.32;4717.73;4731.66;4737.86;4744.05;4750.25;4756.44
2026.05.08 17:20:00;XAUUSD;PERIOD_M5;LIVE;VALID;SELL;4725.68;2026.05.08 19:20:00;4714.53;1115.0;24;WIN;NEXT_SIGNAL;2026.05.08 19:25:00;4714.85;1083.0;25;WIN;REV;YES;;;;8.69;34;4731.56;4732.73;-116.2;0.0;BEAR;SELL;OFF;0.88;22.99;15.20;25.02;4736.54;4716.99;4708.30;4699.62;4690.93;4682.24
2026.05.08 19:20:00;XAUUSD;PERIOD_M5;LIVE;VALID;BUY;4714.53;2026.05.08 21:50:00;4722.33;780.0;30;WIN;NEXT_SIGNAL;2026.05.08 21:55:00;4722.35;782.0;31;WIN;REV;YES;;;;5.82;34;4710.87;4710.14;72.5;14.0;BEAR;SELL;OFF;0.86;24.75;22.82;14.37;4707.25;4720.35;4726.18;4732.00;4737.83;4743.65
2026.05.08 21:50:00;XAUUSD;PERIOD_M5;LIVE;VALID;SELL;4722.33;2026.05.08 22:45:00;4723.87;-154.0;11;LOSS;NEXT_SIGNAL;2026.05.08 22:50:00;4724.29;-196.0;12;LOSS;REV;YES;;;;2.85;35;4724.12;4724.15;-2.6;0.0;BEAR;SELL;OFF;0.89;39.57;7.91;18.59;4725.90;4719.48;4716.63;4713.77;4710.92;4708.07
2026.05.08 22:45:00;XAUUSD;PERIOD_M5;LIVE;VALID;BUY;4723.87;2026.05.08 23:00:00;4722.92;-95.0;3;LOSS;NEXT_SIGNAL;2026.05.08 23:05:00;4722.94;-93.0;4;LOSS;REV;YES;;;;2.37;35;4723.97;4723.95;2.1;0.0;BEAR;SELL;OFF;0.80;22.64;17.08;14.50;4720.91;4726.24;4728.61;4730.98;4733.35;4735.72
2026.05.08 23:00:00;XAUUSD;PERIOD_M5;LIVE;VALID;SELL;4722.92;2026.05.11 02:15:00;4695.20;2772.0;27;WIN;NEXT_SIGNAL;2026.05.11 02:20:00;4695.51;2741.0;28;WIN;REV;YES;;;;2.30;43;4723.82;4723.83;-1.0;0.0;BEAR;SELL;OFF;0.82;20.24;11.12;18.85;4725.79;4720.62;4718.33;4716.03;4713.73;4711.44
2026.05.11 02:15:00;XAUUSD;PERIOD_M5;LIVE;VALID;BUY;4695.20;2026.05.11 03:00:00;4687.29;-791.0;9;LOSS;NEXT_SIGNAL;2026.05.11 03:05:00;4687.44;-776.0;10;LOSS;REV;YES;;;;5.60;36;4693.31;4693.05;26.1;0.0;BEAR;SELL;OFF;0.78;20.63;14.76;13.98;4688.20;4700.80;4706.40;4711.99;4717.59;4723.19
2026.05.11 03:00:00;XAUUSD;PERIOD_M5;LIVE;VALID;SELL;4687.29;2026.05.11 04:05:00;4690.95;-366.0;13;LOSS;NEXT_SIGNAL;2026.05.11 04:10:00;4691.32;-403.0;14;LOSS;REV;YES;;;;4.28;36;4693.34;4694.08;-73.8;-14.0;BEAR;SELL;OFF;0.70;25.10;10.75;30.59;4692.64;4683.01;4678.73;4674.45;4670.17;4665.89
2026.05.11 04:05:00;XAUUSD;PERIOD_M5;LIVE;VALID;BUY;4690.95;2026.05.11 04:55:00;4685.58;-537.0;10;LOSS;NEXT_SIGNAL;2026.05.11 05:00:00;4685.57;-538.0;11;LOSS;REV;YES;;;;9.26;36;4688.12;4687.69;42.6;14.0;BEAR;SELL;OFF;0.75;23.30;23.39;15.54;4679.37;4700.21;4709.47;4718.73;4727.99;4737.25
2026.05.11 04:55:00;XAUUSD;PERIOD_M5;LIVE;VALID;SELL;4685.58;2026.05.11 05:35:00;4698.95;-1337.0;8;LOSS;NEXT_SIGNAL;2026.05.11 05:40:00;4699.27;-1369.0;9;LOSS;REV;YES;;;;9.91;36;4691.42;4692.28;-85.5;-14.0;BEAR;SELL;OFF;0.78;24.54;10.33;33.90;4697.97;4675.67;4665.76;4655.85;4645.95;4636.04
2026.05.11 05:35:00;XAUUSD;PERIOD_M5;LIVE;VALID;BUY;4698.95;2026.05.11 05:45:00;4685.28;-1367.0;2;LOSS;NEXT_SIGNAL;2026.05.11 05:50:00;4685.31;-1364.0;3;LOSS;REV;YES;;;;6.56;36;4690.74;4690.44;29.6;14.0;BEAR NOISE;SELL;OFF;0.83;27.39;30.28;14.33;4690.75;4705.51;4712.06;4718.62;4725.18;4731.74
2026.05.11 05:45:00;XAUUSD;PERIOD_M5;LIVE;VALID;SELL;4685.28;2026.05.11 06:20:00;4688.37;-309.0;7;LOSS;NEXT_SIGNAL;2026.05.11 06:25:00;4688.79;-351.0;8;LOSS;REV;YES;;;;7.08;36;4689.13;4689.54;-41.2;-14.0;BEAR;SELL;OFF;0.78;24.67;22.74;18.82;4694.12;4678.20;4671.13;4664.05;4656.98;4649.90
2026.05.11 06:20:00;XAUUSD;PERIOD_M5;LIVE;VALID;BUY;4688.37;2026.05.11 06:35:00;4683.86;-451.0;3;LOSS;NEXT_SIGNAL;2026.05.11 06:40:00;4683.90;-447.0;4;LOSS;REV;YES;;;;6.43;36;4686.84;4686.75;9.1;0.0;BEAR;SELL;OFF;0.70;17.37;20.60;17.29;4680.34;4694.80;4701.22;4707.65;4714.07;4720.50
2026.05.11 06:35:00;XAUUSD;PERIOD_M5;LIVE;VALID;SELL;4683.86;2026.05.11 06:40:00;4687.65;-379.0;1;LOSS;NEXT_SIGNAL;2026.05.11 06:45:00;4687.97;-411.0;2;LOSS;REV;YES;;;;6.58;36;4686.49;4686.65;-16.3;0.0;BEAR;SELL;OFF;0.78;16.87;17.65;22.99;4692.08;4677.28;4670.71;4664.13;4657.55;4650.97
2026.05.11 06:40:00;XAUUSD;PERIOD_M5;LIVE;VALID;BUY;4687.65;2026.05.11 06:45:00;4681.18;-647.0;1;LOSS;NEXT_SIGNAL;2026.05.11 06:50:00;4681.17;-648.0;2;LOSS;REV;YES;;;;6.41;36;4686.75;4686.74;1.4;0.0;BEAR;SELL;OFF;0.77;15.87;16.50;19.92;4679.64;4694.06;4700.47;4706.88;4713.28;4719.69
2026.05.11 06:45:00;XAUUSD;PERIOD_M5;LIVE;VALID;SELL;4681.18;2026.05.11 08:20:00;4675.04;614.0;19;WIN;NEXT_SIGNAL;2026.05.11 08:25:00;4675.37;581.0;20;WIN;REV;YES;;;;6.20;36;4685.51;4686.21;-69.4;-14.0;BEAR;SELL;OFF;0.77;16.44;14.30;21.50;4688.93;4674.98;4668.77;4662.57;4656.37;4650.17
2026.05.11 08:20:00;XAUUSD;PERIOD_M5;LIVE;VALID;BUY;4675.04;2026.05.11 08:25:00;4670.65;-439.0;1;LOSS;NEXT_SIGNAL;2026.05.11 08:30:00;4670.61;-443.0;2;LOSS;REV;YES;;;;3.65;36;4674.01;4673.98;3.3;0.0;BEAR;SELL;OFF;0.80;23.86;14.83;11.46;4670.48;4678.69;4682.34;4685.99;4689.64;4693.29
2026.05.11 08:25:00;XAUUSD;PERIOD_M5;LIVE;VALID;SELL;4670.65;2026.05.11 08:30:00;4678.59;-794.0;1;LOSS;NEXT_SIGNAL;2026.05.11 08:35:00;4678.86;-821.0;2;LOSS;REV;YES;;;;3.62;36;4673.26;4673.58;-31.2;-14.0;BEAR;SELL;OFF;0.74;21.94;12.85;15.55;4675.18;4667.03;4663.41;4659.79;4656.16;4652.54
2026.05.11 08:30:00;XAUUSD;PERIOD_M5;LIVE;VALID;BUY;4678.59;2026.05.11 08:40:00;4663.56;-1503.0;2;LOSS;NEXT_SIGNAL;2026.05.11 08:45:00;4663.73;-1486.0;3;LOSS;REV;YES;;;;3.89;36;4674.45;4673.98;46.7;14.0;BEAR;SELL;OFF;0.75;20.73;17.44;13.48;4673.72;4682.48;4686.37;4690.27;4694.16;4698.05
2026.05.11 08:40:00;XAUUSD;PERIOD_M5;LIVE;VALID;SELL;4663.56;2026.05.11 09:30:00;4669.69;-613.0;10;LOSS;NEXT_SIGNAL;2026.05.11 09:35:00;4670.05;-649.0;11;LOSS;REV;YES;;;;4.65;36;4671.92;4672.92;-99.2;-26.6;BEAR;SELL;OFF;0.68;20.24;15.52;21.78;4669.37;4658.91;4654.26;4649.61;4644.96;4640.31
2026.05.11 09:30:00;XAUUSD;PERIOD_M5;LIVE;VALID;BUY;4669.69;2026.05.11 10:40:00;4671.93;224.0;14;WIN;NEXT_SIGNAL;2026.05.11 10:45:01;4672.15;246.0;15;WIN;REV;YES;;;;6.91;34;4666.55;4666.04;50.4;0.0;BEAR;SELL;OFF;0.79;23.75;29.56;14.51;4661.06;4676.60;4683.50;4690.41;4697.32;4704.22
2026.05.11 10:40:00;XAUUSD;PERIOD_M5;LIVE;VALID;SELL;4671.93;2026.05.11 11:20:00;4676.53;-460.0;8;LOSS;NEXT_SIGNAL;2026.05.11 11:25:00;4677.08;-515.0;9;LOSS;REV;YES;;;;4.50;35;4674.21;4674.38;-16.5;0.0;BEAR;SELL;OFF;0.87;21.73;10.71;16.60;4677.55;4667.43;4662.93;4658.43;4653.94;4649.44
2026.05.11 11:20:00;XAUUSD;PERIOD_M5;LIVE;VALID;BUY;4676.53;2026.05.11 11:40:00;4670.27;-626.0;4;LOSS;NEXT_SIGNAL;2026.05.11 11:45:00;4670.32;-621.0;5;LOSS;REV;YES;;;;5.18;34;4672.21;4672.14;7.1;0.0;BEAR NOISE;SELL;OFF;0.84;29.37;21.77;13.30;4670.06;4681.71;4686.88;4692.06;4697.24;4702.41
2026.05.11 11:40:00;XAUUSD;PERIOD_M5;LIVE;VALID;SELL;4670.27;2026.05.11 13:20:00;4665.24;503.0;20;WIN;NEXT_SIGNAL;2026.05.11 13:25:00;4665.60;467.0;21;WIN;REV;YES;;;;5.09;35;4671.29;4671.36;-6.6;0.0;BEAR;SELL;OFF;0.93;20.43;12.28;16.78;4676.63;4665.18;4660.09;4655.01;4649.92;4644.83
2026.05.11 13:20:00;XAUUSD;PERIOD_M5;LIVE;VALID;BUY;4665.24;2026.05.11 15:10:00;4668.32;308.0;22;WIN;NEXT_SIGNAL;2026.05.11 15:15:00;4668.35;311.0;23;WIN;REV;YES;;;;4.78;35;4661.99;4661.50;49.2;0.0;BEAR NOISE;SELL;OFF;0.70;32.88;20.07;15.08;4659.26;4670.02;4674.81;4679.59;4684.37;4689.16
2026.05.11 15:10:00;XAUUSD;PERIOD_M5;LIVE;VALID;SELL;4668.32;2026.05.11 15:20:00;4692.40;-2408.0;2;LOSS;NEXT_SIGNAL;2026.05.11 15:25:00;4692.72;-2440.0;3;LOSS;REV;YES;;;;3.35;34;4670.90;4670.97;-6.7;0.0;BEAR;SELL;OFF;0.69;30.88;15.81;29.50;4672.51;4664.97;4661.62;4658.27;4654.92;4651.57
2026.05.11 15:20:00;XAUUSD;PERIOD_M5;LIVE;VALID;BUY;4692.40;2026.05.11 17:25:00;4724.91;3251.0;25;WIN;NEXT_SIGNAL;2026.05.11 17:30:00;4724.95;3255.0;26;WIN;REV;YES;;;;5.01;35;4675.94;4673.39;255.6;36.9;BULL;BUY;OFF;0.72;26.20;32.08;22.16;4686.14;4697.41;4702.41;4707.42;4712.42;4717.43
2026.05.11 17:25:00;XAUUSD;PERIOD_M5;LIVE;VALID;SELL;4724.91;2026.05.11 18:20:00;4736.77;-1186.0;11;LOSS;NEXT_SIGNAL;2026.05.11 18:25:00;4737.11;-1220.0;12;LOSS;REV;YES;;;;8.79;35;4730.04;4730.88;-83.9;0.0;BULL;BUY;OFF;0.83;34.09;20.11;20.89;4735.89;4716.12;4707.34;4698.55;4689.76;4680.97
2026.05.11 18:20:00;XAUUSD;PERIOD_M5;LIVE;VALID;BUY;4736.77;2026.05.11 19:10:00;4727.77;-900.0;10;LOSS;NEXT_SIGNAL;2026.05.11 19:15:00;4727.80;-897.0;11;LOSS;REV;YES;;;;6.72;35;4730.56;4729.39;116.6;14.0;BULL;BUY;OFF;0.97;20.73;25.47;12.53;4728.37;4743.49;4750.21;4756.93;4763.65;4770.37
2026.05.11 19:10:00;XAUUSD;PERIOD_M5;LIVE;VALID;SELL;4727.77;2026.05.11 20:30:00;4722.87;490.0;16;WIN;NEXT_SIGNAL;2026.05.11 20:35:00;4723.21;456.0;17;WIN;REV;YES;;;;4.30;34;4730.01;4730.28;-27.8;0.0;BULL;BUY;OFF;0.95;18.87;15.10;27.94;4733.14;4723.47;4719.18;4714.88;4710.59;4706.29
2026.05.11 20:30:00;XAUUSD;PERIOD_M5;LIVE;VALID;BUY;4722.87;2026.05.11 22:15:00;4724.76;189.0;21;WIN;NEXT_SIGNAL;2026.05.11 22:20:01;4724.75;188.0;22;WIN;REV;YES;;;;4.51;35;4719.36;4719.24;12.0;0.0;BEAR;SELL;OFF;0.92;26.68;21.75;15.59;4717.23;4727.38;4731.89;4736.40;4740.91;4745.42
2026.05.11 22:15:00;XAUUSD;PERIOD_M5;LIVE;VALID;SELL;4724.76;2026.05.11 22:40:00;4726.93;-217.0;5;LOSS;NEXT_SIGNAL;2026.05.11 22:45:00;4727.26;-250.0;6;LOSS;REV;YES;;;;2.94;34;4725.33;4725.38;-5.4;0.0;BEAR;SELL;OFF;0.82;29.09;16.79;9.96;4728.43;4721.82;4718.88;4715.94;4713.00;4710.06
2026.05.11 22:40:00;XAUUSD;PERIOD_M5;LIVE;VALID;BUY;4726.93;2026.05.12 03:40:00;4757.83;3090.0;48;WIN;NEXT_SIGNAL;2026.05.12 03:45:00;4758.05;3112.0;49;WIN;REV;YES;;;;2.63;34;4725.70;4725.53;16.9;0.0;BEAR;SELL;OFF;0.82;27.29;27.33;9.34;4723.65;4729.56;4732.18;4734.81;4737.43;4740.06
2026.05.12 03:40:00;XAUUSD;PERIOD_M5;LIVE;VALID;SELL;4757.83;2026.05.12 05:50:00;4732.29;2554.0;26;WIN;NEXT_SIGNAL;2026.05.12 05:55:00;4732.64;2519.0;27;WIN;REV;YES;;;;6.76;36;4760.80;4761.42;-62.3;0.0;BULL;BUY;OFF;0.93;26.52;13.68;13.98;4766.29;4751.07;4744.30;4737.54;4730.77;4724.01
2026.05.12 05:50:00;XAUUSD;PERIOD_M5;LIVE;VALID;BUY;4732.29;2026.05.12 06:15:00;4725.98;-631.0;5;LOSS;NEXT_SIGNAL;2026.05.12 06:20:00;4725.93;-636.0;6;LOSS;REV;YES;;;;5.29;36;4729.65;4729.24;40.5;0.0;BULL;BUY;OFF;0.84;33.63;11.85;13.76;4725.67;4737.58;4742.88;4748.17;4753.46;4758.75
2026.05.12 06:15:00;XAUUSD;PERIOD_M5;LIVE;VALID;SELL;4725.98;2026.05.12 07:35:00;4725.54;44.0;16;WIN;NEXT_SIGNAL;2026.05.12 07:40:00;4725.85;13.0;17;WIN;REV;YES;;;;5.21;36;4728.81;4728.89;-7.8;0.0;BULL;BUY;OFF;0.87;29.40;8.31;16.14;4732.50;4720.76;4715.55;4710.34;4705.12;4699.91
2026.05.12 07:35:00;XAUUSD;PERIOD_M5;LIVE;VALID;BUY;4725.54;2026.05.12 07:45:00;4719.77;-577.0;2;LOSS;NEXT_SIGNAL;2026.05.12 07:50:02;4719.92;-562.0;3;LOSS;REV;YES;;;;3.54;35;4723.88;4723.56;31.7;0.0;BULL;BUY;OFF;0.71;19.23;24.44;17.77;4721.11;4729.08;4732.62;4736.17;4739.71;4743.25
2026.05.12 07:45:00;XAUUSD;PERIOD_M5;LIVE;VALID;SELL;4719.77;2026.05.12 10:35:00;4700.22;1955.0;34;WIN;NEXT_SIGNAL;2026.05.12 10:40:00;4700.49;1928.0;35;WIN;REV;YES;;;;3.80;36;4723.10;4723.18;-7.8;-14.0;BULL;BUY;OFF;0.78;18.10;18.36;24.19;4724.52;4715.97;4712.17;4708.37;4704.57;4700.77
2026.05.12 10:35:00;XAUUSD;PERIOD_M5;LIVE;VALID;BUY;4700.22;2026.05.12 12:05:00;4699.22;-100.0;18;LOSS;NEXT_SIGNAL;2026.05.12 12:10:00;4699.18;-104.0;19;LOSS;REV;YES;;;;5.53;35;4698.46;4698.24;22.3;0.0;BEAR;SELL;OFF;0.73;19.22;11.58;11.74;4693.31;4705.75;4711.28;4716.81;4722.35;4727.88
2026.05.12 12:05:00;XAUUSD;PERIOD_M5;LIVE;VALID;SELL;4699.22;2026.05.12 13:05:00;4707.65;-843.0;12;LOSS;NEXT_SIGNAL;2026.05.12 13:10:00;4707.87;-865.0;13;LOSS;REV;YES;;;;3.90;34;4701.39;4701.51;-12.2;0.0;BEAR;SELL;OFF;0.96;17.60;12.35;24.72;4704.09;4695.32;4691.43;4687.53;4683.63;4679.73
2026.05.12 13:05:00;XAUUSD;PERIOD_M5;LIVE;VALID;BUY;4707.65;2026.05.12 13:30:00;4695.26;-1239.0;5;LOSS;NEXT_SIGNAL;2026.05.12 13:35:00;4695.28;-1237.0;6;LOSS;REV;YES;;;;4.76;35;4701.85;4700.87;98.5;14.0;BEAR NOISE;SELL;OFF;0.84;23.15;25.59;10.45;4701.71;4712.41;4717.16;4721.92;4726.67;4731.43
2026.05.12 13:30:00;XAUUSD;PERIOD_M5;LIVE;VALID;SELL;4695.26;2026.05.12 14:25:00;4699.93;-467.0;11;LOSS;NEXT_SIGNAL;2026.05.12 14:30:00;4700.29;-503.0;12;LOSS;REV;YES;;;;5.36;35;4700.14;4700.61;-46.8;-14.0;BEAR;SELL;OFF;0.75;19.54;12.98;25.39;4701.95;4689.90;4684.55;4679.19;4673.84;4668.48
2026.05.12 14:25:00;XAUUSD;PERIOD_M5;LIVE;VALID;BUY;4699.93;2026.05.12 15:25:00;4697.11;-282.0;12;LOSS;NEXT_SIGNAL;2026.05.12 15:30:00;4697.52;-241.0;13;LOSS;REV;YES;;;;5.69;35;4695.22;4694.99;23.6;0.0;BEAR;SELL;OFF;0.82;18.32;15.23;12.72;4692.82;4705.62;4711.31;4717.00;4722.69;4728.38
2026.05.12 15:25:00;XAUUSD;PERIOD_M5;LIVE;BLOCKED;SELL;4697.11;2026.05.12 15:45:00;4707.12;-1001.0;4;LOSS;NEXT_SIGNAL;;;;;;;NO;MARKET;SPREAD;;5.34;47;4701.02;4701.35;-33.0;0.0;BEAR;SELL;OFF;0.96;23.26;16.96;25.27;4703.78;4691.77;4686.43;4681.09;4675.75;4670.41
2026.05.12 15:45:00;XAUUSD;PERIOD_M5;LIVE;VALID;BUY;4707.12;2026.05.12 16:00:00;4696.18;-1094.0;3;LOSS;NEXT_SIGNAL;2026.05.12 16:05:00;4696.12;-1100.0;4;LOSS;REV;YES;;;;6.45;34;4701.90;4701.86;4.1;0.0;BEAR NOISE;SELL;OFF;0.97;20.67;24.44;18.61;4699.06;4713.57;4720.02;4726.47;4732.92;4739.37
2026.05.12 16:00:00;XAUUSD;PERIOD_M5;LIVE;VALID;SELL;4696.18;2026.05.12 19:00:00;4670.78;2540.0;36;WIN;NEXT_SIGNAL;2026.05.12 19:05:00;4671.14;2504.0;37;WIN;REV;YES;;;;7.64;35;4702.25;4702.38;-12.7;-14.0;BEAR;SELL;OFF;0.99;18.33;17.19;24.69;4705.73;4688.54;4680.90;4673.26;4665.62;4657.98
2026.05.12 19:00:00;XAUUSD;PERIOD_M5;LIVE;VALID;BUY;4670.78;2026.05.13 02:50:00;4717.54;4676.0;82;WIN;NEXT_SIGNAL;2026.05.13 02:55:00;4717.55;4677.0;83;WIN;REV;YES;;;;8.99;35;4666.68;4666.39;29.1;0.0;BEAR;SELL;OFF;0.89;34.62;16.60;13.97;4659.54;4679.77;4688.76;4697.75;4706.74;4715.73
2026.05.13 02:50:00;XAUUSD;PERIOD_M5;LIVE;VALID;SELL;4717.54;2026.05.13 03:00:00;4724.69;-715.0;2;LOSS;NEXT_SIGNAL;2026.05.13 03:05:00;4725.07;-753.0;3;LOSS;REV;YES;;;;4.63;36;4718.63;4718.83;-20.0;0.0;BULL;BUY;OFF;0.94;37.71;10.28;10.30;4723.32;4712.91;4708.29;4703.66;4699.03;4694.41
2026.05.13 03:00:00;XAUUSD;PERIOD_M5;LIVE;VALID;BUY;4724.69;2026.05.13 03:45:00;4716.81;-788.0;9;LOSS;NEXT_SIGNAL;2026.05.13 03:50:00;4716.78;-791.0;10;LOSS;REV;YES;;;;5.02;36;4719.67;4719.28;39.5;0.0;BULL;BUY;OFF;0.89;33.12;16.41;7.74;4718.42;4729.71;4734.72;4739.74;4744.76;4749.77
2026.05.13 03:45:00;XAUUSD;PERIOD_M5;LIVE;VALID;SELL;4716.81;2026.05.13 06:30:00;4703.54;1327.0;33;WIN;NEXT_SIGNAL;2026.05.13 06:35:00;4703.87;1294.0;34;WIN;REV;YES;;;;5.09;36;4720.41;4720.69;-27.9;0.0;BULL;BUY;OFF;0.82;25.71;15.26;25.81;4723.17;4711.72;4706.64;4701.55;4696.46;4691.38
2026.05.13 06:30:00;XAUUSD;PERIOD_M5;LIVE;VALID;BUY;4703.54;2026.05.13 08:25:00;4697.99;-555.0;23;LOSS;NEXT_SIGNAL;2026.05.13 08:30:00;4698.03;-551.0;24;LOSS;REV;YES;;;;4.60;36;4697.12;4695.96;116.1;14.0;BULL;BUY;OFF;0.89;51.81;32.54;10.55;4697.79;4708.14;4712.74;4717.34;4721.93;4726.53
2026.05.13 08:25:00;XAUUSD;PERIOD_M5;LIVE;VALID;SELL;4697.99;2026.05.13 09:00:00;4709.59;-1160.0;7;LOSS;NEXT_SIGNAL;2026.05.13 09:05:00;4709.82;-1183.0;8;LOSS;REV;YES;;;;3.71;36;4700.99;4701.20;-20.9;-14.0;BULL NOISE;BUY;OFF;0.77;18.81;11.81;23.64;4702.63;4694.28;4690.56;4686.85;4683.13;4679.42
2026.05.13 09:00:00;XAUUSD;PERIOD_M5;LIVE;VALID;BUY;4709.59;2026.05.13 09:55:00;4701.44;-815.0;11;LOSS;NEXT_SIGNAL;2026.05.13 10:00:00;4701.59;-800.0;12;LOSS;REV;YES;;;;4.90;35;4702.53;4701.57;95.8;14.0;BULL;BUY;OFF;0.79;28.03;24.61;14.91;4703.47;4714.49;4719.38;4724.28;4729.17;4734.07
2026.05.13 09:55:00;XAUUSD;PERIOD_M5;LIVE;VALID;SELL;4701.44;2026.05.13 12:55:00;4700.84;60.0;36;WIN;NEXT_SIGNAL;2026.05.13 13:00:00;4701.16;28.0;37;WIN;REV;YES;;;;4.66;34;4706.40;4706.93;-53.4;-14.0;BULL;BUY;OFF;0.90;27.29;17.51;32.78;4707.26;4696.78;4692.13;4687.47;4682.81;4678.15
2026.05.13 12:55:00;XAUUSD;PERIOD_M5;LIVE;VALID;BUY;4700.84;2026.05.13 13:45:00;4695.31;-553.0;10;LOSS;NEXT_SIGNAL;2026.05.13 13:50:00;4695.37;-547.0;11;LOSS;REV;YES;;;;4.20;34;4695.80;4694.98;82.5;14.0;BULL;BUY;OFF;0.85;34.16;36.27;14.06;4695.59;4705.04;4709.24;4713.44;4717.64;4721.84
2026.05.13 13:45:00;XAUUSD;PERIOD_M5;LIVE;VALID;SELL;4695.31;2026.05.13 14:25:00;4698.44;-313.0;8;LOSS;NEXT_SIGNAL;2026.05.13 14:30:00;4698.80;-349.0;9;LOSS;REV;YES;;;;4.30;35;4697.43;4697.90;-46.3;-14.0;BULL;BUY;OFF;0.82;25.57;15.87;20.31;4700.69;4691.01;4686.70;4682.40;4678.10;4673.79
2026.05.13 14:25:00;XAUUSD;PERIOD_M5;LIVE;VALID;BUY;4698.44;2026.05.13 15:10:00;4693.89;-455.0;9;LOSS;NEXT_SIGNAL;2026.05.13 15:15:00;4693.75;-469.0;10;LOSS;REV;YES;;;;3.62;34;4697.28;4697.28;0.8;0.0;BULL;BUY;OFF;0.83;20.40;15.62;11.71;4693.92;4702.06;4705.67;4709.29;4712.91;4716.53
2026.05.13 15:10:00;XAUUSD;PERIOD_M5;LIVE;VALID;SELL;4693.89;2026.05.13 16:15:00;4691.98;191.0;13;WIN;NEXT_SIGNAL;2026.05.13 16:20:00;4692.34;155.0;14;WIN;REV;YES;;;;3.91;35;4698.48;4698.91;-42.9;0.0;BULL NOISE;BUY;OFF;0.82;26.60;16.37;33.45;4698.78;4689.98;4686.07;4682.16;4678.25;4674.34
2026.05.13 16:15:00;XAUUSD;PERIOD_M5;LIVE;VALID;BUY;4691.98;2026.05.13 16:35:00;4674.17;-1781.0;4;LOSS;NEXT_SIGNAL;2026.05.13 16:40:00;4674.13;-1785.0;5;LOSS;REV;YES;;;;6.49;34;4687.60;4687.26;33.8;0.0;BULL;BUY;OFF;0.85;31.22;16.38;13.62;4683.87;4698.47;4704.96;4711.45;4717.95;4724.44
2026.05.13 16:35:00;XAUUSD;PERIOD_M5;LIVE;VALID;SELL;4674.17;2026.05.13 17:30:00;4689.92;-1575.0;11;LOSS;NEXT_SIGNAL;2026.05.13 17:35:00;4690.26;-1609.0;12;LOSS;REV;YES;;;;6.88;35;4684.76;4685.65;-88.6;-14.0;BULL NOISE;BUY;OFF;0.87;27.99;14.17;30.40;4682.78;4667.28;4660.40;4653.52;4646.63;4639.75
2026.05.13 17:30:00;XAUUSD;PERIOD_M5;LIVE;VALID;BUY;4689.92;2026.05.13 19:50:00;4696.30;638.0;28;WIN;NEXT_SIGNAL;2026.05.13 19:55:00;4696.29;637.0;29;WIN;REV;YES;;;;8.12;35;4682.50;4681.65;84.3;14.0;BULL;BUY;OFF;0.82;27.63;25.32;14.57;4679.77;4698.04;4706.16;4714.28;4722.39;4730.51
2026.05.13 19:50:00;XAUUSD;PERIOD_M5;LIVE;VALID;SELL;4696.30;2026.05.13 22:35:00;4688.81;749.0;33;WIN;NEXT_SIGNAL;2026.05.13 22:40:00;4689.14;716.0;34;WIN;REV;YES;;;;4.55;35;4700.09;4700.15;-5.9;0.0;BULL NOISE;BUY;OFF;0.87;37.27;12.54;27.44;4701.99;4691.75;4687.20;4682.65;4678.11;4673.56
2026.05.13 22:35:00;XAUUSD;PERIOD_M5;LIVE;VALID;BUY;4688.81;2026.05.14 01:00:00;4693.33;452.0;17;WIN;NEXT_SIGNAL;2026.05.14 01:00:00;4690.37;156.0;17;WIN;REV;YES;;;;4.16;34;4687.24;4687.22;1.3;0.0;BEAR;SELL;OFF;0.74;18.90;14.21;19.99;4683.61;4692.97;4697.13;4701.29;4705.45;4709.61
2026.05.14 01:00:00;XAUUSD;PERIOD_M5;LIVE;VALID;BUY;4693.33;2026.05.14 02:30:00;4695.24;191.0;18;WIN;NEXT_SIGNAL;2026.05.14 02:35:00;4695.28;195.0;19;WIN;REV;NO;POSITION_ACTIVE;;;2.42;45;4690.27;4689.89;38.1;14.0;BEAR NOISE;SELL;OFF;0.72;22.63;23.93;15.77;4690.31;4695.75;4698.17;4700.59;4703.01;4705.43
2026.05.14 02:30:00;XAUUSD;PERIOD_M5;LIVE;VALID;SELL;4695.24;2026.05.14 03:15:00;4700.92;-568.0;9;LOSS;NEXT_SIGNAL;2026.05.14 03:20:00;4701.45;-621.0;10;LOSS;REV;YES;;;;2.23;36;4698.25;4698.31;-6.3;-14.0;BEAR;SELL;OFF;0.94;36.66;15.21;33.71;4698.03;4693.01;4690.78;4688.55;4686.32;4684.09
2026.05.14 03:15:00;XAUUSD;PERIOD_M5;LIVE;VALID;BUY;4700.92;2026.05.14 04:05:00;4688.27;-1265.0;10;LOSS;NEXT_SIGNAL;2026.05.14 04:10:00;4688.34;-1258.0;11;LOSS;REV;YES;;;;3.57;36;4696.99;4696.96;3.6;14.0;BEAR NOISE;SELL;OFF;0.77;29.45;25.10;16.14;4696.46;4704.49;4708.05;4711.62;4715.18;4718.75
2026.05.14 04:05:00;XAUUSD;PERIOD_M5;LIVE;VALID;SELL;4688.27;2026.05.14 05:25:00;4693.49;-522.0;16;LOSS;NEXT_SIGNAL;2026.05.14 05:30:00;4693.86;-559.0;17;LOSS;REV;YES;;;;6.44;36;4697.70;4698.26;-55.5;-26.6;BEAR;SELL;OFF;0.81;18.01;20.16;26.64;4696.32;4681.83;4675.40;4668.96;4662.52;4656.08
2026.05.14 05:25:00;XAUUSD;PERIOD_M5;LIVE;VALID;BUY;4693.49;2026.05.14 05:45:00;4682.67;-1082.0;4;LOSS;NEXT_SIGNAL;2026.05.14 05:50:00;4682.60;-1089.0;5;LOSS;REV;YES;;;;5.56;36;4691.14;4690.92;22.2;14.0;BEAR;SELL;OFF;0.94;13.14;23.12;13.47;4686.54;4699.05;4704.61;4710.17;4715.73;4721.29
2026.05.14 05:45:00;XAUUSD;PERIOD_M5;LIVE;VALID;SELL;4682.67;2026.05.14 07:20:00;4691.46;-879.0;19;LOSS;NEXT_SIGNAL;2026.05.14 07:25:00;4691.80;-913.0;20;LOSS;REV;YES;;;;6.27;36;4690.63;4691.01;-38.2;-14.0;BEAR;SELL;OFF;0.83;18.37;21.51;26.44;4690.51;4676.40;4670.13;4663.86;4657.59;4651.32
2026.05.14 07:20:00;XAUUSD;PERIOD_M5;LIVE;VALID;BUY;4691.46;2026.05.14 08:25:00;4693.58;212.0;13;WIN;NEXT_SIGNAL;2026.05.14 08:30:00;4693.44;198.0;14;WIN;REV;YES;;;;5.48;36;4682.46;4681.48;98.1;14.0;BEAR NOISE;SELL;OFF;0.79;22.69;35.55;18.88;4684.61;4696.94;4702.42;4707.90;4713.38;4718.86
2026.05.14 08:25:00;XAUUSD;PERIOD_M5;LIVE;VALID;SELL;4693.58;2026.05.14 09:40:00;4698.93;-535.0;15;LOSS;NEXT_SIGNAL;2026.05.14 09:45:00;4699.17;-559.0;16;LOSS;REV;YES;;;;5.32;36;4698.15;4698.63;-47.8;0.0;BULL;BUY;OFF;0.75;27.80;11.89;37.27;4700.23;4688.26;4682.94;4677.61;4672.29;4666.97
2026.05.14 09:40:00;XAUUSD;PERIOD_M5;LIVE;VALID;BUY;4698.93;2026.05.14 11:00:00;4697.43;-150.0;16;LOSS;NEXT_SIGNAL;2026.05.14 11:05:00;4697.44;-149.0;17;LOSS;REV;YES;;;;5.03;36;4694.00;4693.79;21.1;14.0;BULL;BUY;OFF;0.80;30.42;28.12;10.49;4692.65;4703.96;4708.98;4714.01;4719.03;4724.06
2026.05.14 11:00:00;XAUUSD;PERIOD_M5;LIVE;VALID;SELL;4697.43;2026.05.14 12:45:00;4700.33;-290.0;21;LOSS;NEXT_SIGNAL;2026.05.14 12:50:00;4700.65;-322.0;22;LOSS;REV;YES;;;;6.56;34;4700.59;4701.29;-69.9;-14.0;BULL NOISE;BUY;OFF;0.93;29.90;17.14;26.60;4705.63;4690.87;4684.31;4677.76;4671.20;4664.64
2026.05.14 12:45:00;XAUUSD;PERIOD_M5;LIVE;VALID;BUY;4700.33;2026.05.14 13:40:00;4693.45;-688.0;11;LOSS;NEXT_SIGNAL;2026.05.14 13:45:00;4693.55;-678.0;12;LOSS;REV;YES;;;;4.52;34;4695.58;4695.44;13.4;14.0;BULL;BUY;OFF;0.84;27.09;20.55;18.90;4694.68;4704.85;4709.37;4713.88;4718.40;4722.92
2026.05.14 13:40:00;XAUUSD;PERIOD_M5;LIVE;VALID;SELL;4693.45;2026.05.14 14:45:00;4698.05;-460.0;13;LOSS;NEXT_SIGNAL;2026.05.14 14:50:00;4698.42;-497.0;14;LOSS;REV;YES;;;;4.14;35;4695.96;4696.40;-44.3;-14.0;BULL;BUY;OFF;0.85;20.51;11.35;19.67;4698.62;4689.31;4685.18;4681.04;4676.91;4672.77
2026.05.14 14:45:00;XAUUSD;PERIOD_M5;LIVE;VALID;BUY;4698.05;2026.05.14 16:05:00;4701.33;328.0;16;WIN;NEXT_SIGNAL;2026.05.14 16:10:00;4701.32;327.0;17;WIN;REV;YES;;;;3.76;35;4695.55;4695.36;18.7;0.0;BULL;BUY;OFF;0.87;23.09;23.78;16.25;4693.35;4701.81;4705.57;4709.33;4713.09;4716.85
2026.05.14 16:05:00;XAUUSD;PERIOD_M5;LIVE;VALID;SELL;4701.33;2026.05.14 16:10:00;4704.02;-269.0;1;LOSS;NEXT_SIGNAL;2026.05.14 16:15:00;4704.39;-306.0;2;LOSS;REV;YES;;;;6.24;34;4701.62;4701.64;-2.2;0.0;BULL;BUY;OFF;0.81;26.79;19.73;15.47;4709.14;4695.09;4688.84;4682.60;4676.35;4670.11
2026.05.14 16:10:00;XAUUSD;PERIOD_M5;LIVE;VALID;BUY;4704.02;2026.05.14 16:15:00;4693.38;-1064.0;1;LOSS;NEXT_SIGNAL;2026.05.14 16:20:00;4693.29;-1073.0;2;LOSS;REV;YES;;;;6.11;34;4702.15;4701.99;16.6;14.0;BULL;BUY;OFF;0.78;26.62;22.61;13.41;4696.38;4710.13;4716.24;4722.35;4728.45;4734.56
2026.05.14 16:15:00;XAUUSD;PERIOD_M5;LIVE;VALID;SELL;4693.38;2026.05.14 17:20:00;4694.86;-148.0;13;LOSS;NEXT_SIGNAL;2026.05.14 17:25:00;4695.19;-181.0;14;LOSS;REV;YES;;;;6.67;35;4700.20;4701.27;-106.8;-26.6;BULL NOISE;BUY;OFF;0.78;23.68;19.60;21.48;4701.71;4686.71;4680.05;4673.38;4666.71;4660.05
2026.05.14 17:20:00;XAUUSD;PERIOD_M5;LIVE;VALID;BUY;4694.86;2026.05.14 17:55:00;4679.42;-1544.0;7;LOSS;NEXT_SIGNAL;2026.05.14 18:00:00;4679.44;-1542.0;8;LOSS;REV;YES;;;;9.16;34;4689.53;4688.86;67.0;14.0;BULL;BUY;OFF;0.90;29.61;31.95;12.82;4683.40;4704.02;4713.19;4722.35;4731.52;4740.68
2026.05.14 17:55:00;XAUUSD;PERIOD_M5;LIVE;VALID;SELL;4679.42;2026.05.14 18:35:00;4686.38;-696.0;8;LOSS;NEXT_SIGNAL;2026.05.14 18:40:00;4686.72;-730.0;9;LOSS;REV;YES;;;;7.08;35;4685.95;4686.92;-96.4;-26.6;BULL;BUY;OFF;0.91;17.90;14.17;23.79;4688.27;4672.34;4665.25;4658.17;4651.09;4644.01
2026.05.14 18:35:00;XAUUSD;PERIOD_M5;LIVE;VALID;BUY;4686.38;2026.05.14 18:40:00;4682.46;-392.0;1;LOSS;NEXT_SIGNAL;2026.05.14 18:45:00;4682.35;-403.0;2;LOSS;REV;YES;;;;5.16;35;4686.10;4686.04;5.4;0.0;BULL;BUY;OFF;0.94;19.07;18.55;12.34;4679.93;4691.54;4696.70;4701.85;4707.01;4712.17
2026.05.14 18:40:00;XAUUSD;PERIOD_M5;LIVE;VALID;SELL;4682.46;2026.05.14 20:05:00;4680.08;238.0;17;WIN;NEXT_SIGNAL;2026.05.14 20:10:00;4680.41;205.0;18;WIN;REV;YES;;;;5.24;35;4685.29;4685.63;-33.8;-26.6;BULL;BUY;OFF;0.94;17.86;16.07;19.64;4689.01;4677.22;4671.99;4666.75;4661.51;4656.28
2026.05.14 20:05:00;XAUUSD;PERIOD_M5;LIVE;VALID;BUY;4680.08;2026.05.14 21:00:00;4669.98;-1010.0;11;LOSS;NEXT_SIGNAL;2026.05.14 21:05:00;4670.01;-1007.0;12;LOSS;REV;YES;;;;4.10;35;4678.49;4678.27;21.9;0.0;BULL;BUY;OFF;0.73;21.58;27.42;14.96;4674.95;4684.18;4688.29;4692.39;4696.50;4700.60
2026.05.14 21:00:00;XAUUSD;PERIOD_M5;LIVE;VALID;SELL;4669.98;2026.05.15 01:00:00;4652.80;1718.0;36;WIN;NEXT_SIGNAL;2026.05.15 01:05:01;4653.18;1680.0;37;WIN;REV;YES;;;;3.40;35;4677.04;4678.09;-105.3;-26.6;BEAR NOISE;SELL;OFF;0.88;17.31;16.87;28.40;4674.23;4666.58;4663.18;4659.78;4656.38;4652.98
2026.05.15 01:00:00;XAUUSD;PERIOD_M5;LIVE;VALID;BUY;4652.80;2026.05.15 02:20:00;4657.98;518.0;16;WIN;NEXT_SIGNAL;2026.05.15 02:25:00;4657.99;519.0;17;WIN;REV;YES;;;;3.89;45;4651.11;4650.97;13.6;0.0;BEAR NOISE;SELL;OFF;0.87;43.64;22.92;22.52;4647.94;4656.69;4660.57;4664.46;4668.34;4672.23
2026.05.15 02:20:00;XAUUSD;PERIOD_M5;LIVE;VALID;SELL;4657.98;2026.05.15 02:25:00;4663.75;-577.0;1;LOSS;NEXT_SIGNAL;2026.05.15 02:30:00;4664.32;-634.0;2;LOSS;REV;YES;;;;2.74;36;4659.64;4659.68;-4.2;0.0;BEAR;SELL;OFF;0.87;30.94;7.69;21.97;4661.40;4655.24;4652.50;4649.77;4647.03;4644.29
2026.05.15 02:25:00;XAUUSD;PERIOD_M5;LIVE;VALID;BUY;4663.75;2026.05.15 02:30:00;4650.95;-1280.0;1;LOSS;NEXT_SIGNAL;2026.05.15 02:35:00;4651.04;-1271.0;2;LOSS;REV;YES;;;;2.91;36;4660.55;4660.22;33.3;14.0;BEAR NOISE;SELL;OFF;0.87;27.47;17.26;19.04;4660.11;4666.66;4669.57;4672.48;4675.39;4678.30
2026.05.15 02:30:00;XAUUSD;PERIOD_M5;LIVE;VALID;SELL;4650.95;2026.05.15 05:50:00;4620.72;3023.0;40;WIN;NEXT_SIGNAL;2026.05.15 05:55:00;4621.10;2985.0;41;WIN;REV;YES;;;;3.86;36;4658.42;4659.47;-105.7;-14.0;BEAR;SELL;OFF;0.89;26.75;14.96;23.44;4655.77;4647.09;4643.24;4639.38;4635.53;4631.67
2026.05.15 05:50:00;XAUUSD;PERIOD_M5;LIVE;VALID;BUY;4620.72;2026.05.15 06:25:00;4612.67;-805.0;7;LOSS;NEXT_SIGNAL;2026.05.15 06:30:00;4612.71;-801.0;8;LOSS;REV;YES;;;;6.60;34;4615.92;4615.13;78.7;14.0;BEAR;SELL;OFF;0.79;14.98;16.26;11.73;4612.47;4627.32;4633.92;4640.52;4647.13;4653.73
2026.05.15 06:25:00;XAUUSD;PERIOD_M5;LIVE;VALID;SELL;4612.67;2026.05.15 07:05:00;4621.36;-869.0;8;LOSS;NEXT_SIGNAL;2026.05.15 07:10:00;4621.77;-910.0;9;LOSS;REV;YES;;;;5.28;36;4615.30;4615.60;-30.4;0.0;BEAR;SELL;OFF;0.81;20.46;10.45;23.32;4619.27;4607.39;4602.11;4596.84;4591.56;4586.28
2026.05.15 07:05:00;XAUUSD;PERIOD_M5;LIVE;VALID;BUY;4621.36;2026.05.15 07:20:00;4610.65;-1071.0;3;LOSS;NEXT_SIGNAL;2026.05.15 07:25:00;4610.66;-1070.0;4;LOSS;REV;YES;;;;4.97;36;4615.85;4615.28;56.6;14.0;BEAR;SELL;OFF;0.87;21.19;19.42;15.79;4615.14;4626.33;4631.31;4636.28;4641.26;4646.23
2026.05.15 07:20:00;XAUUSD;PERIOD_M5;LIVE;VALID;SELL;4610.65;2026.05.15 09:30:00;4575.04;3561.0;26;WIN;NEXT_SIGNAL;2026.05.15 09:35:00;4575.37;3528.0;27;WIN;REV;YES;;;;5.07;36;4614.95;4615.06;-11.7;0.0;BEAR;SELL;OFF;0.89;22.48;12.64;31.12;4616.99;4605.58;4600.50;4595.43;4590.35;4585.28
2026.05.15 09:30:00;XAUUSD;PERIOD_M5;LIVE;VALID;BUY;4575.04;2026.05.15 10:50:00;4570.57;-447.0;16;LOSS;NEXT_SIGNAL;2026.05.15 10:55:00;4570.59;-445.0;17;LOSS;REV;YES;;;;9.15;35;4573.01;4572.56;44.7;-14.0;BEAR;SELL;OFF;0.85;30.39;21.33;14.38;4563.61;4584.19;4593.33;4602.48;4611.63;4620.78
2026.05.15 10:50:00;XAUUSD;PERIOD_M5;LIVE;VALID;SELL;4570.57;2026.05.15 13:10:00;4560.89;968.0;28;WIN;NEXT_SIGNAL;2026.05.15 13:15:00;4561.38;919.0;29;WIN;REV;YES;;;;6.26;35;4576.10;4576.55;-45.0;0.0;BEAR;SELL;OFF;0.85;25.05;10.96;30.40;4578.40;4564.31;4558.04;4551.78;4545.52;4539.25
2026.05.15 13:10:00;XAUUSD;PERIOD_M5;LIVE;VALID;BUY;4560.89;2026.05.15 14:35:00;4554.08;-681.0;17;LOSS;NEXT_SIGNAL;2026.05.15 14:40:00;4554.11;-678.0;18;LOSS;REV;YES;;;;7.98;34;4551.51;4550.19;132.1;14.0;BEAR NOISE;SELL;OFF;0.85;29.09;29.91;22.63;4550.91;4568.87;4576.86;4584.84;4592.83;4600.81
2026.05.15 14:35:00;XAUUSD;PERIOD_M5;LIVE;VALID;SELL;4554.08;2026.05.15 16:20:00;4554.30;-22.0;21;LOSS;NEXT_SIGNAL;2026.05.15 16:25:00;4555.06;-98.0;22;LOSS;REV;YES;;;;6.26;35;4560.34;4560.75;-40.7;-14.0;BEAR;SELL;OFF;0.83;21.86;10.98;27.26;4561.90;4547.82;4541.57;4535.31;4529.06;4522.80
2026.05.15 16:20:00;XAUUSD;PERIOD_M5;LIVE;VALID;BUY;4554.30;2026.05.15 16:30:00;4542.43;-1187.0;2;LOSS;NEXT_SIGNAL;2026.05.15 16:35:00;4542.47;-1183.0;3;LOSS;REV;YES;;;;8.30;34;4548.85;4548.79;6.7;0.0;BEAR;SELL;OFF;0.85;29.15;16.51;17.33;4543.92;4562.60;4570.91;4579.21;4587.51;4595.82
2026.05.15 16:30:00;XAUUSD;PERIOD_M5;LIVE;VALID;SELL;4542.43;2026.05.15 17:15:00;4557.98;-1555.0;9;LOSS;NEXT_SIGNAL;2026.05.15 17:20:00;4558.68;-1625.0;10;LOSS;REV;YES;;;;8.55;35;4547.40;4548.01;-60.7;-14.0;BEAR;SELL;OFF;0.87;27.56;12.40;23.16;4553.12;4533.88;4525.32;4516.77;4508.21;4499.66
2026.05.15 17:15:00;XAUUSD;PERIOD_M5;LIVE;VALID;BUY;4557.98;2026.05.15 18:20:00;4545.70;-1228.0;13;LOSS;NEXT_SIGNAL;2026.05.15 18:25:00;4545.71;-1227.0;14;LOSS;REV;YES;;;;11.74;34;4541.31;4539.70;161.4;14.0;BEAR NOISE;SELL;OFF;0.86;26.92;31.85;20.94;4543.31;4569.72;4581.45;4593.19;4604.93;4616.66
2026.05.15 18:20:00;XAUUSD;PERIOD_M5;LIVE;VALID;SELL;4545.70;2026.05.15 19:35:00;4545.46;24.0;15;WIN;NEXT_SIGNAL;2026.05.15 19:40:00;4545.90;-20.0;16;LOSS;REV;YES;;;;8.82;34;4551.57;4552.45;-87.7;0.0;BEAR;SELL;OFF;0.81;14.96;14.20;22.48;4556.73;4536.88;4528.05;4519.23;4510.40;4501.58
2026.05.15 19:35:00;XAUUSD;PERIOD_M5;LIVE;VALID;BUY;4545.46;2026.05.15 21:20:00;4558.57;1311.0;21;WIN;NEXT_SIGNAL;2026.05.15 21:25:00;4558.58;1312.0;22;WIN;REV;YES;;;;5.38;34;4540.78;4540.13;65.3;0.0;BEAR;SELL;OFF;0.88;31.84;28.96;12.48;4538.73;4550.84;4556.23;4561.61;4567.00;4572.38
2026.05.15 21:20:00;XAUUSD;PERIOD_M5;LIVE;VALID;SELL;4558.57;2026.05.15 21:55:00;4559.18;-61.0;7;LOSS;NEXT_SIGNAL;2026.05.15 22:00:00;4559.52;-95.0;8;LOSS;REV;YES;;;;4.67;34;4558.37;4558.48;-10.5;0.0;BEAR;SELL;OFF;0.78;27.07;15.39;19.21;4564.41;4553.90;4549.23;4544.55;4539.88;4535.21
2026.05.15 21:55:00;XAUUSD;PERIOD_M5;LIVE;VALID;BUY;4559.18;2026.05.15 22:00:00;4554.25;-493.0;1;LOSS;NEXT_SIGNAL;2026.05.15 22:05:00;4554.32;-486.0;2;LOSS;REV;YES;;;;4.09;35;4558.77;4558.71;5.9;0.0;BEAR;SELL;OFF;0.88;23.01;20.52;14.82;4554.07;4563.27;4567.36;4571.45;4575.54;4579.63
2026.05.15 22:00:00;XAUUSD;PERIOD_M5;LIVE;VALID;SELL;4554.25;2026.05.18 01:05:00;4553.99;26.0;25;WIN;NEXT_SIGNAL;2026.05.18 01:10:00;4554.54;-29.0;26;LOSS;REV;YES;;;;4.34;35;4557.76;4558.24;-47.1;0.0;BEAR;SELL;OFF;0.87;21.45;17.78;22.32;4559.67;4549.91;4545.58;4541.24;4536.90;4532.56
2026.05.18 01:05:00;XAUUSD;PERIOD_M5;LIVE;VALID;BUY;4553.99;2026.05.18 02:05:00;4541.46;-1253.0;12;LOSS;NEXT_SIGNAL;2026.05.18 02:10:00;4541.16;-1283.0;13;LOSS;REV;YES;;;;5.08;45;4543.84;4542.06;178.1;0.0;BULL NOISE;BUY;OFF;0.85;29.33;28.00;27.08;4547.65;4559.07;4564.14;4569.22;4574.29;4579.37
2026.05.18 02:05:00;XAUUSD;PERIOD_M5;LIVE;VALID;SELL;4541.46;2026.05.18 04:30:00;4509.94;3152.0;29;WIN;NEXT_SIGNAL;2026.05.18 04:35:00;4510.30;3116.0;30;WIN;REV;YES;;;;7.58;36;4545.68;4545.94;-25.4;0.0;BULL;BUY;OFF;0.83;22.15;11.22;29.10;4550.94;4533.88;4526.29;4518.71;4511.12;4503.54
2026.05.18 04:30:00;XAUUSD;PERIOD_M5;LIVE;VALID;BUY;4509.94;2026.05.18 06:10:00;4529.37;1943.0;20;WIN;NEXT_SIGNAL;2026.05.18 06:15:00;4529.45;1951.0;21;WIN;REV;YES;;;;14.81;34;4503.86;4502.86;100.5;0.0;BEAR;SELL;OFF;0.86;30.02;15.00;10.96;4491.42;4524.75;4539.56;4554.38;4569.19;4584.00
2026.05.18 06:10:00;XAUUSD;PERIOD_M5;LIVE;VALID;SELL;4529.37;2026.05.18 06:40:00;4545.54;-1617.0;6;LOSS;NEXT_SIGNAL;2026.05.18 06:45:00;4545.81;-1644.0;7;LOSS;REV;YES;;;;7.47;36;4531.96;4532.54;-58.3;0.0;BEAR;SELL;OFF;0.90;29.40;10.37;10.95;4538.71;4521.90;4514.43;4506.96;4499.49;4492.02
2026.05.18 06:40:00;XAUUSD;PERIOD_M5;LIVE;VALID;BUY;4545.54;2026.05.18 08:00:00;4535.90;-964.0;16;LOSS;NEXT_SIGNAL;2026.05.18 08:05:00;4535.55;-999.0;17;LOSS;REV;YES;;;;8.34;36;4535.31;4533.97;133.8;14.0;BEAR NOISE;SELL;OFF;0.89;25.20;19.39;8.28;4535.12;4553.88;4562.21;4570.55;4578.89;4587.23
2026.05.18 08:00:00;XAUUSD;PERIOD_M5;LIVE;VALID;SELL;4535.90;2026.05.18 08:20:00;4546.00;-1010.0;4;LOSS;NEXT_SIGNAL;2026.05.18 08:25:00;4546.43;-1053.0;5;LOSS;REV;YES;;;;6.43;36;4539.88;4540.61;-72.4;0.0;BEAR;SELL;OFF;0.83;19.12;15.36;17.76;4543.94;4529.47;4523.03;4516.60;4510.16;4503.73
2026.05.18 08:20:00;XAUUSD;PERIOD_M5;LIVE;VALID;BUY;4546.00;2026.05.18 08:50:00;4536.25;-975.0;6;LOSS;NEXT_SIGNAL;2026.05.18 08:55:00;4536.24;-976.0;7;LOSS;REV;YES;;;;7.17;36;4541.85;4541.14;71.5;0.0;BEAR;SELL;OFF;0.89;18.77;17.73;10.02;4537.03;4553.17;4560.34;4567.52;4574.69;4581.86
2026.05.18 08:50:00;XAUUSD;PERIOD_M5;LIVE;VALID;SELL;4536.25;2026.05.18 09:40:00;4540.65;-440.0;10;LOSS;NEXT_SIGNAL;2026.05.18 09:45:00;4540.98;-473.0;11;LOSS;REV;YES;;;;7.32;34;4540.50;4541.17;-66.7;0.0;BEAR;SELL;OFF;0.83;19.99;8.68;19.95;4545.41;4528.93;4521.60;4514.28;4506.95;4499.63
2026.05.18 09:40:00;XAUUSD;PERIOD_M5;LIVE;VALID;BUY;4540.65;2026.05.18 11:05:00;4543.92;327.0;17;WIN;NEXT_SIGNAL;2026.05.18 11:10:00;4543.93;328.0;18;WIN;REV;YES;;;;7.44;34;4539.09;4538.98;10.5;0.0;BEAR;SELL;OFF;0.85;19.35;11.60;16.77;4531.34;4548.09;4555.54;4562.98;4570.43;4577.87
2026.05.18 11:05:00;XAUUSD;PERIOD_M5;LIVE;VALID;SELL;4543.92;2026.05.18 11:20:00;4549.69;-577.0;3;LOSS;NEXT_SIGNAL;2026.05.18 11:25:00;4549.85;-593.0;4;LOSS;REV;YES;;;;5.92;34;4545.91;4546.11;-20.8;0.0;BEAR;SELL;OFF;0.89;17.18;16.15;21.90;4551.31;4538.00;4532.09;4526.17;4520.26;4514.34
2026.05.18 11:20:00;XAUUSD;PERIOD_M5;LIVE;VALID;BUY;4549.69;2026.05.18 12:05:00;4547.02;-267.0;9;LOSS;NEXT_SIGNAL;2026.05.18 12:10:01;4547.03;-266.0;10;LOSS;REV;YES;;;;5.76;34;4546.77;4546.63;13.3;0.0;BEAR;SELL;OFF;0.89;17.51;20.46;17.08;4542.49;4555.45;4561.21;4566.97;4572.73;4578.49
2026.05.18 12:05:00;XAUUSD;PERIOD_M5;LIVE;VALID;SELL;4547.02;2026.05.18 14:35:00;4554.63;-761.0;30;LOSS;NEXT_SIGNAL;2026.05.18 14:40:00;4555.92;-890.0;31;LOSS;REV;YES;;;;5.30;34;4548.42;4548.55;-12.6;0.0;BEAR;SELL;OFF;0.87;21.91;16.77;16.94;4553.65;4541.72;4536.41;4531.11;4525.80;4520.50
2026.05.18 14:35:00;XAUUSD;PERIOD_M5;LIVE;VALID;BUY;4554.63;2026.05.18 17:05:00;4566.85;1222.0;30;WIN;NEXT_SIGNAL;2026.05.18 17:10:00;4566.86;1223.0;31;WIN;REV;YES;;;;6.78;35;4542.08;4540.11;197.7;14.0;BULL NOISE;BUY;OFF;0.82;21.10;27.47;19.30;4546.16;4561.41;4568.18;4574.96;4581.74;4588.52
2026.05.18 17:05:00;XAUUSD;PERIOD_M5;LIVE;VALID;SELL;4566.85;2026.05.18 18:55:00;4543.42;2343.0;22;WIN;NEXT_SIGNAL;2026.05.18 19:00:00;4543.79;2306.0;23;WIN;REV;YES;;;;9.02;34;4570.99;4571.01;-2.8;0.0;BULL;BUY;OFF;0.85;25.21;15.60;27.56;4578.13;4557.83;4548.81;4539.79;4530.77;4521.75
2026.05.18 18:55:00;XAUUSD;PERIOD_M5;LIVE;VALID;BUY;4543.42;2026.05.18 20:45:00;4546.67;325.0;22;WIN;NEXT_SIGNAL;2026.05.18 20:50:00;4546.72;330.0;23;WIN;REV;YES;;;;6.89;35;4541.66;4541.14;51.9;0.0;BULL;BUY;OFF;0.90;38.55;15.97;8.60;4534.81;4550.31;4557.20;4564.08;4570.97;4577.86
2026.05.18 20:45:00;XAUUSD;PERIOD_M5;LIVE;VALID;SELL;4546.67;2026.05.18 22:00:00;4553.55;-688.0;15;LOSS;NEXT_SIGNAL;2026.05.18 22:05:00;4553.75;-708.0;16;LOSS;REV;YES;;;;4.28;35;4549.73;4550.22;-49.0;0.0;BULL;BUY;OFF;0.88;27.52;12.49;22.86;4552.02;4542.39;4538.11;4533.82;4529.54;4525.26
2026.05.18 22:00:00;XAUUSD;PERIOD_M5;LIVE;VALID;BUY;4553.55;2026.05.19 03:00:00;4578.98;2543.0;48;WIN;NEXT_SIGNAL;2026.05.19 03:05:00;4578.99;2544.0;49;WIN;REV;YES;;;;5.43;35;4543.41;4543.34;6.6;26.6;BULL;BUY;OFF;0.90;40.30;20.56;28.05;4546.76;4558.98;4564.42;4569.85;4575.28;4580.71
2026.05.19 03:00:00;XAUUSD;PERIOD_M5;LIVE;VALID;SELL;4578.98;2026.05.19 04:45:00;4566.37;1261.0;21;WIN;NEXT_SIGNAL;2026.05.19 04:50:00;4566.67;1231.0;22;WIN;REV;YES;;;;4.15;36;4582.20;4582.30;-10.2;-14.0;BULL NOISE;BUY;OFF;0.92;28.86;20.58;24.79;4584.17;4574.83;4570.67;4566.52;4562.37;4558.21
2026.05.19 04:45:00;XAUUSD;PERIOD_M5;LIVE;VALID;BUY;4566.37;2026.05.19 05:00:00;4561.08;-529.0;3;LOSS;NEXT_SIGNAL;2026.05.19 05:05:00;4561.14;-523.0;4;LOSS;REV;YES;;;;6.40;36;4565.41;4565.37;3.6;0.0;BULL;BUY;OFF;0.79;38.07;22.61;18.40;4558.36;4572.77;4579.18;4585.58;4591.99;4598.39
2026.05.19 05:00:00;XAUUSD;PERIOD_M5;LIVE;VALID;SELL;4561.08;2026.05.19 08:05:00;4545.18;1590.0;37;WIN;NEXT_SIGNAL;2026.05.19 08:10:00;4545.53;1555.0;38;WIN;REV;YES;;;;6.63;36;4564.45;4564.48;-3.5;0.0;BULL;BUY;OFF;0.76;31.13;14.72;28.64;4569.37;4554.45;4547.82;4541.19;4534.57;4527.94
2026.05.19 08:05:00;XAUUSD;PERIOD_M5;LIVE;VALID;BUY;4545.18;2026.05.19 08:20:00;4535.28;-990.0;3;LOSS;NEXT_SIGNAL;2026.05.19 08:25:00;4535.16;-1002.0;4;LOSS;REV;YES;;;;3.61;36;4542.84;4542.41;43.2;0.0;BULL;BUY;OFF;0.90;27.79;14.88;12.50;4540.67;4548.79;4552.40;4556.01;4559.61;4563.22
2026.05.19 08:20:00;XAUUSD;PERIOD_M5;LIVE;VALID;SELL;4535.28;2026.05.19 09:15:00;4550.09;-1481.0;11;LOSS;NEXT_SIGNAL;2026.05.19 09:20:00;4550.39;-1511.0;12;LOSS;REV;YES;;;;3.94;36;4541.25;4541.62;-36.8;-14.0;BULL NOISE;BUY;OFF;0.97;25.09;13.88;26.45;4540.21;4531.34;4527.39;4523.45;4519.51;4515.57
2026.05.19 09:15:00;XAUUSD;PERIOD_M5;LIVE;VALID;BUY;4550.09;2026.05.19 10:30:00;4544.02;-607.0;15;LOSS;NEXT_SIGNAL;2026.05.19 10:35:00;4544.00;-609.0;16;LOSS;REV;YES;;;;7.00;35;4541.80;4540.49;131.0;26.6;BULL;BUY;OFF;0.97;18.92;22.39;14.54;4541.33;4557.09;4564.10;4571.10;4578.11;4585.11
2026.05.19 10:30:00;XAUUSD;PERIOD_M5;LIVE;VALID;SELL;4544.02;2026.05.19 10:50:00;4552.07;-805.0;4;LOSS;NEXT_SIGNAL;2026.05.19 10:55:00;4552.42;-840.0;5;LOSS;REV;YES;;;;5.54;34;4547.28;4547.79;-51.2;0.0;BULL;BUY;OFF;0.87;13.88;15.91;17.19;4550.94;4538.48;4532.94;4527.41;4521.87;4516.33
2026.05.19 10:50:00;XAUUSD;PERIOD_M5;LIVE;VALID;BUY;4552.07;2026.05.19 11:15:00;4544.18;-789.0;5;LOSS;NEXT_SIGNAL;2026.05.19 11:20:00;4544.14;-793.0;6;LOSS;REV;YES;;;;5.84;34;4547.83;4547.76;7.1;0.0;BULL;BUY;OFF;0.83;13.58;17.76;15.00;4544.77;4557.91;4563.75;4569.60;4575.44;4581.28
2026.05.19 11:15:00;XAUUSD;PERIOD_M5;LIVE;VALID;SELL;4544.18;2026.05.19 13:30:00;4541.29;289.0;27;WIN;NEXT_SIGNAL;2026.05.19 13:35:00;4541.69;249.0;28;WIN;REV;YES;;;;6.01;34;4547.55;4547.97;-41.7;0.0;BULL;BUY;OFF;0.85;16.44;14.91;19.82;4551.70;4538.17;4532.15;4526.14;4520.12;4514.11
2026.05.19 13:30:00;XAUUSD;PERIOD_M5;LIVE;VALID;BUY;4541.29;2026.05.19 13:40:00;4529.08;-1221.0;2;LOSS;NEXT_SIGNAL;2026.05.19 13:45:00;4529.05;-1224.0;3;LOSS;REV;YES;;;;4.11;35;4540.44;4540.44;0.5;0.0;BULL;BUY;OFF;0.89;14.86;14.09;10.24;4536.15;4545.40;4549.52;4553.63;4557.75;4561.86
2026.05.19 13:40:00;XAUUSD;PERIOD_M5;LIVE;VALID;SELL;4529.08;2026.05.19 14:00:00;4543.58;-1450.0;4;LOSS;NEXT_SIGNAL;2026.05.19 14:05:00;4543.96;-1488.0;5;LOSS;REV;YES;;;;4.94;35;4537.99;4539.36;-137.2;-26.6;BULL NOISE;BUY;OFF;0.89;17.14;10.58;21.19;4535.26;4524.14;4519.19;4514.25;4509.30;4504.36
2026.05.19 14:00:00;XAUUSD;PERIOD_M5;LIVE;VALID;BUY;4543.58;2026.05.19 14:50:00;4534.79;-879.0;10;LOSS;NEXT_SIGNAL;2026.05.19 14:55:00;4534.90;-868.0;11;LOSS;REV;YES;;;;5.66;35;4539.45;4539.13;31.1;14.0;BULL;BUY;OFF;0.88;22.28;29.53;11.95;4536.50;4549.24;4554.91;4560.57;4566.23;4571.89
2026.05.19 14:50:00;XAUUSD;PERIOD_M5;LIVE;VALID;SELL;4534.79;2026.05.19 15:10:00;4542.14;-735.0;4;LOSS;NEXT_SIGNAL;2026.05.19 15:15:00;4542.49;-770.0;5;LOSS;REV;YES;;;;5.05;35;4538.74;4539.07;-32.6;-14.0;BULL;BUY;OFF;0.87;17.85;13.50;21.46;4541.11;4529.74;4524.68;4519.63;4514.58;4509.52
2026.05.19 15:10:00;XAUUSD;PERIOD_M5;LIVE;VALID;BUY;4542.14;2026.05.19 15:55:00;4537.13;-501.0;9;LOSS;NEXT_SIGNAL;2026.05.19 16:00:00;4537.10;-504.0;10;LOSS;REV;YES;;;;5.27;34;4538.78;4538.68;9.6;14.0;BULL;BUY;OFF;0.82;21.95;26.63;22.52;4535.55;4547.41;4552.69;4557.96;4563.24;4568.51
2026.05.19 15:55:00;XAUUSD;PERIOD_M5;LIVE;VALID;SELL;4537.13;2026.05.19 18:05:00;4498.25;3888.0;26;WIN;NEXT_SIGNAL;2026.05.19 18:10:00;4498.62;3851.0;27;WIN;REV;YES;;;;5.84;35;4539.78;4539.91;-13.5;0.0;BULL;BUY;OFF;0.93;12.45;15.72;18.15;4544.43;4531.29;4525.44;4519.60;4513.76;4507.91
2026.05.19 18:05:00;XAUUSD;PERIOD_M5;LIVE;VALID;BUY;4498.25;2026.05.19 20:30:00;4504.09;584.0;29;WIN;NEXT_SIGNAL;2026.05.19 20:35:00;4504.10;585.0;30;WIN;REV;YES;;;;10.65;35;4494.04;4493.47;57.0;14.0;BEAR;SELL;OFF;0.95;20.46;14.20;14.89;4484.94;4508.90;4519.55;4530.20;4540.84;4551.49
2026.05.19 20:30:00;XAUUSD;PERIOD_M5;LIVE;VALID;SELL;4504.09;2026.05.20 01:55:00;4484.37;1972.0;53;WIN;NEXT_SIGNAL;2026.05.20 02:00:00;4484.58;1951.0;54;WIN;REV;YES;;;;4.15;35;4506.16;4506.36;-20.2;0.0;BEAR;SELL;OFF;0.86;21.93;13.78;13.90;4509.28;4499.94;4495.79;4491.64;4487.49;4483.34
2026.05.20 01:55:00;XAUUSD;PERIOD_M5;LIVE;VALID;BUY;4484.37;2026.05.20 03:05:00;4484.10;-27.0;14;LOSS;NEXT_SIGNAL;2026.05.20 03:10:00;4484.08;-29.0;15;LOSS;REV;YES;;;;3.59;36;4482.43;4482.34;8.8;0.0;BEAR NOISE;SELL;OFF;0.83;29.71;14.12;14.00;4479.89;4487.96;4491.55;4495.13;4498.72;4502.31
2026.05.20 03:05:00;XAUUSD;PERIOD_M5;LIVE;VALID;SELL;4484.10;2026.05.20 03:25:00;4501.96;-1786.0;4;LOSS;NEXT_SIGNAL;2026.05.20 03:30:00;4502.20;-1810.0;5;LOSS;REV;YES;;;;4.79;36;4488.08;4488.09;-0.5;0.0;BEAR;SELL;OFF;0.65;33.45;13.24;24.37;4490.09;4479.31;4474.52;4469.73;4464.94;4460.15
2026.05.20 03:25:00;XAUUSD;PERIOD_M5;LIVE;VALID;BUY;4501.96;2026.05.20 04:15:00;4495.61;-635.0;10;LOSS;NEXT_SIGNAL;2026.05.20 04:20:00;4495.68;-628.0;11;LOSS;REV;YES;;;;6.40;36;4491.14;4489.76;138.9;26.6;BULL NOISE;BUY;OFF;0.77;25.25;23.17;14.95;4493.96;4508.36;4514.76;4521.16;4527.56;4533.96
2026.05.20 04:15:00;XAUUSD;PERIOD_M5;LIVE;VALID;SELL;4495.61;2026.05.20 05:20:00;4484.52;1109.0;13;WIN;NEXT_SIGNAL;2026.05.20 05:25:00;4484.87;1074.0;14;WIN;REV;YES;;;;7.90;36;4496.52;4496.67;-14.2;0.0;BULL;BUY;OFF;0.87;18.81;17.59;17.65;4505.48;4487.71;4479.81;4471.91;4464.01;4456.11
2026.05.20 05:20:00;XAUUSD;PERIOD_M5;LIVE;VALID;BUY;4484.52;2026.05.20 05:30:00;4470.30;-1422.0;2;LOSS;NEXT_SIGNAL;2026.05.20 05:35:00;4470.42;-1410.0;3;LOSS;REV;YES;;;;9.34;36;4480.71;4480.68;3.1;-14.0;BEAR;SELL;OFF;0.78;19.38;22.68;15.10;4472.84;4493.86;4503.20;4512.54;4521.89;4531.23
2026.05.20 05:30:00;XAUUSD;PERIOD_M5;LIVE;VALID;SELL;4470.30;2026.05.20 07:00:00;4468.63;167.0;18;WIN;NEXT_SIGNAL;2026.05.20 07:05:00;4469.13;117.0;19;WIN;REV;YES;;;;9.73;36;4478.53;4479.10;-57.2;-14.0;BEAR;SELL;OFF;0.79;18.43;17.04;21.56;4482.46;4460.57;4450.84;4441.12;4431.39;4421.66
2026.05.20 07:00:00;XAUUSD;PERIOD_M5;LIVE;VALID;BUY;4468.63;2026.05.20 07:45:00;4459.84;-879.0;9;LOSS;NEXT_SIGNAL;2026.05.20 07:50:00;4459.81;-882.0;10;LOSS;REV;YES;;;;5.72;36;4463.25;4462.34;90.5;14.0;BEAR;SELL;OFF;0.84;19.74;26.81;14.05;4461.48;4474.35;4480.06;4485.78;4491.50;4497.22
2026.05.20 07:45:00;XAUUSD;PERIOD_M5;LIVE;VALID;SELL;4459.84;2026.05.20 08:00:00;4470.98;-1114.0;3;LOSS;NEXT_SIGNAL;2026.05.20 08:05:00;4471.33;-1149.0;4;LOSS;REV;YES;;;;4.60;36;4463.36;4463.89;-52.7;-14.0;BEAR;SELL;OFF;0.79;22.59;8.64;22.52;4465.59;4455.24;4450.64;4446.04;4441.44;4436.84
2026.05.20 08:00:00;XAUUSD;PERIOD_M5;LIVE;VALID;BUY;4470.98;2026.05.20 09:30:00;4466.80;-418.0;18;LOSS;NEXT_SIGNAL;2026.05.20 09:35:00;4466.78;-420.0;19;LOSS;REV;YES;;;;4.95;36;4464.53;4464.30;22.7;14.0;BEAR NOISE;SELL;OFF;0.87;25.47;17.44;14.66;4464.79;4475.93;4480.89;4485.84;4490.80;4495.75
2026.05.20 09:30:00;XAUUSD;PERIOD_M5;LIVE;VALID;SELL;4466.80;2026.05.20 09:50:00;4474.78;-798.0;4;LOSS;NEXT_SIGNAL;2026.05.20 09:55:00;4475.36;-856.0;5;LOSS;REV;YES;;;;6.53;34;4470.58;4471.19;-61.1;-14.0;BEAR;SELL;OFF;0.91;11.74;19.25;20.28;4474.97;4460.27;4453.74;4447.20;4440.67;4434.14
2026.05.20 09:50:00;XAUUSD;PERIOD_M5;LIVE;VALID;BUY;4474.78;2026.05.20 12:15:00;4482.40;762.0;29;WIN;NEXT_SIGNAL;2026.05.20 12:20:00;4482.41;763.0;30;WIN;REV;YES;;;;6.54;34;4471.18;4471.06;11.7;0.0;BEAR;SELL;OFF;0.83;14.84;28.18;18.14;4466.60;4481.32;4487.86;4494.40;4500.95;4507.49
2026.05.20 12:15:00;XAUUSD;PERIOD_M5;LIVE;VALID;SELL;4482.40;2026.05.20 12:50:00;4489.37;-697.0;7;LOSS;NEXT_SIGNAL;2026.05.20 12:55:00;4489.75;-735.0;8;LOSS;REV;YES;;;;5.24;34;4482.62;4482.71;-9.1;0.0;BEAR;SELL;OFF;0.89;23.35;11.94;21.09;4488.95;4477.16;4471.92;4466.67;4461.43;4456.19
2026.05.20 12:50:00;XAUUSD;PERIOD_M5;LIVE;VALID;BUY;4489.37;2026.05.20 15:20:00;4496.25;688.0;30;WIN;NEXT_SIGNAL;2026.05.20 15:25:00;4496.24;687.0;31;WIN;REV;YES;;;;4.88;34;4483.59;4482.71;88.7;14.0;BEAR NOISE;SELL;OFF;0.84;19.85;28.38;18.86;4483.27;4494.25;4499.13;4504.01;4508.88;4513.76
2026.05.20 15:20:00;XAUUSD;PERIOD_M5;LIVE;VALID;SELL;4496.25;2026.05.20 15:25:00;4499.40;-315.0;1;LOSS;NEXT_SIGNAL;2026.05.20 15:30:00;4499.97;-372.0;2;LOSS;REV;YES;;;;4.34;35;4496.20;4496.21;-1.4;14.0;BEAR;SELL;OFF;0.87;20.56;10.53;19.16;4501.67;4491.91;4487.57;4483.23;4478.90;4474.56
2026.05.20 15:25:00;XAUUSD;PERIOD_M5;LIVE;VALID;BUY;4499.40;2026.05.20 16:20:00;4494.24;-516.0;11;LOSS;NEXT_SIGNAL;2026.05.20 16:25:00;4494.22;-518.0;12;LOSS;REV;YES;;;;4.23;34;4496.91;4496.57;34.2;0.0;BEAR;SELL;OFF;0.87;18.91;19.57;16.61;4494.11;4503.63;4507.86;4512.09;4516.33;4520.56
2026.05.20 16:20:00;XAUUSD;PERIOD_M5;LIVE;VALID;SELL;4494.24;2026.05.20 17:20:00;4502.59;-835.0;12;LOSS;NEXT_SIGNAL;2026.05.20 17:25:00;4503.06;-882.0;13;LOSS;REV;YES;;;;4.92;35;4498.78;4499.22;-44.3;-14.0;BEAR;SELL;OFF;0.84;18.01;17.12;24.42;4500.40;4489.32;4484.39;4479.47;4474.54;4469.62
2026.05.20 17:20:00;XAUUSD;PERIOD_M5;LIVE;VALID;BUY;4502.59;2026.05.20 19:15:00;4530.83;2824.0;23;WIN;NEXT_SIGNAL;2026.05.20 19:20:00;4530.86;2827.0;24;WIN;REV;YES;;;;8.53;35;4489.88;4489.36;52.5;14.0;BULL;BUY;OFF;0.85;42.65;20.89;31.92;4491.93;4511.12;4519.64;4528.17;4536.69;4545.22
2026.05.20 19:15:00;XAUUSD;PERIOD_M5;LIVE;VALID;SELL;4530.83;2026.05.20 19:55:00;4534.35;-352.0;8;LOSS;NEXT_SIGNAL;2026.05.20 20:00:00;4534.71;-388.0;9;LOSS;REV;YES;;;;6.90;34;4532.56;4533.00;-43.8;0.0;BULL;BUY;OFF;0.80;16.03;17.63;20.94;4539.45;4523.93;4517.03;4510.14;4503.24;4496.34
2026.05.20 19:55:00;XAUUSD;PERIOD_M5;LIVE;VALID;BUY;4534.35;2026.05.20 20:55:00;4531.20;-315.0;12;LOSS;NEXT_SIGNAL;2026.05.20 21:00:00;4531.30;-305.0;13;LOSS;REV;YES;;;;4.52;35;4531.58;4531.26;31.3;0.0;BULL;BUY;OFF;0.93;21.44;24.27;11.58;4528.70;4538.87;4543.39;4547.91;4552.42;4556.94
2026.05.20 20:55:00;XAUUSD;PERIOD_M5;LIVE;BLOCKED;SELL;4531.20;2026.05.20 21:15:00;4536.17;-497.0;4;LOSS;NEXT_SIGNAL;;;;;;;NO;MARKET;SPREAD;;3.77;48;4532.66;4532.86;-19.3;0.0;BULL;BUY;OFF;0.90;24.78;10.29;20.15;4535.91;4527.43;4523.66;4519.89;4516.11;4512.34
2026.05.20 21:15:00;XAUUSD;PERIOD_M5;LIVE;VALID;BUY;4536.17;2026.05.20 23:30:00;4543.96;779.0;27;WIN;NEXT_SIGNAL;2026.05.20 23:35:00;4543.99;782.0;28;WIN;REV;YES;;;;3.61;34;4533.47;4533.31;16.1;14.0;BULL;BUY;OFF;0.89;24.43;19.28;13.49;4531.65;4539.78;4543.40;4547.01;4550.62;4554.24
2026.05.20 23:30:00;XAUUSD;PERIOD_M5;LIVE;VALID;SELL;4543.96;2026.05.21 02:00:00;4542.03;193.0;18;WIN;NEXT_SIGNAL;2026.05.21 02:05:03;4542.29;167.0;19;WIN;REV;YES;;;;2.89;43;4545.56;4545.87;-31.2;0.0;BULL;BUY;OFF;0.91;46.23;13.30;16.25;4547.57;4541.07;4538.18;4535.30;4532.41;4529.52
2026.05.21 02:00:00;XAUUSD;PERIOD_M5;LIVE;VALID;BUY;4542.03;2026.05.21 02:05:00;4538.61;-342.0;1;LOSS;NEXT_SIGNAL;2026.05.21 02:10:00;4538.24;-379.0;2;LOSS;REV;YES;;;;3.89;34;4541.03;4540.91;11.5;0.0;BULL;BUY;OFF;0.75;17.07;16.45;14.67;4537.16;4545.92;4549.82;4553.71;4557.60;4561.49
2026.05.21 02:05:00;XAUUSD;PERIOD_M5;LIVE;VALID;SELL;4538.61;2026.05.21 02:35:00;4545.32;-671.0;6;LOSS;NEXT_SIGNAL;2026.05.21 02:40:00;4545.59;-698.0;7;LOSS;REV;YES;;;;4.11;36;4540.49;4540.63;-14.3;-14.0;BULL;BUY;OFF;0.77;15.73;14.25;16.41;4543.75;4534.50;4530.38;4526.27;4522.15;4518.04
2026.05.21 02:35:00;XAUUSD;PERIOD_M5;LIVE;VALID;BUY;4545.32;2026.05.21 05:10:00;4551.71;639.0;31;WIN;NEXT_SIGNAL;2026.05.21 05:15:00;4551.72;640.0;32;WIN;REV;YES;;;;3.51;36;4540.66;4540.24;42.3;14.0;BULL;BUY;OFF;0.85;19.69;26.20;21.11;4540.94;4548.83;4552.34;4555.84;4559.35;4562.86
2026.05.21 05:10:00;XAUUSD;PERIOD_M5;LIVE;VALID;SELL;4551.71;2026.05.21 07:20:00;4536.72;1499.0;26;WIN;NEXT_SIGNAL;2026.05.21 07:25:00;4537.10;1461.0;27;WIN;REV;YES;;;;6.36;36;4557.88;4558.81;-92.7;-14.0;BULL NOISE;BUY;OFF;0.88;33.09;16.69;25.78;4559.66;4545.35;4538.99;4532.62;4526.26;4519.90
2026.05.21 07:20:00;XAUUSD;PERIOD_M5;LIVE;VALID;BUY;4536.72;2026.05.21 08:10:00;4530.68;-604.0;10;LOSS;NEXT_SIGNAL;2026.05.21 08:15:00;4530.67;-605.0;11;LOSS;REV;YES;;;;3.68;36;4534.03;4533.63;40.2;0.0;BULL;BUY;OFF;0.86;26.88;22.31;13.98;4532.12;4540.40;4544.07;4547.75;4551.43;4555.11
2026.05.21 08:10:00;XAUUSD;PERIOD_M5;LIVE;VALID;SELL;4530.68;2026.05.21 09:05:00;4531.18;-50.0;11;LOSS;NEXT_SIGNAL;2026.05.21 09:10:00;4531.51;-83.0;12;LOSS;REV;YES;;;;3.32;36;4534.62;4535.15;-52.3;-14.0;BULL NOISE;BUY;OFF;0.89;20.50;19.81;23.28;4534.83;4527.36;4524.03;4520.71;4517.39;4514.06
2026.05.21 09:05:00;XAUUSD;PERIOD_M5;LIVE;VALID;BUY;4531.18;2026.05.21 09:40:00;4524.82;-636.0;7;LOSS;NEXT_SIGNAL;2026.05.21 09:45:00;4524.59;-659.0;8;LOSS;REV;YES;;;;5.54;34;4529.22;4529.05;16.4;0.0;BULL;BUY;OFF;0.87;31.11;15.57;18.25;4524.26;4536.72;4542.25;4547.79;4553.32;4558.86
2026.05.21 09:40:00;XAUUSD;PERIOD_M5;LIVE;VALID;SELL;4524.82;2026.05.21 11:00:00;4523.35;147.0;16;WIN;NEXT_SIGNAL;2026.05.21 11:05:00;4523.78;104.0;17;WIN;REV;YES;;;;5.81;34;4528.98;4529.05;-6.6;0.0;BULL;BUY;OFF;0.73;23.60;11.48;27.65;4532.09;4519.01;4513.19;4507.38;4501.56;4495.75
2026.05.21 11:00:00;XAUUSD;PERIOD_M5;LIVE;VALID;BUY;4523.35;2026.05.21 12:40:00;4529.79;644.0;20;WIN;NEXT_SIGNAL;2026.05.21 12:45:00;4529.78;643.0;21;WIN;REV;YES;;;;4.60;35;4519.77;4519.55;21.7;0.0;BULL;BUY;OFF;0.93;31.53;12.71;14.18;4517.59;4527.95;4532.56;4537.16;4541.77;4546.38
2026.05.21 12:40:00;XAUUSD;PERIOD_M5;LIVE;VALID;SELL;4529.79;2026.05.21 15:05:00;4517.97;1182.0;29;WIN;NEXT_SIGNAL;2026.05.21 15:10:00;4518.24;1155.0;30;WIN;REV;YES;;;;4.58;34;4533.73;4533.78;-4.2;-14.0;BULL NOISE;BUY;OFF;0.71;43.42;19.79;17.53;4535.52;4525.21;4520.62;4516.04;4511.45;4506.87
2026.05.21 15:05:00;XAUUSD;PERIOD_M5;LIVE;VALID;BUY;4517.97;2026.05.21 15:20:00;4506.59;-1138.0;3;LOSS;NEXT_SIGNAL;2026.05.21 15:25:00;4506.60;-1137.0;4;LOSS;REV;YES;;;;4.36;34;4514.99;4514.53;46.6;0.0;BEAR;SELL;OFF;0.86;22.62;28.37;16.09;4512.52;4522.33;4526.70;4531.06;4535.42;4539.79
2026.05.21 15:20:00;XAUUSD;PERIOD_M5;LIVE;VALID;SELL;4506.59;2026.05.21 16:50:00;4517.98;-1139.0;18;LOSS;NEXT_SIGNAL;2026.05.21 16:55:00;4518.24;-1165.0;19;LOSS;REV;YES;;;;4.50;35;4512.64;4513.57;-92.8;-14.0;BEAR;SELL;OFF;0.87;19.90;20.21;26.67;4512.22;4502.09;4497.59;4493.09;4488.58;4484.08
2026.05.21 16:50:00;XAUUSD;PERIOD_M5;LIVE;VALID;BUY;4517.98;2026.05.21 18:05:00;4501.48;-1650.0;15;LOSS;NEXT_SIGNAL;2026.05.21 18:10:00;4501.50;-1648.0;16;LOSS;REV;YES;;;;9.02;35;4503.26;4503.23;2.7;26.6;BEAR NOISE;SELL;OFF;0.87;28.40;22.70;16.72;4506.71;4527.00;4536.01;4545.03;4554.05;4563.06
2026.05.21 18:05:00;XAUUSD;PERIOD_M5;LIVE;VALID;SELL;4501.48;2026.05.21 18:10:00;4509.95;-847.0;1;LOSS;NEXT_SIGNAL;2026.05.21 18:15:00;4510.35;-887.0;2;LOSS;REV;YES;;;;6.90;35;4505.29;4505.80;-51.2;-14.0;BEAR;SELL;OFF;0.97;19.53;12.14;27.69;4510.10;4494.58;4487.68;4480.79;4473.89;4466.99
2026.05.21 18:10:00;XAUUSD;PERIOD_M5;LIVE;VALID;BUY;4509.95;2026.05.21 18:20:00;4504.44;-551.0;2;LOSS;NEXT_SIGNAL;2026.05.21 18:25:00;4504.40;-555.0;3;LOSS;REV;YES;;;;7.33;35;4506.32;4506.29;3.1;14.0;BEAR;SELL;OFF;0.97;18.46;19.04;23.99;4500.79;4517.28;4524.61;4531.94;4539.27;4546.60
2026.05.21 18:20:00;XAUUSD;PERIOD_M5;LIVE;VALID;SELL;4504.44;2026.05.21 18:35:00;4509.20;-476.0;3;LOSS;NEXT_SIGNAL;2026.05.21 18:40:00;4509.53;-509.0;4;LOSS;REV;YES;;;;7.14;34;4506.20;4506.34;-14.0;0.0;BEAR;SELL;OFF;0.96;19.07;14.30;26.02;4513.36;4497.30;4490.16;4483.02;4475.88;4468.74
2026.05.21 18:35:00;XAUUSD;PERIOD_M5;LIVE;VALID;BUY;4509.20;2026.05.21 21:40:00;4545.25;3605.0;37;WIN;NEXT_SIGNAL;2026.05.21 21:45:00;4545.23;3603.0;38;WIN;REV;YES;;;;6.39;34;4506.65;4506.32;32.8;14.0;BEAR;SELL;OFF;0.97;17.54;20.42;19.96;4501.22;4515.59;4521.97;4528.36;4534.75;4541.13
2026.05.21 21:40:00;XAUUSD;PERIOD_M5;LIVE;VALID;SELL;4545.25;2026.05.21 22:40:00;4539.31;594.0;12;WIN;NEXT_SIGNAL;2026.05.21 22:45:00;4539.63;562.0;13;WIN;REV;YES;;;;5.76;34;4546.28;4546.73;-44.8;14.0;BULL;BUY;OFF;0.77;40.54;15.24;15.84;4552.45;4539.49;4533.73;4527.97;4522.21;4516.45
2026.05.21 22:40:00;XAUUSD;PERIOD_M5;LIVE;VALID;BUY;4539.31;2026.05.22 01:30:00;4540.72;141.0;22;WIN;NEXT_SIGNAL;2026.05.22 01:35:00;4540.82;151.0;23;WIN;REV;YES;;;;5.13;34;4539.51;4539.43;8.1;0.0;BULL;BUY;OFF;0.82;26.97;25.85;12.31;4532.89;4544.45;4549.58;4554.72;4559.85;4564.98
2026.05.22 01:30:00;XAUUSD;PERIOD_M5;LIVE;VALID;SELL;4540.72;2026.05.22 01:55:00;4543.16;-244.0;5;LOSS;NEXT_SIGNAL;2026.05.22 02:00:00;4543.49;-277.0;6;LOSS;REV;YES;;;;2.17;36;4541.48;4541.62;-14.0;0.0;BULL;BUY;OFF;0.89;30.10;10.23;13.70;4543.44;4538.55;4536.37;4534.20;4532.02;4529.85
2026.05.22 01:55:00;XAUUSD;PERIOD_M5;LIVE;VALID;BUY;4543.16;2026.05.22 02:20:00;4539.04;-412.0;5;LOSS;NEXT_SIGNAL;2026.05.22 02:25:01;4539.01;-415.0;6;LOSS;REV;YES;;;;2.44;36;4541.81;4541.70;11.3;0.0;BULL;BUY;OFF;0.88;20.74;15.61;16.55;4540.11;4545.60;4548.04;4550.48;4552.92;4555.36
2026.05.22 02:20:00;XAUUSD;PERIOD_M5;LIVE;VALID;SELL;4539.04;2026.05.22 03:35:00;4540.05;-101.0;15;LOSS;NEXT_SIGNAL;2026.05.22 03:40:00;4540.34;-130.0;16;LOSS;REV;YES;;;;1.99;36;4541.65;4541.86;-20.8;-14.0;BULL NOISE;BUY;OFF;0.88;19.53;17.40;27.57;4541.53;4537.05;4535.05;4533.06;4531.07;4529.08
2026.05.22 03:35:00;XAUUSD;PERIOD_M5;LIVE;VALID;BUY;4540.05;2026.05.22 03:50:00;4529.03;-1102.0;3;LOSS;NEXT_SIGNAL;2026.05.22 03:55:00;4529.05;-1100.0;4;LOSS;REV;YES;;;;3.80;35;4536.04;4535.59;45.3;0.0;BEAR NOISE;SELL;OFF;0.73;37.04;23.13;11.76;4535.30;4543.85;4547.65;4551.45;4555.25;4559.05
2026.05.22 03:50:00;XAUUSD;PERIOD_M5;LIVE;VALID;SELL;4529.03;2026.05.22 06:35:00;4524.62;441.0;33;WIN;NEXT_SIGNAL;2026.05.22 06:40:00;4524.97;406.0;34;WIN;REV;YES;;;;4.22;36;4534.48;4534.78;-29.8;-14.0;BEAR;SELL;OFF;0.69;31.10;15.05;25.73;4534.31;4524.81;4520.59;4516.37;4512.14;4507.92
2026.05.22 06:35:00;XAUUSD;PERIOD_M5;LIVE;VALID;BUY;4524.62;2026.05.22 07:55:00;4527.11;249.0;16;WIN;NEXT_SIGNAL;2026.05.22 08:00:00;4527.06;244.0;17;WIN;REV;YES;;;;3.67;34;4522.95;4522.86;9.1;0.0;BEAR;SELL;OFF;0.96;14.00;18.47;12.73;4520.04;4528.29;4531.95;4535.62;4539.28;4542.95
2026.05.22 07:55:00;XAUUSD;PERIOD_M5;LIVE;VALID;SELL;4527.11;2026.05.22 08:35:00;4533.62;-651.0;8;LOSS;NEXT_SIGNAL;2026.05.22 08:40:00;4534.02;-691.0;9;LOSS;REV;YES;;;;2.59;36;4528.24;4528.31;-7.2;0.0;BEAR;SELL;OFF;0.81;20.98;14.14;18.79;4530.34;4524.52;4521.94;4519.35;4516.77;4514.18
2026.05.22 08:35:00;XAUUSD;PERIOD_M5;LIVE;VALID;BUY;4533.62;2026.05.22 08:55:00;4511.23;-2239.0;4;LOSS;NEXT_SIGNAL;2026.05.22 09:00:00;4511.25;-2237.0;5;LOSS;REV;YES;;;;3.42;36;4528.54;4527.95;59.0;14.0;BEAR NOISE;SELL;OFF;0.87;22.05;22.26;14.35;4529.35;4537.04;4540.46;4543.87;4547.29;4550.71
2026.05.22 08:55:00;XAUUSD;PERIOD_M5;LIVE;VALID;SELL;4511.23;2026.05.22 09:45:00;4527.08;-1585.0;10;LOSS;NEXT_SIGNAL;2026.05.22 09:50:00;4527.41;-1618.0;11;LOSS;REV;YES;;;;4.90;36;4525.83;4527.25;-142.7;-36.9;BEAR;SELL;OFF;0.85;21.43;13.26;27.49;4517.36;4506.33;4501.43;4496.52;4491.62;4486.72
2026.05.22 09:45:00;XAUUSD;PERIOD_M5;LIVE;VALID;BUY;4527.08;2026.05.22 10:35:00;4517.32;-976.0;10;LOSS;NEXT_SIGNAL;2026.05.22 10:40:00;4517.16;-992.0;11;LOSS;REV;YES;;;;6.15;34;4524.80;4524.46;34.6;14.0;BEAR;SELL;OFF;0.88;13.31;22.57;14.38;4519.39;4533.23;4539.39;4545.54;4551.70;4557.85
2026.05.22 10:35:00;XAUUSD;PERIOD_M5;LIVE;VALID;SELL;4517.32;2026.05.22 11:05:00;4526.92;-960.0;6;LOSS;NEXT_SIGNAL;2026.05.22 11:10:00;4527.33;-1001.0;7;LOSS;REV;YES;;;;4.01;34;4523.03;4524.05;-101.9;-14.0;BEAR;SELL;OFF;0.86;18.45;11.00;26.30;4522.34;4513.31;4509.29;4505.28;4501.26;4497.25
2026.05.22 11:05:00;XAUUSD;PERIOD_M5;LIVE;VALID;BUY;4526.92;2026.05.22 11:40:00;4522.42;-450.0;7;LOSS;NEXT_SIGNAL;2026.05.22 11:45:00;4522.45;-447.0;8;LOSS;REV;YES;;;;3.89;35;4523.34;4523.24;9.7;14.0;BEAR NOISE;SELL;OFF;0.83;22.70;24.05;12.79;4522.06;4530.81;4534.70;4538.59;4542.49;4546.38
2026.05.22 11:40:00;XAUUSD;PERIOD_M5;LIVE;VALID;SELL;4522.42;2026.05.22 12:40:00;4525.04;-262.0;12;LOSS;NEXT_SIGNAL;2026.05.22 12:45:00;4525.48;-306.0;13;LOSS;REV;YES;;;;4.77;34;4523.50;4523.58;-8.9;0.0;BEAR;SELL;OFF;0.86;20.80;14.83;17.42;4528.39;4517.65;4512.87;4508.10;4503.33;4498.56
2026.05.22 12:40:00;XAUUSD;PERIOD_M5;LIVE;VALID;BUY;4525.04;2026.05.22 13:30:00;4518.74;-630.0;10;LOSS;NEXT_SIGNAL;2026.05.22 13:35:00;4518.75;-629.0;11;LOSS;REV;YES;;;;3.90;35;4521.78;4521.70;8.5;0.0;BEAR;SELL;OFF;0.87;19.11;23.89;18.13;4520.16;4528.94;4532.85;4536.75;4540.65;4544.55
2026.05.22 13:30:00;XAUUSD;PERIOD_M5;LIVE;VALID;SELL;4518.74;2026.05.22 14:40:00;4521.66;-292.0;14;LOSS;NEXT_SIGNAL;2026.05.22 14:45:00;4522.09;-335.0;15;LOSS;REV;YES;;;;4.56;35;4526.81;4527.10;-29.5;-14.0;BEAR;SELL;OFF;0.85;27.46;16.32;44.75;4524.43;4514.18;4509.63;4505.07;4500.52;4495.96
2026.05.22 14:40:00;XAUUSD;PERIOD_M5;LIVE;VALID;BUY;4521.66;2026.05.22 15:40:00;4518.65;-301.0;12;LOSS;NEXT_SIGNAL;2026.05.22 15:45:00;4518.60;-306.0;13;LOSS;REV;YES;;;;3.84;35;4517.15;4516.68;47.2;0.0;BEAR NOISE;SELL;OFF;0.89;31.77;29.26;16.83;4516.86;4525.50;4529.34;4533.18;4537.02;4540.86
2026.05.22 15:40:00;XAUUSD;PERIOD_M5;LIVE;VALID;SELL;4518.65;2026.05.22 16:00:00;4523.83;-518.0;4;LOSS;NEXT_SIGNAL;2026.05.22 16:05:00;4524.15;-550.0;5;LOSS;REV;YES;;;;5.47;34;4521.12;4521.57;-44.3;0.0;BULL;BUY;OFF;0.87;22.49;19.38;25.57;4525.48;4513.18;4507.72;4502.25;4496.78;4491.31
2026.05.22 16:00:00;XAUUSD;PERIOD_M5;LIVE;VALID;BUY;4523.83;2026.05.22 16:35:00;4519.71;-412.0;7;LOSS;NEXT_SIGNAL;2026.05.22 16:40:00;4519.81;-402.0;8;LOSS;REV;YES;;;;6.07;35;4522.51;4522.41;10.0;0.0;BULL;BUY;OFF;0.96;21.83;28.04;14.43;4516.24;4529.90;4535.98;4542.05;4548.13;4554.20
2026.05.22 16:35:00;XAUUSD;PERIOD_M5;LIVE;VALID;SELL;4519.71;2026.05.22 18:05:00;4510.86;885.0;18;WIN;NEXT_SIGNAL;2026.05.22 18:10:00;4511.43;828.0;19;WIN;REV;YES;;;;5.67;35;4523.14;4523.61;-46.9;-14.0;BULL;BUY;OFF;0.92;19.09;17.76;22.39;4526.80;4514.04;4508.37;4502.70;4497.03;4491.36
2026.05.22 18:05:00;XAUUSD;PERIOD_M5;LIVE;VALID;BUY;4510.86;2026.05.22 19:45:00;4513.52;266.0;20;WIN;NEXT_SIGNAL;2026.05.22 19:50:00;4513.68;282.0;21;WIN;REV;YES;;;;7.08;35;4504.98;4504.22;75.7;14.0;BEAR;SELL;OFF;0.83;26.11;27.24;17.42;4502.01;4517.94;4525.01;4532.09;4539.17;4546.24
2026.05.22 19:45:00;XAUUSD;PERIOD_M5;LIVE;VALID;SELL;4513.52;2026.05.22 20:25:00;4525.23;-1171.0;8;LOSS;NEXT_SIGNAL;2026.05.22 20:30:00;4525.63;-1211.0;9;LOSS;REV;YES;;;;4.01;35;4517.62;4518.34;-72.3;-14.0;BEAR;SELL;OFF;0.78;32.49;21.19;21.59;4518.53;4509.51;4505.50;4501.49;4497.48;4493.47
2026.05.22 20:25:00;XAUUSD;PERIOD_M5;LIVE;VALID;BUY;4525.23;2026.05.22 21:05:00;4515.45;-978.0;8;LOSS;NEXT_SIGNAL;2026.05.22 21:10:01;4515.48;-975.0;9;LOSS;REV;YES;;;;4.37;35;4518.59;4518.10;49.1;26.6;BEAR NOISE;SELL;OFF;0.77;22.20;31.04;22.00;4519.76;4529.60;4533.97;4538.35;4542.72;4547.09
2026.05.22 21:05:00;XAUUSD;PERIOD_M5;LIVE;VALID;SELL;4515.45;2026.05.22 23:20:00;4509.51;594.0;27;WIN;NEXT_SIGNAL;2026.05.22 23:25:00;4509.98;547.0;28;WIN;REV;YES;;;;4.41;34;4518.28;4518.76;-47.5;-14.0;BEAR;SELL;OFF;0.88;24.99;12.23;29.48;4520.96;4511.04;4506.63;4502.22;4497.81;4493.40
2026.05.22 23:20:00;XAUUSD;PERIOD_M5;LIVE;VALID;BUY;4509.51;2026.05.22 23:35:00;4506.85;-266.0;3;LOSS;NEXT_SIGNAL;2026.05.22 23:40:00;4506.65;-286.0;4;LOSS;REV;YES;;;;2.40;43;4508.38;4508.32;5.7;0.0;BEAR;SELL;OFF;0.87;26.91;27.84;14.83;4506.51;4511.91;4514.32;4516.72;4519.12;4521.52
2026.05.22 23:35:00;XAUUSD;PERIOD_M5;LIVE;VALID;SELL;4506.85;2026.05.25 01:00:00;4551.34;-4449.0;5;LOSS;NEXT_SIGNAL;2026.05.25 01:05:00;4550.93;-4408.0;6;LOSS;REV;YES;;;;2.55;45;4508.07;4508.08;-1.0;0.0;BEAR;SELL;OFF;0.86;19.67;18.12;17.99;4510.04;4504.30;4501.74;4499.19;4496.63;4494.08
2026.05.25 01:00:00;XAUUSD;PERIOD_M5;LIVE;VALID;BUY;4551.34;2026.05.25 03:00:00;4568.76;1742.0;24;WIN;NEXT_SIGNAL;2026.05.25 03:05:00;4568.68;1734.0;25;WIN;REV;YES;;;;5.57;45;4517.32;4511.84;548.0;63.4;BULL;BUY;OFF;0.86;20.78;34.63;13.37;4544.37;4556.91;4562.49;4568.06;4573.63;4579.20
2026.05.25 03:00:00;XAUUSD;PERIOD_M5;LIVE;VALID;SELL;4568.76;2026.05.25 03:45:00;4576.58;-782.0;9;LOSS;NEXT_SIGNAL;2026.05.25 03:50:00;4576.95;-819.0;10;LOSS;REV;YES;;;;4.21;36;4572.25;4572.36;-11.0;0.0;BULL NOISE;BUY;OFF;0.85;44.39;17.39;21.46;4574.02;4564.55;4560.34;4556.13;4551.93;4547.72
2026.05.25 03:45:00;XAUUSD;PERIOD_M5;LIVE;VALID;BUY;4576.58;2026.05.25 03:55:00;4569.44;-714.0;2;LOSS;NEXT_SIGNAL;2026.05.25 04:00:00;4569.50;-708.0;3;LOSS;REV;YES;;;;4.82;36;4573.70;4573.56;13.3;14.0;BULL;BUY;OFF;0.88;26.91;20.17;10.53;4570.55;4581.40;4586.22;4591.04;4595.86;4600.68
2026.05.25 03:55:00;XAUUSD;PERIOD_M5;LIVE;VALID;SELL;4569.44;2026.05.25 05:40:00;4569.39;5.0;21;WIN;NEXT_SIGNAL;2026.05.25 05:45:00;4569.94;-50.0;22;LOSS;REV;YES;;;;5.40;36;4572.69;4573.06;-36.5;-14.0;BULL;BUY;OFF;0.89;24.49;15.15;16.69;4576.19;4564.04;4558.64;4553.25;4547.85;4542.45
2026.05.25 05:40:00;XAUUSD;PERIOD_M5;LIVE;VALID;BUY;4569.39;2026.05.25 05:45:00;4563.26;-613.0;1;LOSS;NEXT_SIGNAL;2026.05.25 05:50:00;4563.25;-614.0;2;LOSS;REV;YES;;;;4.88;36;4565.18;4564.99;19.7;14.0;BULL;BUY;OFF;0.79;19.74;24.77;10.35;4563.29;4574.27;4579.14;4584.02;4588.90;4593.78
2026.05.25 05:45:00;XAUUSD;PERIOD_M5;LIVE;VALID;SELL;4563.26;2026.05.25 07:20:00;4563.99;-73.0;19;LOSS;NEXT_SIGNAL;2026.05.25 07:25:00;4564.33;-107.0;20;LOSS;REV;YES;;;;5.25;36;4564.76;4564.77;-0.8;-14.0;BULL;BUY;OFF;0.80;20.51;21.47;12.74;4569.82;4558.01;4552.76;4547.51;4542.26;4537.01
2026.05.25 07:20:00;XAUUSD;PERIOD_M5;LIVE;VALID;BUY;4563.99;2026.05.25 08:20:00;4556.47;-752.0;12;LOSS;NEXT_SIGNAL;2026.05.25 08:25:01;4556.44;-755.0;13;LOSS;REV;YES;;;;2.61;36;4561.55;4561.18;36.6;0.0;BULL;BUY;OFF;0.95;13.10;23.23;13.17;4560.72;4566.60;4569.22;4571.83;4574.45;4577.06
2026.05.25 08:20:00;XAUUSD;PERIOD_M5;LIVE;VALID;SELL;4556.47;2026.05.25 09:40:00;4556.36;11.0;16;WIN;NEXT_SIGNAL;2026.05.25 09:45:00;4556.68;-21.0;17;LOSS;REV;YES;;;;2.64;36;4561.98;4562.57;-59.6;-14.0;BULL NOISE;BUY;OFF;0.97;22.93;14.16;32.32;4559.77;4553.83;4551.20;4548.56;4545.92;4543.28
2026.05.25 09:40:00;XAUUSD;PERIOD_M5;LIVE;VALID;BUY;4556.36;2026.05.25 10:25:00;4554.31;-205.0;9;LOSS;NEXT_SIGNAL;2026.05.25 10:30:00;4554.36;-200.0;10;LOSS;REV;YES;;;;3.22;34;4555.26;4555.17;9.5;0.0;BEAR;SELL;OFF;0.90;22.03;17.09;13.27;4552.33;4559.58;4562.81;4566.03;4569.26;4572.48
2026.05.25 10:25:00;XAUUSD;PERIOD_M5;LIVE;VALID;SELL;4554.31;2026.05.25 10:35:00;4558.61;-430.0;2;LOSS;NEXT_SIGNAL;2026.05.25 10:40:00;4559.02;-471.0;3;LOSS;REV;YES;;;;3.60;36;4557.29;4557.44;-14.6;-14.0;BEAR;SELL;OFF;0.87;26.88;19.07;16.84;4558.81;4550.71;4547.11;4543.51;4539.91;4536.31
2026.05.25 10:35:00;XAUUSD;PERIOD_M5;LIVE;VALID;BUY;4558.61;2026.05.25 11:20:00;4555.31;-330.0;9;LOSS;NEXT_SIGNAL;2026.05.25 11:25:00;4555.32;-329.0;10;LOSS;REV;YES;;;;3.77;35;4557.88;4557.87;0.5;0.0;BEAR;SELL;OFF;0.88;26.68;21.57;12.65;4553.90;4562.38;4566.14;4569.91;4573.68;4577.45
2026.05.25 11:20:00;XAUUSD;PERIOD_M5;LIVE;VALID;SELL;4555.31;2026.05.25 12:25:00;4558.83;-352.0;13;LOSS;NEXT_SIGNAL;2026.05.25 12:30:00;4559.18;-387.0;14;LOSS;REV;YES;;;;3.67;36;4559.90;4560.17;-26.9;-14.0;BEAR;SELL;OFF;0.84;25.97;14.80;24.44;4559.89;4551.64;4547.98;4544.31;4540.64;4536.98
2026.05.25 12:25:00;XAUUSD;PERIOD_M5;LIVE;VALID;BUY;4558.83;2026.05.25 14:00:00;4568.47;964.0;19;WIN;NEXT_SIGNAL;2026.05.25 14:05:00;4568.49;966.0;20;WIN;REV;YES;;;;2.60;36;4556.78;4556.70;7.7;0.0;BEAR;SELL;OFF;0.91;21.87;25.05;9.28;4555.58;4561.43;4564.03;4566.63;4569.23;4571.83
2026.05.25 14:00:00;XAUUSD;PERIOD_M5;LIVE;VALID;SELL;4568.47;2026.05.25 14:15:00;4574.81;-634.0;3;LOSS;NEXT_SIGNAL;2026.05.25 14:20:01;4575.23;-676.0;4;LOSS;REV;YES;;;;2.12;36;4569.60;4569.88;-28.2;0.0;BULL;BUY;OFF;0.80;39.79;18.43;31.01;4571.12;4566.35;4564.22;4562.10;4559.98;4557.85
2026.05.25 14:15:00;XAUUSD;PERIOD_M5;LIVE;VALID;BUY;4574.81;2026.05.25 14:55:00;4569.35;-546.0;8;LOSS;NEXT_SIGNAL;2026.05.25 15:00:00;4569.36;-545.0;9;LOSS;REV;YES;;;;2.27;36;4570.99;4570.62;37.6;14.0;BULL;BUY;OFF;0.80;31.68;33.27;23.17;4571.97;4577.08;4579.35;4581.62;4583.89;4586.16
2026.05.25 14:55:00;XAUUSD;PERIOD_M5;LIVE;VALID;SELL;4569.35;2026.05.25 15:50:00;4566.69;266.0;11;WIN;NEXT_SIGNAL;2026.05.25 15:55:00;4567.11;224.0;12;WIN;REV;YES;;;;2.57;36;4571.55;4571.61;-5.8;0.0;BULL NOISE;BUY;OFF;0.68;20.34;20.37;31.58;4572.56;4566.78;4564.21;4561.64;4559.06;4556.49
2026.05.25 15:50:00;XAUUSD;PERIOD_M5;LIVE;VALID;BUY;4566.69;2026.05.25 16:25:00;4561.79;-490.0;7;LOSS;NEXT_SIGNAL;2026.05.25 16:30:00;4561.54;-515.0;8;LOSS;REV;YES;;;;4.17;36;4564.98;4564.76;21.4;0.0;BEAR;SELL;OFF;0.58;22.04;22.93;25.20;4561.47;4570.86;4575.03;4579.21;4583.38;4587.55
2026.05.25 16:25:00;XAUUSD;PERIOD_M5;LIVE;VALID;SELL;4561.79;2026.05.25 17:05:00;4569.57;-778.0;8;LOSS;NEXT_SIGNAL;2026.05.25 17:10:00;4569.92;-813.0;9;LOSS;REV;YES;;;;4.18;36;4563.89;4563.99;-10.5;0.0;BEAR;SELL;OFF;0.70;16.56;16.92;27.18;4567.01;4557.61;4553.44;4549.26;4545.09;4540.91
2026.05.25 17:05:00;XAUUSD;PERIOD_M5;LIVE;VALID;BUY;4569.57;2026.05.25 19:15:00;4568.75;-82.0;26;LOSS;NEXT_SIGNAL;2026.05.25 19:20:00;4568.74;-83.0;27;LOSS;REV;YES;;;;3.80;36;4565.42;4564.80;61.6;14.0;BEAR;SELL;OFF;0.85;19.03;34.50;13.98;4564.82;4573.37;4577.16;4580.96;4584.76;4588.55
2026.05.25 19:15:00;XAUUSD;PERIOD_M5;LIVE;VALID;SELL;4568.75;2026.05.25 19:40:00;4572.03;-328.0;5;LOSS;NEXT_SIGNAL;2026.05.25 19:45:01;4572.46;-371.0;6;LOSS;REV;YES;;;;2.74;36;4569.81;4569.94;-12.9;-14.0;BEAR;SELL;OFF;0.92;24.18;23.81;18.58;4572.18;4566.01;4563.26;4560.52;4557.78;4555.04
2026.05.25 19:40:00;XAUUSD;PERIOD_M5;LIVE;VALID;BUY;4572.03;2026.05.25 20:30:00;4569.74;-229.0;10;LOSS;NEXT_SIGNAL;2026.05.25 20:35:01;4569.66;-237.0;11;LOSS;REV;YES;;;;1.99;36;4570.36;4570.18;17.0;0.0;BEAR;SELL;OFF;0.84;20.94;28.38;12.62;4569.54;4574.02;4576.01;4578.00;4579.99;4581.98
2026.05.25 20:30:00;XAUUSD;PERIOD_M5;LIVE;VALID;SELL;4569.74;2026.05.26 02:25:00;4568.25;149.0;30;WIN;NEXT_SIGNAL;2026.05.26 01:00:02;4568.41;133.0;13;WIN;REV;YES;;;;2.22;34;4571.97;4572.07;-10.0;0.0;BEAR;SELL;OFF;0.86;35.63;18.64;25.38;4572.51;4567.52;4565.30;4563.09;4560.87;4558.65
2026.05.26 02:25:00;XAUUSD;PERIOD_M5;LIVE;VALID;SELL;4568.25;2026.05.26 06:15:00;4538.43;2982.0;46;WIN;NEXT_SIGNAL;2026.05.26 06:20:01;4538.77;2948.0;47;WIN;REV;NO;POSITION_ACTIVE;;;3.20;36;4573.91;4574.20;-29.5;-14.0;BEAR;SELL;OFF;0.76;19.26;17.35;27.51;4572.25;4565.05;4561.85;4558.65;4555.45;4552.25
2026.05.26 06:15:00;XAUUSD;PERIOD_M5;LIVE;VALID;BUY;4538.43;2026.05.26 07:15:00;4537.98;-45.0;12;LOSS;NEXT_SIGNAL;2026.05.26 07:20:00;4538.06;-37.0;13;LOSS;REV;YES;;;;3.10;36;4535.75;4535.53;22.5;14.0;BEAR NOISE;SELL;OFF;0.85;19.24;21.32;12.81;4534.56;4541.53;4544.63;4547.72;4550.82;4553.92
2026.05.26 07:15:00;XAUUSD;PERIOD_M5;LIVE;VALID;SELL;4537.98;2026.05.26 08:30:00;4533.31;467.0;15;WIN;NEXT_SIGNAL;2026.05.26 08:35:00;4533.68;430.0;16;WIN;REV;YES;;;;2.69;36;4539.57;4539.90;-32.6;0.0;BEAR;SELL;OFF;0.88;29.90;13.37;28.36;4541.34;4535.29;4532.60;4529.91;4527.22;4524.53
2026.05.26 08:30:00;XAUUSD;PERIOD_M5;LIVE;VALID;BUY;4533.31;2026.05.26 08:50:00;4526.89;-642.0;4;LOSS;NEXT_SIGNAL;2026.05.26 08:55:00;4526.88;-643.0;5;LOSS;REV;YES;;;;3.51;36;4530.61;4530.26;35.5;0.0;BEAR NOISE;SELL;OFF;0.94;33.77;20.68;14.60;4528.92;4536.82;4540.33;4543.85;4547.36;4550.87
2026.05.26 08:50:00;XAUUSD;PERIOD_M5;LIVE;VALID;SELL;4526.89;2026.05.26 09:05:00;4530.93;-404.0;3;LOSS;NEXT_SIGNAL;2026.05.26 09:10:00;4531.30;-441.0;4;LOSS;REV;YES;;;;3.56;36;4529.37;4529.47;-9.5;0.0;BEAR;SELL;OFF;0.94;28.85;15.10;30.18;4531.35;4523.33;4519.76;4516.20;4512.63;4509.07
2026.05.26 09:05:00;XAUUSD;PERIOD_M5;LIVE;VALID;BUY;4530.93;2026.05.26 10:05:00;4527.59;-334.0;12;LOSS;NEXT_SIGNAL;2026.05.26 10:10:00;4527.33;-360.0;13;LOSS;REV;YES;;;;3.58;34;4529.69;4529.51;18.2;14.0;BEAR;SELL;OFF;0.92;23.32;24.05;19.65;4526.46;4534.51;4538.08;4541.66;4545.23;4548.81
2026.05.26 10:05:00;XAUUSD;PERIOD_M5;LIVE;VALID;SELL;4527.59;2026.05.26 10:50:00;4531.51;-392.0;9;LOSS;NEXT_SIGNAL;2026.05.26 10:55:00;4531.87;-428.0;10;LOSS;REV;YES;;;;3.94;36;4530.41;4530.71;-30.5;-14.0;BEAR;SELL;OFF;0.84;17.95;18.73;16.63;4532.51;4523.65;4519.71;4515.78;4511.84;4507.90
2026.05.26 10:50:00;XAUUSD;PERIOD_M5;LIVE;VALID;BUY;4531.51;2026.05.26 11:20:00;4527.12;-439.0;6;LOSS;NEXT_SIGNAL;2026.05.26 11:25:00;4527.13;-438.0;7;LOSS;REV;YES;;;;4.93;34;4529.25;4529.19;5.6;0.0;BEAR;SELL;OFF;0.90;17.41;26.79;18.12;4525.35;4536.44;4541.37;4546.29;4551.22;4556.15
2026.05.26 11:20:00;XAUUSD;PERIOD_M5;LIVE;VALID;SELL;4527.12;2026.05.26 13:05:00;4525.34;178.0;21;WIN;NEXT_SIGNAL;2026.05.26 13:10:00;4525.68;144.0;22;WIN;REV;YES;;;;4.97;36;4530.08;4530.12;-3.9;0.0;BEAR;SELL;OFF;0.77;20.71;14.51;27.10;4533.34;4522.15;4517.17;4512.20;4507.22;4502.25
2026.05.26 13:05:00;XAUUSD;PERIOD_M5;LIVE;VALID;BUY;4525.34;2026.05.26 14:20:00;4525.94;60.0;15;WIN;NEXT_SIGNAL;2026.05.26 14:25:00;4525.63;29.0;16;WIN;REV;YES;;;;4.73;35;4521.08;4520.93;14.8;0.0;BEAR NOISE;SELL;OFF;0.77;23.20;18.75;14.58;4519.43;4530.07;4534.80;4539.52;4544.25;4548.98
2026.05.26 14:20:00;XAUUSD;PERIOD_M5;LIVE;VALID;SELL;4525.94;2026.05.26 15:45:00;4519.78;616.0;17;WIN;NEXT_SIGNAL;2026.05.26 15:50:00;4520.12;582.0;18;WIN;REV;YES;;;;4.10;35;4531.26;4532.02;-76.2;0.0;BEAR;SELL;OFF;0.76;32.57;16.77;32.74;4531.06;4521.84;4517.75;4513.65;4509.56;4505.46
2026.05.26 15:45:00;XAUUSD;PERIOD_M5;LIVE;VALID;BUY;4519.78;2026.05.26 16:55:00;4513.97;-581.0;14;LOSS;NEXT_SIGNAL;2026.05.26 17:00:00;4514.02;-576.0;15;LOSS;REV;YES;;;;7.32;35;4511.64;4511.29;35.5;14.0;BEAR NOISE;SELL;OFF;0.89;36.36;20.69;19.16;4510.63;4527.10;4534.42;4541.74;4549.06;4556.38
2026.05.26 16:55:00;XAUUSD;PERIOD_M5;LIVE;VALID;SELL;4513.97;2026.05.26 17:40:00;4521.39;-742.0;9;LOSS;NEXT_SIGNAL;2026.05.26 17:45:00;4521.57;-760.0;10;LOSS;REV;YES;;;;6.25;34;4520.16;4520.57;-41.3;-14.0;BEAR;SELL;OFF;0.88;27.56;13.50;16.36;4521.78;4507.72;4501.47;4495.22;4488.97;4482.72
2026.05.26 17:40:00;XAUUSD;PERIOD_M5;LIVE;VALID;BUY;4521.39;2026.05.26 17:50:00;4515.79;-560.0;2;LOSS;NEXT_SIGNAL;2026.05.26 17:55:00;4515.80;-559.0;3;LOSS;REV;YES;;;;6.27;34;4518.71;4518.55;16.7;14.0;BEAR;SELL;OFF;0.77;25.67;24.56;10.35;4513.56;4527.66;4533.92;4540.19;4546.45;4552.72
2026.05.26 17:50:00;XAUUSD;PERIOD_M5;LIVE;VALID;SELL;4515.79;2026.05.26 19:30:00;4509.65;614.0;20;WIN;NEXT_SIGNAL;2026.05.26 19:35:00;4509.99;580.0;21;WIN;REV;YES;;;;5.73;35;4518.14;4518.16;-2.4;-14.0;BEAR;SELL;OFF;0.78;23.06;18.45;21.83;4522.95;4510.06;4504.33;4498.60;4492.87;4487.14
2026.05.26 19:30:00;XAUUSD;PERIOD_M5;LIVE;VALID;BUY;4509.65;2026.05.26 19:45:00;4503.28;-637.0;3;LOSS;NEXT_SIGNAL;2026.05.26 19:50:00;4503.29;-636.0;4;LOSS;REV;YES;;;;3.77;35;4506.84;4506.60;24.6;14.0;BEAR NOISE;SELL;OFF;0.80;29.48;27.52;16.45;4504.93;4513.42;4517.20;4520.97;4524.74;4528.51
2026.05.26 19:45:00;XAUUSD;PERIOD_M5;LIVE;VALID;SELL;4503.28;2026.05.26 21:40:00;4496.01;727.0;23;WIN;NEXT_SIGNAL;2026.05.26 21:45:00;4496.34;694.0;24;WIN;REV;YES;;;;3.53;34;4506.17;4506.25;-8.2;-14.0;BEAR;SELL;OFF;0.74;24.89;17.91;27.67;4507.70;4499.74;4496.21;4492.68;4489.14;4485.61
2026.05.26 21:40:00;XAUUSD;PERIOD_M5;LIVE;VALID;BUY;4496.01;2026.05.27 01:00:00;4506.42;1041.0;28;WIN;NEXT_SIGNAL;2026.05.27 01:05:29;4506.14;1013.0;29;WIN;REV;YES;;;;4.31;34;4494.77;4494.70;6.1;0.0;BEAR;SELL;OFF;0.78;28.43;23.80;13.66;4490.62;4500.32;4504.63;4508.94;4513.26;4517.57
2026.05.27 01:00:00;XAUUSD;PERIOD_M5;LIVE;VALID;SELL;4506.42;2026.05.27 01:55:00;4510.94;-452.0;11;LOSS;NEXT_SIGNAL;2026.05.27 02:00:00;4511.35;-493.0;12;LOSS;REV;YES;;;;2.87;45;4507.02;4507.17;-15.2;0.0;BEAR;SELL;OFF;0.83;37.17;32.74;17.51;4510.01;4503.55;4500.67;4497.80;4494.93;4492.06
2026.05.27 01:55:00;XAUUSD;PERIOD_M5;LIVE;VALID;BUY;4510.94;2026.05.27 03:40:00;4518.63;769.0;21;WIN;NEXT_SIGNAL;2026.05.27 03:45:00;4518.73;779.0;22;WIN;REV;YES;;;;4.88;36;4505.34;4504.92;41.8;14.0;BEAR NOISE;SELL;OFF;0.91;21.40;30.58;15.80;4504.83;4515.82;4520.71;4525.59;4530.48;4535.36
2026.05.27 03:40:00;XAUUSD;PERIOD_M5;LIVE;VALID;SELL;4518.63;2026.05.27 06:00:00;4507.63;1100.0;28;WIN;NEXT_SIGNAL;2026.05.27 06:05:00;4507.93;1070.0;29;WIN;REV;YES;;;;4.59;34;4518.73;4518.80;-7.0;0.0;BULL;BUY;OFF;0.86;16.96;15.30;18.56;4524.37;4514.04;4509.45;4504.86;4500.27;4495.68
2026.05.27 06:00:00;XAUUSD;PERIOD_M5;LIVE;VALID;BUY;4507.63;2026.05.27 06:40:00;4504.37;-326.0;8;LOSS;NEXT_SIGNAL;2026.05.27 06:45:00;4504.36;-327.0;9;LOSS;REV;YES;;;;3.90;36;4504.55;4504.44;10.5;0.0;BULL;BUY;OFF;0.86;41.26;28.04;16.99;4502.75;4511.53;4515.43;4519.34;4523.24;4527.14
2026.05.27 06:40:00;XAUUSD;PERIOD_M5;LIVE;VALID;SELL;4504.37;2026.05.27 07:40:00;4508.48;-411.0;12;LOSS;NEXT_SIGNAL;2026.05.27 07:45:00;4508.82;-445.0;13;LOSS;REV;YES;;;;3.45;34;4505.70;4505.71;-0.5;0.0;BULL;BUY;OFF;0.79;30.13;16.54;27.16;4508.69;4500.92;4497.47;4494.01;4490.56;4487.11
2026.05.27 07:40:00;XAUUSD;PERIOD_M5;LIVE;VALID;BUY;4508.48;2026.05.27 08:30:00;4496.63;-1185.0;10;LOSS;NEXT_SIGNAL;2026.05.27 08:35:00;4496.99;-1149.0;11;LOSS;REV;YES;;;;3.35;36;4503.31;4502.87;44.4;14.0;BULL;BUY;OFF;0.73;26.24;25.68;20.05;4504.30;4511.83;4515.17;4518.52;4521.87;4525.22
2026.05.27 08:30:00;XAUUSD;PERIOD_M5;LIVE;VALID;SELL;4496.63;2026.05.27 11:10:00;4486.25;1038.0;32;WIN;NEXT_SIGNAL;2026.05.27 11:15:00;4486.63;1000.0;33;WIN;REV;YES;;;;4.91;36;4505.38;4506.58;-120.0;-14.0;BEAR NOISE;SELL;OFF;0.71;26.16;16.42;36.07;4502.77;4491.72;4486.80;4481.89;4476.97;4472.06
2026.05.27 11:10:00;XAUUSD;PERIOD_M5;LIVE;VALID;BUY;4486.25;2026.05.27 12:25:00;4490.03;378.0;15;WIN;NEXT_SIGNAL;2026.05.27 12:30:00;4490.04;379.0;16;WIN;REV;YES;;;;4.57;34;4484.38;4484.05;33.4;14.0;BEAR;SELL;OFF;0.83;20.46;18.96;21.08;4480.54;4490.82;4495.39;4499.96;4504.53;4509.10
2026.05.27 12:25:00;XAUUSD;PERIOD_M5;LIVE;VALID;SELL;4490.03;2026.05.27 15:20:00;4454.72;3531.0;35;WIN;NEXT_SIGNAL;2026.05.27 15:25:00;4455.29;3474.0;36;WIN;REV;YES;;;;4.02;35;4491.92;4492.09;-17.4;0.0;BEAR;SELL;OFF;0.75;20.47;20.66;23.73;4495.05;4486.01;4481.99;4477.97;4473.96;4469.94
2026.05.27 15:20:00;XAUUSD;PERIOD_M5;LIVE;VALID;BUY;4454.72;2026.05.27 16:00:00;4432.12;-2260.0;8;LOSS;NEXT_SIGNAL;2026.05.27 16:05:00;4432.13;-2259.0;9;LOSS;REV;YES;;;;9.44;35;4441.58;4440.50;107.6;36.9;BEAR NOISE;SELL;OFF;0.81;48.31;22.08;26.50;4442.92;4464.16;4473.60;4483.03;4492.47;4501.91
2026.05.27 16:00:00;XAUUSD;PERIOD_M5;LIVE;VALID;SELL;4432.12;2026.05.27 17:00:00;4438.10;-598.0;12;LOSS;NEXT_SIGNAL;2026.05.27 17:05:00;4438.42;-630.0;13;LOSS;REV;YES;;;;10.42;35;4441.87;4442.57;-70.2;-26.6;BEAR;SELL;OFF;0.79;44.59;7.03;36.00;4445.15;4421.69;4411.27;4400.85;4390.42;4380.00
2026.05.27 17:00:00;XAUUSD;PERIOD_M5;LIVE;VALID;BUY;4438.10;2026.05.27 18:00:00;4436.17;-193.0;12;LOSS;NEXT_SIGNAL;2026.05.27 18:05:00;4436.16;-194.0;13;LOSS;REV;YES;;;;12.17;35;4426.05;4424.73;131.9;14.0;BEAR NOISE;SELL;OFF;0.89;40.90;22.23;12.14;4422.89;4450.27;4462.44;4474.61;4486.79;4498.96
2026.05.27 18:00:00;XAUUSD;PERIOD_M5;LIVE;VALID;SELL;4436.17;2026.05.27 19:00:00;4437.50;-133.0;12;LOSS;NEXT_SIGNAL;2026.05.27 19:05:00;4437.81;-164.0;13;LOSS;REV;YES;;;;8.03;35;4438.58;4438.82;-24.7;0.0;BEAR;SELL;OFF;0.91;31.93;8.30;26.76;4446.21;4428.14;4420.10;4412.07;4404.03;4396.00
2026.05.27 19:00:00;XAUUSD;PERIOD_M5;LIVE;VALID;BUY;4437.50;2026.05.27 22:15:00;4449.98;1248.0;39;WIN;NEXT_SIGNAL;2026.05.27 22:20:03;4450.09;1259.0;40;WIN;REV;YES;;;;5.58;35;4435.86;4435.68;17.3;0.0;BEAR;SELL;OFF;0.87;23.54;25.59;13.08;4430.53;4443.08;4448.66;4454.23;4459.81;4465.39
2026.05.27 22:15:00;XAUUSD;PERIOD_M5;LIVE;VALID;SELL;4449.98;2026.05.27 22:35:00;4454.60;-462.0;4;LOSS;NEXT_SIGNAL;2026.05.27 22:40:00;4454.95;-497.0;5;LOSS;REV;YES;;;;2.43;34;4451.99;4452.34;-34.9;-14.0;BEAR;SELL;OFF;0.79;18.18;13.67;22.23;4453.02;4447.55;4445.12;4442.69;4440.25;4437.82
2026.05.27 22:35:00;XAUUSD;PERIOD_M5;LIVE;VALID;BUY;4454.60;2026.05.27 22:45:00;4451.96;-264.0;2;LOSS;NEXT_SIGNAL;2026.05.27 22:50:00;4452.01;-259.0;3;LOSS;REV;YES;;;;2.48;34;4452.65;4452.60;4.7;14.0;BEAR;SELL;OFF;0.80;13.74;17.44;14.81;4451.50;4457.08;4459.56;4462.05;4464.53;4467.01
2026.05.27 22:45:00;XAUUSD;PERIOD_M5;LIVE;VALID;SELL;4451.96;2026.05.27 23:10:00;4455.14;-318.0;5;LOSS;NEXT_SIGNAL;2026.05.27 23:15:00;4455.64;-368.0;6;LOSS;REV;YES;;;;2.29;34;4452.66;4452.67;-0.5;0.0;BEAR;SELL;OFF;0.77;14.23;13.24;20.62;4454.82;4449.67;4447.39;4445.10;4442.81;4440.52
2026.05.27 23:10:00;XAUUSD;PERIOD_M5;LIVE;VALID;BUY;4455.14;2026.05.28 02:00:00;4456.57;143.0;22;WIN;NEXT_SIGNAL;2026.05.28 02:05:02;4456.50;136.0;23;WIN;REV;YES;;;;2.54;45;4452.89;4452.56;32.4;14.0;BEAR NOISE;SELL;OFF;0.77;19.14;22.68;21.28;4451.97;4457.68;4460.22;4462.76;4465.29;4467.83
2026.05.28 02:00:00;XAUUSD;PERIOD_M5;LIVE;VALID;SELL;4456.57;2026.05.28 03:40:00;4452.01;456.0;20;WIN;NEXT_SIGNAL;2026.05.28 03:45:00;4452.32;425.0;21;WIN;REV;YES;;;;4.03;36;4457.49;4457.64;-15.1;0.0;BEAR;SELL;OFF;0.92;23.36;11.54;25.89;4461.60;4452.54;4448.52;4444.49;4440.47;4436.44
2026.05.28 03:40:00;XAUUSD;PERIOD_M5;LIVE;VALID;BUY;4452.01;2026.05.28 04:05:00;4444.46;-755.0;5;LOSS;NEXT_SIGNAL;2026.05.28 04:10:00;4444.44;-757.0;6;LOSS;REV;YES;;;;5.30;34;4449.48;4449.09;39.4;14.0;BEAR;SELL;OFF;0.95;26.36;20.83;8.10;4445.38;4457.31;4462.62;4467.92;4473.23;4478.53
2026.05.28 04:05:00;XAUUSD;PERIOD_M5;LIVE;VALID;SELL;4444.46;2026.05.28 08:10:00;4375.30;6916.0;49;WIN;NEXT_SIGNAL;2026.05.28 08:15:00;4375.59;6887.0;50;WIN;REV;YES;;;;6.02;36;4449.32;4449.45;-13.1;-14.0;BEAR;SELL;OFF;0.92;32.86;19.61;16.41;4451.99;4438.44;4432.42;4426.40;4420.37;4414.35
2026.05.28 08:10:00;XAUUSD;PERIOD_M5;LIVE;VALID;BUY;4375.30;2026.05.28 09:15:00;4379.49;419.0;13;WIN;NEXT_SIGNAL;2026.05.28 09:20:00;4379.50;420.0;14;WIN;REV;YES;;;;5.49;34;4372.54;4372.49;4.3;14.0;BEAR;SELL;OFF;0.90;26.31;18.83;16.44;4368.44;4380.79;4386.28;4391.77;4397.26;4402.75
2026.05.28 09:15:00;XAUUSD;PERIOD_M5;LIVE;VALID;SELL;4379.49;2026.05.28 10:00:00;4387.46;-797.0;9;LOSS;NEXT_SIGNAL;2026.05.28 10:05:00;4387.84;-835.0;10;LOSS;REV;YES;;;;5.94;34;4382.44;4382.66;-22.4;0.0;BEAR;SELL;OFF;0.87;33.44;16.81;25.84;4386.92;4373.55;4367.60;4361.66;4355.72;4349.78
2026.05.28 10:00:00;XAUUSD;PERIOD_M5;LIVE;VALID;BUY;4387.46;2026.05.28 10:55:00;4387.46;0.0;11;BE;NEXT_SIGNAL;2026.05.28 11:00:00;4388.04;58.0;12;WIN;REV;YES;;;;5.41;35;4383.58;4383.40;18.0;0.0;BEAR;SELL;OFF;0.73;18.46;23.44;13.49;4380.70;4392.87;4398.28;4403.69;4409.09;4414.50
2026.05.28 10:55:00;XAUUSD;PERIOD_M5;LIVE;VALID;SELL;4387.46;2026.05.28 11:05:00;4393.52;-606.0;2;LOSS;NEXT_SIGNAL;2026.05.28 11:10:00;4393.83;-637.0;3;LOSS;REV;YES;;;;4.85;35;4388.21;4388.31;-9.5;0.0;BEAR;SELL;OFF;0.89;24.25;12.08;21.92;4393.52;4382.61;4377.76;4372.91;4368.06;4363.21
2026.05.28 11:05:00;XAUUSD;PERIOD_M5;LIVE;VALID;BUY;4393.52;2026.05.28 11:50:00;4388.56;-496.0;9;LOSS;NEXT_SIGNAL;2026.05.28 11:55:00;4388.55;-497.0;10;LOSS;REV;YES;;;;5.38;34;4389.26;4388.99;26.9;26.6;BEAR;SELL;OFF;0.89;18.71;17.69;16.46;4386.80;4398.90;4404.27;4409.65;4415.03;4420.41
2026.05.28 11:50:00;XAUUSD;PERIOD_M5;LIVE;VALID;SELL;4388.56;2026.05.28 12:20:00;4395.36;-680.0;6;LOSS;NEXT_SIGNAL;2026.05.28 12:25:00;4395.63;-707.0;7;LOSS;REV;YES;;;;4.84;34;4390.34;4390.41;-7.2;-14.0;BEAR;SELL;OFF;0.82;15.19;13.79;18.37;4394.61;4383.72;4378.89;4374.05;4369.21;4364.37
2026.05.28 12:20:00;XAUUSD;PERIOD_M5;LIVE;VALID;BUY;4395.36;2026.05.28 13:40:00;4389.06;-630.0;16;LOSS;NEXT_SIGNAL;2026.05.28 13:45:00;4388.89;-647.0;17;LOSS;REV;YES;;;;4.38;35;4390.82;4390.41;41.0;14.0;BEAR;SELL;OFF;0.82;18.53;24.25;17.32;4389.89;4399.74;4404.12;4408.50;4412.88;4417.26
2026.05.28 13:40:00;XAUUSD;PERIOD_M5;LIVE;VALID;SELL;4389.06;2026.05.28 15:00:00;4390.15;-109.0;16;LOSS;NEXT_SIGNAL;2026.05.28 15:05:00;4390.48;-142.0;17;LOSS;REV;YES;;;;4.78;35;4395.85;4395.89;-3.8;-14.0;BEAR;SELL;OFF;0.93;16.02;15.62;28.72;4395.04;4384.28;4379.49;4374.71;4369.93;4365.14
2026.05.28 15:00:00;XAUUSD;PERIOD_M5;LIVE;VALID;BUY;4390.15;2026.05.28 15:25:00;4385.87;-428.0;5;LOSS;NEXT_SIGNAL;2026.05.28 15:30:00;4385.90;-425.0;6;LOSS;REV;YES;;;;4.45;34;4387.06;4386.81;24.7;0.0;BEAR;SELL;OFF;0.92;18.40;30.22;23.47;4384.59;4394.60;4399.05;4403.49;4407.94;4412.39
2026.05.28 15:25:00;XAUUSD;PERIOD_M5;LIVE;BLOCKED;SELL;4385.87;2026.05.28 15:30:00;4392.34;-647.0;1;LOSS;NEXT_SIGNAL;;;;;;;NO;MARKET;SPREAD;;4.82;46;4386.91;4387.11;-19.9;0.0;BEAR;SELL;OFF;0.87;16.60;18.49;24.60;4391.89;4381.05;4376.23;4371.42;4366.60;4361.78
2026.05.28 15:30:00;XAUUSD;PERIOD_M5;LIVE;VALID;BUY;4392.34;2026.05.28 21:30:00;4502.06;10972.0;72;WIN;NEXT_SIGNAL;2026.05.28 21:35:00;4502.08;10974.0;73;WIN;REV;YES;;;;5.21;35;4388.11;4387.64;47.5;14.0;BEAR NOISE;SELL;OFF;0.87;15.80;26.38;21.32;4385.83;4397.55;4402.76;4407.97;4413.18;4418.39
2026.05.28 21:30:00;XAUUSD;PERIOD_M5;LIVE;VALID;SELL;4502.06;2026.05.29 02:15:00;4495.82;624.0;45;WIN;NEXT_SIGNAL;2026.05.29 02:20:00;4496.16;590.0;46;WIN;REV;YES;;;;4.06;34;4506.66;4507.15;-49.7;-14.0;BULL NOISE;BUY;OFF;0.85;32.75;17.47;29.27;4507.14;4498.00;4493.94;4489.88;4485.82;4481.76
2026.05.29 02:15:00;XAUUSD;PERIOD_M5;LIVE;VALID;BUY;4495.82;2026.05.29 02:25:00;4492.24;-358.0;2;LOSS;NEXT_SIGNAL;2026.05.29 02:30:01;4492.07;-375.0;3;LOSS;REV;YES;;;;2.42;36;4494.61;4494.45;15.9;0.0;BULL;BUY;OFF;0.85;18.65;22.78;13.38;4492.79;4498.24;4500.66;4503.08;4505.51;4507.93
2026.05.29 02:25:00;XAUUSD;PERIOD_M5;LIVE;VALID;SELL;4492.24;2026.05.29 03:05:00;4494.65;-241.0;8;LOSS;NEXT_SIGNAL;2026.05.29 03:10:00;4495.02;-278.0;9;LOSS;REV;YES;;;;2.43;36;4494.07;4494.21;-14.1;0.0;BULL;BUY;OFF;0.82;17.44;17.11;24.80;4495.27;4489.81;4487.39;4484.96;4482.53;4480.11
2026.05.29 03:05:00;XAUUSD;PERIOD_M5;LIVE;VALID;BUY;4494.65;2026.05.29 05:15:00;4505.75;1110.0;26;WIN;NEXT_SIGNAL;2026.05.29 05:20:00;4505.80;1115.0;27;WIN;REV;YES;;;;3.06;36;4493.62;4493.43;18.8;0.0;BULL;BUY;OFF;0.82;18.99;20.11;15.69;4490.82;4497.71;4500.78;4503.84;4506.90;4509.96
2026.05.29 05:15:00;XAUUSD;PERIOD_M5;LIVE;VALID;SELL;4505.75;2026.05.29 07:00:00;4502.66;309.0;21;WIN;NEXT_SIGNAL;2026.05.29 07:05:01;4502.98;277.0;22;WIN;REV;YES;;;;5.25;34;4506.47;4506.63;-15.3;0.0;BULL;BUY;OFF;0.80;14.03;21.02;17.34;4512.31;4500.50;4495.25;4490.00;4484.76;4479.51
2026.05.29 07:00:00;XAUUSD;PERIOD_M5;LIVE;VALID;BUY;4502.66;2026.05.29 08:35:00;4503.43;77.0;19;WIN;NEXT_SIGNAL;2026.05.29 08:40:00;4503.42;76.0;20;WIN;REV;YES;;;;3.20;36;4500.04;4499.57;47.1;14.0;BULL;BUY;OFF;0.78;26.20;27.33;17.66;4498.66;4505.86;4509.05;4512.25;4515.45;4518.65
2026.05.29 08:35:00;XAUUSD;PERIOD_M5;LIVE;VALID;SELL;4503.43;2026.05.29 08:55:00;4514.82;-1139.0;4;LOSS;NEXT_SIGNAL;2026.05.29 09:00:00;4515.33;-1190.0;5;LOSS;REV;YES;;;;3.10;36;4508.42;4509.27;-85.9;-14.0;BULL NOISE;BUY;OFF;0.89;29.22;15.47;20.68;4507.31;4500.33;4497.22;4494.12;4491.02;4487.92
2026.05.29 08:55:00;XAUUSD;PERIOD_M5;LIVE;VALID;BUY;4514.82;2026.05.29 10:20:00;4511.85;-297.0;17;LOSS;NEXT_SIGNAL;2026.05.29 10:25:00;4511.74;-308.0;18;LOSS;REV;YES;;;;4.27;34;4510.45;4509.94;51.0;14.0;BULL;BUY;OFF;0.87;23.31;17.99;11.67;4509.48;4519.09;4523.37;4527.64;4531.92;4536.19
2026.05.29 10:20:00;XAUUSD;PERIOD_M5;LIVE;VALID;SELL;4511.85;2026.05.29 10:35:00;4522.46;-1061.0;3;LOSS;NEXT_SIGNAL;2026.05.29 10:40:00;4522.76;-1091.0;4;LOSS;REV;YES;;;;4.72;34;4516.38;4517.06;-67.8;-14.0;BULL;BUY;OFF;0.77;22.31;13.76;33.08;4517.75;4507.13;4502.41;4497.70;4492.98;4488.26
2026.05.29 10:35:00;XAUUSD;PERIOD_M5;LIVE;VALID;BUY;4522.46;2026.05.29 11:10:00;4515.17;-729.0;7;LOSS;NEXT_SIGNAL;2026.05.29 11:15:01;4514.98;-748.0;8;LOSS;REV;YES;;;;4.53;34;4518.16;4517.75;40.4;14.0;BULL;BUY;OFF;0.70;22.05;29.67;25.04;4516.80;4526.99;4531.52;4536.04;4540.57;4545.10
2026.05.29 11:10:00;XAUUSD;PERIOD_M5;LIVE;VALID;SELL;4515.17;2026.05.29 12:05:00;4523.80;-863.0;11;LOSS;NEXT_SIGNAL;2026.05.29 12:10:00;4524.16;-899.0;12;LOSS;REV;YES;;;;4.25;35;4519.05;4519.49;-44.0;0.0;BULL;BUY;OFF;0.75;21.82;12.40;30.64;4520.48;4510.92;4506.67;4502.43;4498.18;4493.93
2026.05.29 12:05:00;XAUUSD;PERIOD_M5;LIVE;VALID;BUY;4523.80;2026.05.29 13:20:00;4527.54;374.0;15;WIN;NEXT_SIGNAL;2026.05.29 13:25:00;4527.55;375.0;16;WIN;REV;YES;;;;4.28;34;4517.45;4516.90;55.5;14.0;BULL;BUY;OFF;0.81;33.04;22.00;15.98;4518.45;4528.08;4532.36;4536.64;4540.92;4545.20
2026.05.29 13:20:00;XAUUSD;PERIOD_M5;LIVE;VALID;SELL;4527.54;2026.05.29 13:30:00;4538.72;-1118.0;2;LOSS;NEXT_SIGNAL;2026.05.29 13:35:00;4539.08;-1154.0;3;LOSS;REV;YES;;;;4.79;34;4528.03;4528.17;-14.4;0.0;BULL;BUY;OFF;0.87;21.31;17.30;12.37;4533.53;4522.75;4517.96;4513.17;4508.37;4503.58
2026.05.29 13:30:00;XAUUSD;PERIOD_M5;LIVE;VALID;BUY;4538.72;2026.05.29 14:15:00;4531.55;-717.0;9;LOSS;NEXT_SIGNAL;2026.05.29 14:20:00;4531.54;-718.0;10;LOSS;REV;YES;;;;5.05;35;4530.82;4529.75;106.9;26.6;BULL;BUY;OFF;0.78;28.86;35.91;9.29;4532.41;4543.77;4548.81;4553.86;4558.90;4563.95
2026.05.29 14:15:00;XAUUSD;PERIOD_M5;LIVE;VALID;SELL;4531.55;2026.05.29 14:55:00;4538.33;-678.0;8;LOSS;NEXT_SIGNAL;2026.05.29 15:00:00;4538.69;-714.0;9;LOSS;REV;YES;;;;4.13;35;4533.87;4533.90;-2.7;-14.0;BULL;BUY;OFF;0.87;30.25;16.57;27.17;4536.71;4527.42;4523.29;4519.16;4515.03;4510.90
2026.05.29 14:55:00;XAUUSD;PERIOD_M5;LIVE;VALID;BUY;4538.33;2026.05.29 15:00:00;4529.36;-897.0;1;LOSS;NEXT_SIGNAL;2026.05.29 15:05:00;4529.28;-905.0;2;LOSS;REV;YES;;;;3.98;35;4532.65;4532.59;5.7;14.0;BULL;BUY;OFF;0.82;21.98;30.73;17.75;4533.36;4542.31;4546.28;4550.26;4554.24;4558.21
2026.05.29 15:00:00;XAUUSD;PERIOD_M5;LIVE;VALID;SELL;4529.36;2026.05.29 16:20:00;4526.17;319.0;16;WIN;NEXT_SIGNAL;2026.05.29 16:25:00;4526.54;282.0;17;WIN;REV;YES;;;;4.54;35;4531.92;4532.21;-29.3;-14.0;BULL;BUY;OFF;0.83;20.16;26.63;22.54;4535.04;4524.81;4520.27;4515.73;4511.18;4506.64
2026.05.29 16:20:00;XAUUSD;PERIOD_M5;LIVE;VALID;BUY;4526.17;2026.05.29 17:35:00;4531.82;565.0;15;WIN;NEXT_SIGNAL;2026.05.29 17:40:00;4531.63;546.0;16;WIN;REV;YES;;;;5.93;35;4523.19;4522.66;52.6;0.0;BULL;BUY;OFF;0.94;22.05;21.83;8.90;4518.76;4532.10;4538.03;4543.96;4549.90;4555.83
2026.05.29 17:35:00;XAUUSD;PERIOD_M5;LIVE;VALID;SELL;4531.82;2026.05.29 17:40:00;4540.31;-849.0;1;LOSS;NEXT_SIGNAL;2026.05.29 17:45:00;4540.67;-885.0;2;LOSS;REV;YES;;;;7.97;34;4535.16;4535.57;-41.7;0.0;BULL;BUY;OFF;0.96;33.25;17.84;23.04;4541.78;4523.85;4515.88;4507.91;4499.94;4491.97
2026.05.29 17:40:00;XAUUSD;PERIOD_M5;LIVE;VALID;BUY;4540.31;2026.05.29 19:00:00;4567.90;2759.0;16;WIN;NEXT_SIGNAL;2026.05.29 19:05:00;4567.98;2767.0;17;WIN;REV;YES;;;;8.20;35;4536.30;4536.27;2.8;14.0;BULL;BUY;OFF;0.92;29.54;22.28;19.97;4530.07;4548.51;4556.70;4564.90;4573.09;4581.29
2026.05.29 19:00:00;XAUUSD;PERIOD_M5;LIVE;VALID;SELL;4567.90;2026.05.29 21:30:00;4560.83;707.0;30;WIN;NEXT_SIGNAL;2026.05.29 21:35:00;4561.19;671.0;31;WIN;REV;YES;;;;9.11;34;4570.34;4571.33;-99.1;14.0;BULL;BUY;OFF;0.85;26.66;16.94;20.26;4579.29;4558.78;4549.67;4540.55;4531.44;4522.32
2026.05.29 21:30:00;XAUUSD;PERIOD_M5;LIVE;VALID;BUY;4560.83;2026.05.29 21:45:00;4553.03;-780.0;3;LOSS;NEXT_SIGNAL;2026.05.29 21:50:00;4552.98;-785.0;4;LOSS;REV;YES;;;;3.48;34;4558.83;4558.62;21.4;0.0;BULL;BUY;OFF;0.82;31.31;23.11;10.42;4556.48;4564.31;4567.79;4571.28;4574.76;4578.24
2026.05.29 21:45:00;XAUUSD;PERIOD_M5;LIVE;VALID;SELL;4553.03;2026.05.29 22:15:00;4557.63;-460.0;6;LOSS;NEXT_SIGNAL;2026.05.29 22:20:00;4557.77;-474.0;7;LOSS;REV;YES;;;;3.42;35;4557.55;4557.82;-26.4;-14.0;BULL NOISE;BUY;OFF;0.83;28.33;17.37;29.75;4557.30;4549.61;4546.19;4542.77;4539.35;4535.93
2026.05.29 22:15:00;XAUUSD;PERIOD_M5;LIVE;VALID;BUY;4557.63;2026.05.29 22:20:00;4556.34;-129.0;1;LOSS;NEXT_SIGNAL;2026.05.29 22:25:00;4556.39;-124.0;2;LOSS;REV;YES;;;;2.89;34;4556.96;4556.95;0.5;14.0;BULL;BUY;OFF;0.97;22.46;29.14;21.81;4554.01;4560.52;4563.42;4566.31;4569.21;4572.10
2026.05.29 22:20:00;XAUUSD;PERIOD_M5;LIVE;VALID;SELL;4556.34;;;;;OPEN;TEST_END;;;;;;;YES;;;;2.90;34;4556.82;4556.91;-9.4;-14.0;BULL;BUY;OFF;0.97;19.56;25.25;24.90;4559.96;4553.44;4550.54;4547.64;4544.74;4541.84
