event_time;symbol;timeframe;origin;signal_class;direction;signal_entry_price;signal_exit_time;signal_exit_price;signal_move_pts;signal_duration_bars;signal_result;signal_exit_reason;position_exit_time;position_exit_price;position_move_pts;position_duration_bars;position_result;position_exit_reason;executed;skip_reason;block_reason;bre_reason;atr;spread;ema_fast;slow_ma;ma_gap_pts;slow_angle_deg;vline_state;vline_dir;sw_state;sw_score;adx;di_plus;di_minus;sl;tp1;tp2;tp3;tp4;tp5
2026.01.02 01:15:00;XAUUSD;PERIOD_M15;LIVE;VALID;BUY;4340.99;2026.01.02 09:15:00;4373.80;3281.0;32;WIN;NEXT_SIGNAL;2026.01.02 09:30:00;4373.73;3274.0;33;WIN;REV;YES;;;;9.97;34;4329.40;4328.63;76.5;0.0;NO_DATA;NONE;OFF;0.82;20.20;26.66;9.18;4328.53;4350.96;4360.93;4370.90;4380.87;4390.84
2026.01.02 09:15:00;XAUUSD;PERIOD_M15;LIVE;VALID;SELL;4373.80;2026.01.02 09:45:00;4382.72;-892.0;2;LOSS;NEXT_SIGNAL;2026.01.02 10:00:00;4383.04;-924.0;3;LOSS;REV;YES;;;;4.96;34;4375.59;4375.69;-10.1;0.0;BEAR;SELL;OFF;0.89;38.52;15.04;10.88;4379.99;4368.84;4363.89;4358.93;4353.98;4349.02
2026.01.02 09:45:00;XAUUSD;PERIOD_M15;LIVE;VALID;BUY;4382.72;2026.01.02 15:15:00;4374.44;-828.0;22;LOSS;NEXT_SIGNAL;2026.01.02 15:30:00;4374.34;-838.0;23;LOSS;REV;YES;;;;5.48;34;4377.19;4376.68;50.3;14.0;BEAR NOISE;SELL;OFF;0.89;38.19;20.08;8.17;4375.87;4388.20;4393.68;4399.17;4404.65;4410.13
2026.01.02 15:15:00;XAUUSD;PERIOD_M15;LIVE;VALID;SELL;4374.44;2026.01.02 22:15:00;4328.42;4602.0;28;WIN;NEXT_SIGNAL;2026.01.02 22:30:00;4328.74;4570.0;29;WIN;REV;YES;;;;7.87;34;4389.77;4391.27;-150.1;-14.0;BEAR;SELL;OFF;0.87;24.30;19.71;22.40;4384.27;4366.57;4358.70;4350.84;4342.97;4335.10
2026.01.02 22:15:00;XAUUSD;PERIOD_M15;LIVE;VALID;BUY;4328.42;2026.01.05 13:15:00;4417.22;8880.0;56;WIN;NEXT_SIGNAL;2026.01.05 13:30:00;4417.25;8883.0;57;WIN;REV;YES;;;;7.72;34;4321.86;4321.38;47.7;0.0;BEAR;SELL;OFF;0.81;28.20;22.88;11.06;4318.77;4336.14;4343.86;4351.58;4359.31;4367.03
2026.01.05 13:15:00;XAUUSD;PERIOD_M15;LIVE;VALID;SELL;4417.22;2026.01.05 16:30:00;4429.67;-1245.0;13;LOSS;NEXT_SIGNAL;2026.01.05 16:45:00;4430.03;-1281.0;14;LOSS;REV;YES;;;;6.87;34;4429.73;4430.25;-51.8;0.0;BULL NOISE;BUY;OFF;0.83;40.67;18.68;25.27;4425.81;4410.35;4403.48;4396.61;4389.73;4382.86
2026.01.05 16:30:00;XAUUSD;PERIOD_M15;LIVE;VALID;BUY;4429.67;2026.01.05 21:00:00;4439.97;1030.0;18;WIN;NEXT_SIGNAL;2026.01.05 21:15:00;4439.70;1003.0;19;WIN;REV;YES;;;;10.77;34;4419.91;4418.40;151.0;0.0;BULL;BUY;OFF;0.77;26.71;22.21;17.89;4416.21;4440.44;4451.21;4461.98;4472.75;4483.52
2026.01.05 21:00:00;XAUUSD;PERIOD_M15;LIVE;VALID;SELL;4439.97;2026.01.05 23:00:00;4447.10;-713.0;8;LOSS;NEXT_SIGNAL;2026.01.05 23:15:00;4447.29;-732.0;9;LOSS;REV;YES;;;;8.80;34;4443.30;4443.56;-25.8;0.0;BULL;BUY;OFF;0.84;17.74;19.29;18.21;4450.96;4431.17;4422.38;4413.58;4404.79;4395.99
2026.01.05 23:00:00;XAUUSD;PERIOD_M15;LIVE;VALID;BUY;4447.10;2026.01.06 02:00:00;4440.39;-671.0;8;LOSS;NEXT_SIGNAL;2026.01.06 02:15:00;4440.43;-667.0;9;LOSS;REV;YES;;;;6.54;40;4443.64;4443.23;40.8;0.0;BULL;BUY;OFF;0.82;13.83;23.84;15.14;4438.93;4453.64;4460.18;4466.71;4473.25;4479.79
2026.01.06 02:00:00;XAUUSD;PERIOD_M15;LIVE;VALID;SELL;4440.39;2026.01.06 04:00:00;4459.23;-1884.0;8;LOSS;NEXT_SIGNAL;2026.01.06 04:15:00;4459.55;-1916.0;9;LOSS;REV;YES;;;;6.09;34;4444.02;4444.53;-51.7;0.0;BULL;BUY;OFF;0.89;16.43;18.86;19.28;4448.00;4434.30;4428.22;4422.13;4416.05;4409.96
2026.01.06 04:00:00;XAUUSD;PERIOD_M15;LIVE;VALID;BUY;4459.23;2026.01.06 07:45:00;4452.41;-682.0;15;LOSS;NEXT_SIGNAL;2026.01.06 08:00:00;4452.45;-678.0;16;LOSS;REV;YES;;;;8.97;34;4445.73;4443.79;193.8;14.0;BULL;BUY;OFF;0.84;18.27;25.60;14.33;4448.02;4468.20;4477.17;4486.14;4495.11;4504.08
2026.01.06 07:45:00;XAUUSD;PERIOD_M15;LIVE;VALID;SELL;4452.41;2026.01.06 09:00:00;4468.38;-1597.0;5;LOSS;NEXT_SIGNAL;2026.01.06 09:15:00;4468.70;-1629.0;6;LOSS;REV;YES;;;;6.81;34;4462.12;4462.17;-4.5;0.0;BULL NOISE;BUY;OFF;0.85;23.42;16.73;22.41;4460.93;4445.60;4438.78;4431.97;4425.16;4418.35
2026.01.06 09:00:00;XAUUSD;PERIOD_M15;LIVE;VALID;BUY;4468.38;2026.01.06 09:45:00;4459.43;-895.0;3;LOSS;NEXT_SIGNAL;2026.01.06 10:00:00;4459.37;-901.0;4;LOSS;REV;YES;;;;6.21;34;4463.75;4463.46;29.1;0.0;BULL;BUY;OFF;0.84;25.63;29.09;10.96;4460.61;4474.59;4480.80;4487.02;4493.23;4499.44
2026.01.06 09:45:00;XAUUSD;PERIOD_M15;LIVE;VALID;SELL;4459.43;2026.01.06 10:15:00;4471.01;-1158.0;2;LOSS;NEXT_SIGNAL;2026.01.06 10:30:00;4471.32;-1189.0;3;LOSS;REV;YES;;;;6.90;34;4463.01;4463.36;-35.3;0.0;BULL;BUY;OFF;0.82;23.16;18.93;19.49;4468.06;4452.53;4445.63;4438.73;4431.83;4424.93
2026.01.06 10:15:00;XAUUSD;PERIOD_M15;LIVE;VALID;BUY;4471.01;2026.01.06 11:15:00;4456.70;-1431.0;4;LOSS;NEXT_SIGNAL;2026.01.06 11:30:00;4456.65;-1436.0;5;LOSS;REV;YES;;;;7.59;34;4464.60;4463.87;72.4;14.0;BULL;BUY;OFF;0.75;21.26;25.85;14.64;4461.53;4478.60;4486.18;4493.77;4501.36;4508.95
2026.01.06 11:15:00;XAUUSD;PERIOD_M15;LIVE;VALID;SELL;4456.70;2026.01.06 13:45:00;4463.28;-658.0;10;LOSS;NEXT_SIGNAL;2026.01.06 14:00:00;4463.60;-690.0;11;LOSS;REV;YES;;;;7.56;34;4462.33;4463.16;-83.6;-14.0;BULL;BUY;OFF;0.87;20.40;14.59;20.64;4466.15;4449.14;4441.58;4434.03;4426.47;4418.91
2026.01.06 13:45:00;XAUUSD;PERIOD_M15;LIVE;VALID;BUY;4463.28;2026.01.06 21:15:00;4480.84;1756.0;30;WIN;NEXT_SIGNAL;2026.01.06 21:30:00;4480.81;1753.0;31;WIN;REV;YES;;;;6.82;34;4457.07;4456.56;50.7;0.0;BULL;BUY;OFF;0.97;26.84;26.95;9.39;4454.75;4470.10;4476.92;4483.74;4490.56;4497.38
2026.01.06 21:15:00;XAUUSD;PERIOD_M15;LIVE;VALID;SELL;4480.84;2026.01.06 22:30:00;4489.76;-892.0;5;LOSS;NEXT_SIGNAL;2026.01.06 22:45:00;4490.29;-945.0;6;LOSS;REV;YES;;;;6.85;34;4484.69;4485.19;-49.9;0.0;BULL;BUY;OFF;0.69;24.30;15.47;23.08;4489.40;4473.99;4467.15;4460.30;4453.45;4446.61
2026.01.06 22:30:00;XAUUSD;PERIOD_M15;LIVE;VALID;BUY;4489.76;2026.01.07 02:45:00;4491.79;203.0;13;WIN;NEXT_SIGNAL;2026.01.07 03:00:00;4491.69;193.0;14;WIN;REV;YES;;;;6.15;34;4485.43;4485.42;1.8;0.0;BULL;BUY;OFF;0.85;21.41;20.93;11.29;4482.07;4495.91;4502.06;4508.21;4514.36;4520.51
2026.01.07 02:45:00;XAUUSD;PERIOD_M15;LIVE;VALID;SELL;4491.79;2026.01.07 10:00:00;4465.74;2605.0;29;WIN;NEXT_SIGNAL;2026.01.07 10:15:00;4466.25;2554.0;30;WIN;REV;YES;;;;4.76;34;4492.39;4492.49;-9.8;0.0;BULL;BUY;OFF;0.97;32.17;12.92;25.95;4497.74;4487.03;4482.26;4477.50;4472.74;4467.98
2026.01.07 10:00:00;XAUUSD;PERIOD_M15;LIVE;VALID;BUY;4465.74;2026.01.07 13:15:00;4458.99;-675.0;13;LOSS;NEXT_SIGNAL;2026.01.07 13:30:00;4459.03;-671.0;14;LOSS;REV;YES;;;;8.27;34;4458.27;4457.83;43.3;0.0;BEAR;SELL;OFF;0.68;31.04;31.55;15.13;4455.40;4474.01;4482.28;4490.55;4498.82;4507.09
2026.01.07 13:15:00;XAUUSD;PERIOD_M15;LIVE;VALID;SELL;4458.99;2026.01.07 18:15:00;4457.79;120.0;20;WIN;NEXT_SIGNAL;2026.01.07 18:30:00;4458.12;87.0;21;WIN;REV;YES;;;;6.29;34;4462.19;4462.57;-38.4;0.0;BEAR;SELL;OFF;0.85;23.28;10.49;25.28;4466.85;4452.70;4446.42;4440.13;4433.84;4427.56
2026.01.07 18:15:00;XAUUSD;PERIOD_M15;LIVE;VALID;BUY;4457.79;2026.01.07 21:00:00;4449.47;-832.0;11;LOSS;NEXT_SIGNAL;2026.01.07 21:15:00;4449.46;-833.0;12;LOSS;REV;YES;;;;13.19;34;4446.83;4444.91;191.9;0.0;BEAR NOISE;SELL;OFF;0.92;27.98;25.90;17.76;4441.31;4470.98;4484.16;4497.35;4510.54;4523.72
2026.01.07 21:00:00;XAUUSD;PERIOD_M15;LIVE;VALID;SELL;4449.47;2026.01.07 22:00:00;4458.24;-877.0;4;LOSS;NEXT_SIGNAL;2026.01.07 22:15:00;4458.52;-905.0;5;LOSS;REV;YES;;;;7.90;34;4452.75;4453.13;-37.7;0.0;BEAR;SELL;OFF;0.76;18.47;14.68;21.90;4459.34;4441.57;4433.68;4425.78;4417.88;4409.99
2026.01.07 22:00:00;XAUUSD;PERIOD_M15;LIVE;VALID;BUY;4458.24;2026.01.07 23:00:00;4453.76;-448.0;4;LOSS;NEXT_SIGNAL;2026.01.07 23:15:00;4453.97;-427.0;5;LOSS;REV;YES;;;;6.55;34;4454.51;4454.43;7.3;0.0;BEAR;SELL;OFF;0.83;17.04;23.64;16.10;4450.05;4464.79;4471.34;4477.89;4484.44;4490.99
2026.01.07 23:00:00;XAUUSD;PERIOD_M15;LIVE;VALID;SELL;4453.76;2026.01.08 02:45:00;4450.18;358.0;11;WIN;NEXT_SIGNAL;2026.01.08 01:00:00;4457.20;-344.0;4;LOSS;REV;YES;;;;6.42;40;4454.55;4454.61;-5.9;0.0;BEAR;SELL;OFF;0.83;15.84;16.63;18.50;4461.79;4447.34;4440.91;4434.49;4428.07;4421.65
2026.01.08 02:45:00;XAUUSD;PERIOD_M15;LIVE;VALID;SELL;4450.18;2026.01.08 09:15:00;4436.39;1379.0;26;WIN;NEXT_SIGNAL;2026.01.08 09:30:00;4436.91;1327.0;27;WIN;REV;NO;POSITION_ACTIVE;;;5.35;34;4456.20;4456.93;-73.3;0.0;BEAR;SELL;OFF;0.89;29.17;19.81;24.45;4456.86;4444.83;4439.49;4434.14;4428.79;4423.45
2026.01.08 09:15:00;XAUUSD;PERIOD_M15;LIVE;BLOCKED;BUY;4436.39;2026.01.08 10:15:00;4426.77;-962.0;4;LOSS;NEXT_SIGNAL;;;;;;;NO;MARKET;SPREAD;;7.72;48;4432.35;4431.48;86.6;0.0;BEAR;SELL;OFF;0.90;39.97;15.19;18.00;4426.74;4444.11;4451.83;4459.55;4467.27;4474.99
2026.01.08 10:15:00;XAUUSD;PERIOD_M15;LIVE;VALID;SELL;4426.77;2026.01.08 11:15:00;4430.34;-357.0;4;LOSS;NEXT_SIGNAL;2026.01.08 11:30:00;4430.59;-382.0;5;LOSS;REV;YES;;;;8.23;34;4429.65;4429.83;-17.1;-14.0;BEAR;SELL;OFF;0.90;35.48;8.57;19.62;4437.06;4418.54;4410.30;4402.07;4393.84;4385.61
2026.01.08 11:15:00;XAUUSD;PERIOD_M15;LIVE;VALID;BUY;4430.34;2026.01.08 12:15:00;4424.57;-577.0;4;LOSS;NEXT_SIGNAL;2026.01.08 12:30:00;4424.52;-582.0;5;LOSS;REV;YES;;;;7.84;34;4429.38;4429.23;14.1;0.0;BEAR;SELL;OFF;0.91;33.07;14.35;27.93;4420.54;4438.18;4446.02;4453.86;4461.71;4469.55
2026.01.08 12:15:00;XAUUSD;PERIOD_M15;LIVE;VALID;SELL;4424.57;2026.01.08 12:45:00;4433.14;-857.0;2;LOSS;NEXT_SIGNAL;2026.01.08 13:00:00;4433.33;-876.0;3;LOSS;REV;YES;;;;6.48;34;4429.10;4429.58;-47.7;-14.0;BEAR;SELL;OFF;0.91;26.87;14.24;28.97;4432.67;4418.09;4411.62;4405.14;4398.66;4392.18
2026.01.08 12:45:00;XAUUSD;PERIOD_M15;LIVE;VALID;BUY;4433.14;2026.01.08 13:15:00;4426.37;-677.0;2;LOSS;NEXT_SIGNAL;2026.01.08 13:30:00;4426.38;-676.0;3;LOSS;REV;YES;;;;6.57;34;4430.59;4430.24;35.1;0.0;BEAR;SELL;OFF;0.77;24.70;15.07;21.76;4424.93;4439.71;4446.28;4452.85;4459.43;4466.00
2026.01.08 13:15:00;XAUUSD;PERIOD_M15;LIVE;VALID;SELL;4426.37;2026.01.08 15:30:00;4433.29;-692.0;9;LOSS;NEXT_SIGNAL;2026.01.08 15:45:00;4433.65;-728.0;10;LOSS;REV;YES;;;;6.51;34;4429.26;4429.68;-42.3;-14.0;BEAR;SELL;OFF;0.83;27.90;11.32;28.93;4434.50;4419.86;4413.36;4406.85;4400.34;4393.83
2026.01.08 15:30:00;XAUUSD;PERIOD_M15;LIVE;VALID;BUY;4433.29;2026.01.08 16:00:00;4423.33;-996.0;2;LOSS;NEXT_SIGNAL;2026.01.08 16:15:00;4423.38;-991.0;3;LOSS;REV;YES;;;;8.59;34;4427.91;4426.98;93.3;0.0;BEAR;SELL;OFF;0.75;37.19;13.88;24.73;4422.55;4441.88;4450.47;4459.06;4467.66;4476.25
2026.01.08 16:00:00;XAUUSD;PERIOD_M15;LIVE;VALID;SELL;4423.33;2026.01.08 16:15:00;4427.70;-437.0;1;LOSS;NEXT_SIGNAL;2026.01.08 16:30:00;4427.81;-448.0;2;LOSS;REV;YES;;;;8.76;34;4426.18;4426.18;-0.3;0.0;BEAR;SELL;OFF;0.76;37.98;10.43;26.50;4434.27;4414.57;4405.82;4397.06;4388.31;4379.55
2026.01.08 16:15:00;XAUUSD;PERIOD_M15;LIVE;VALID;BUY;4427.70;2026.01.08 20:45:00;4449.53;2183.0;18;WIN;NEXT_SIGNAL;2026.01.08 21:00:00;4449.46;2176.0;19;WIN;REV;YES;;;;9.24;34;4426.51;4426.23;28.6;0.0;BEAR;SELL;OFF;0.82;37.23;11.74;22.97;4416.15;4436.94;4446.18;4455.42;4464.66;4473.90
2026.01.08 20:45:00;XAUUSD;PERIOD_M15;LIVE;VALID;SELL;4449.53;2026.01.08 22:15:00;4469.93;-2040.0;6;LOSS;NEXT_SIGNAL;2026.01.08 22:30:00;4470.73;-2120.0;7;LOSS;REV;YES;;;;7.61;34;4454.01;4454.36;-34.6;0.0;BEAR;SELL;OFF;0.78;31.61;13.46;14.95;4459.04;4441.92;4434.32;4426.71;4419.10;4411.49
2026.01.08 22:15:00;XAUUSD;PERIOD_M15;LIVE;VALID;BUY;4469.93;2026.01.09 02:30:00;4467.65;-228.0;13;LOSS;NEXT_SIGNAL;2026.01.09 02:45:01;4467.72;-221.0;14;LOSS;REV;YES;;;;6.61;34;4456.78;4455.58;120.7;0.0;BULL NOISE;BUY;OFF;0.73;28.11;32.30;13.26;4461.67;4476.54;4483.15;4489.76;4496.37;4502.98
2026.01.09 02:30:00;XAUUSD;PERIOD_M15;LIVE;VALID;SELL;4467.65;2026.01.09 04:30:00;4473.21;-556.0;8;LOSS;NEXT_SIGNAL;2026.01.09 04:45:00;4473.53;-588.0;9;LOSS;REV;YES;;;;6.01;34;4471.05;4471.33;-27.7;0.0;BULL;BUY;OFF;0.87;30.54;14.16;23.58;4475.16;4461.64;4455.63;4449.62;4443.61;4437.60
2026.01.09 04:30:00;XAUUSD;PERIOD_M15;LIVE;VALID;BUY;4473.21;2026.01.09 05:00:00;4464.23;-898.0;2;LOSS;NEXT_SIGNAL;2026.01.09 05:15:01;4464.18;-903.0;3;LOSS;REV;YES;;;;6.50;34;4469.08;4468.85;22.4;0.0;BULL;BUY;OFF;0.89;28.23;22.55;16.15;4465.08;4479.71;4486.21;4492.71;4499.21;4505.71
2026.01.09 05:00:00;XAUUSD;PERIOD_M15;LIVE;VALID;SELL;4464.23;2026.01.09 07:45:00;4467.99;-376.0;11;LOSS;NEXT_SIGNAL;2026.01.09 08:00:00;4468.82;-459.0;12;LOSS;REV;YES;;;;7.22;34;4468.07;4468.13;-5.9;-14.0;BULL;BUY;OFF;0.82;23.18;16.94;21.78;4473.26;4457.01;4449.78;4442.56;4435.33;4428.11
2026.01.09 07:45:00;XAUUSD;PERIOD_M15;LIVE;VALID;BUY;4467.99;2026.01.09 12:15:00;4468.96;97.0;18;WIN;NEXT_SIGNAL;2026.01.09 12:30:00;4469.01;102.0;19;WIN;REV;YES;;;;5.23;34;4465.56;4465.35;21.4;0.0;BULL;BUY;OFF;0.87;19.46;19.67;16.16;4461.45;4473.22;4478.45;4483.68;4488.91;4494.14
2026.01.09 12:15:00;XAUUSD;PERIOD_M15;LIVE;VALID;SELL;4468.96;2026.01.09 13:45:00;4475.36;-640.0;6;LOSS;NEXT_SIGNAL;2026.01.09 14:00:00;4475.71;-675.0;7;LOSS;REV;YES;;;;5.08;34;4471.06;4471.38;-31.9;0.0;BULL;BUY;OFF;0.87;15.89;16.51;20.23;4475.32;4463.88;4458.79;4453.71;4448.62;4443.54
2026.01.09 13:45:00;XAUUSD;PERIOD_M15;LIVE;VALID;BUY;4475.36;2026.01.09 14:15:00;4467.68;-768.0;2;LOSS;NEXT_SIGNAL;2026.01.09 14:30:00;4467.73;-763.0;3;LOSS;REV;YES;;;;4.81;34;4471.97;4471.54;42.5;0.0;BULL;BUY;OFF;0.96;13.42;18.23;16.87;4469.34;4480.17;4484.98;4489.80;4494.61;4499.42
2026.01.09 14:15:00;XAUUSD;PERIOD_M15;LIVE;VALID;SELL;4467.68;2026.01.09 15:30:00;4486.88;-1920.0;5;LOSS;NEXT_SIGNAL;2026.01.09 15:45:00;4487.26;-1958.0;6;LOSS;REV;YES;;;;5.04;34;4471.37;4471.42;-5.5;0.0;BULL;BUY;OFF;0.89;13.12;19.56;21.32;4473.97;4462.64;4457.61;4452.57;4447.54;4442.50
2026.01.09 15:30:00;XAUUSD;PERIOD_M15;LIVE;VALID;BUY;4486.88;2026.01.09 19:45:00;4484.51;-237.0;17;LOSS;NEXT_SIGNAL;2026.01.09 20:00:00;4484.41;-247.0;18;LOSS;REV;YES;;;;8.21;34;4473.59;4471.88;171.2;0.0;BULL;BUY;OFF;0.85;13.48;22.04;17.73;4476.61;4495.09;4503.30;4511.52;4519.73;4527.94
2026.01.09 19:45:00;XAUUSD;PERIOD_M15;LIVE;VALID;SELL;4484.51;2026.01.09 22:00:00;4506.68;-2217.0;9;LOSS;NEXT_SIGNAL;2026.01.09 22:15:00;4507.06;-2255.0;10;LOSS;REV;YES;;;;11.06;34;4499.48;4500.59;-110.6;0.0;BULL NOISE;BUY;OFF;0.93;28.62;15.37;20.86;4498.33;4473.45;4462.40;4451.34;4440.28;4429.23
2026.01.09 22:00:00;XAUUSD;PERIOD_M15;LIVE;VALID;BUY;4506.68;2026.01.12 06:00:00;4568.63;6195.0;28;WIN;NEXT_SIGNAL;2026.01.12 06:15:00;4568.68;6200.0;29;WIN;REV;YES;;;;8.19;34;4499.81;4499.49;32.0;0.0;BULL;BUY;OFF;0.88;24.98;27.28;11.05;4496.44;4514.87;4523.07;4531.26;4539.46;4547.65
2026.01.12 06:00:00;XAUUSD;PERIOD_M15;LIVE;VALID;SELL;4568.63;2026.01.12 07:30:00;4581.70;-1307.0;6;LOSS;NEXT_SIGNAL;2026.01.12 07:45:00;4582.10;-1347.0;7;LOSS;REV;YES;;;;9.76;34;4572.69;4573.57;-87.9;0.0;BULL;BUY;OFF;0.88;31.76;14.52;24.53;4580.83;4558.87;4549.11;4539.35;4529.59;4519.83
2026.01.12 07:30:00;XAUUSD;PERIOD_M15;LIVE;VALID;BUY;4581.70;2026.01.12 13:15:00;4585.20;350.0;23;WIN;NEXT_SIGNAL;2026.01.12 13:30:00;4585.21;351.0;24;WIN;REV;YES;;;;7.18;34;4573.19;4572.94;24.3;14.0;BULL;BUY;OFF;0.95;25.21;25.78;15.15;4572.73;4588.88;4596.06;4603.24;4610.42;4617.60
2026.01.12 13:15:00;XAUUSD;PERIOD_M15;LIVE;VALID;SELL;4585.20;2026.01.12 15:00:00;4606.45;-2125.0;7;LOSS;NEXT_SIGNAL;2026.01.12 15:15:00;4606.80;-2160.0;8;LOSS;REV;YES;;;;6.81;34;4590.12;4590.30;-17.2;0.0;BULL;BUY;OFF;0.92;19.05;11.50;20.47;4593.72;4578.39;4571.57;4564.76;4557.95;4551.14
2026.01.12 15:00:00;XAUUSD;PERIOD_M15;LIVE;VALID;BUY;4606.45;2026.01.12 20:00:00;4608.57;212.0;20;WIN;NEXT_SIGNAL;2026.01.12 20:15:00;4607.56;111.0;21;WIN;REV;YES;;;;7.82;34;4591.61;4590.43;118.2;14.0;BULL;BUY;OFF;0.82;27.53;33.08;12.83;4596.67;4614.27;4622.10;4629.92;4637.74;4645.56
2026.01.12 20:00:00;XAUUSD;PERIOD_M15;LIVE;VALID;SELL;4608.57;2026.01.13 04:45:00;4594.21;1436.0;31;WIN;NEXT_SIGNAL;2026.01.13 05:00:00;4594.37;1420.0;32;WIN;REV;YES;;;;9.67;34;4614.15;4614.72;-56.6;0.0;BULL;BUY;OFF;0.94;22.16;15.25;17.33;4620.66;4598.90;4589.23;4579.56;4569.88;4560.21
2026.01.13 04:45:00;XAUUSD;PERIOD_M15;LIVE;VALID;BUY;4594.21;2026.01.13 08:00:00;4590.25;-396.0;13;LOSS;NEXT_SIGNAL;2026.01.13 08:15:00;4590.31;-390.0;14;LOSS;REV;YES;;;;9.14;34;4587.78;4587.38;40.7;0.0;BULL;BUY;OFF;0.75;25.71;21.78;11.26;4582.78;4603.35;4612.49;4621.63;4630.78;4639.92
2026.01.13 08:00:00;XAUUSD;PERIOD_M15;LIVE;VALID;SELL;4590.25;2026.01.13 10:45:00;4592.66;-241.0;11;LOSS;NEXT_SIGNAL;2026.01.13 11:00:00;4593.06;-281.0;12;LOSS;REV;YES;;;;5.67;34;4594.10;4594.31;-20.0;0.0;BULL;BUY;OFF;0.86;21.89;13.90;26.22;4597.34;4584.58;4578.90;4573.23;4567.56;4561.89
2026.01.13 10:45:00;XAUUSD;PERIOD_M15;LIVE;VALID;BUY;4592.66;2026.01.13 12:15:00;4584.54;-812.0;6;LOSS;NEXT_SIGNAL;2026.01.13 12:30:00;4584.32;-834.0;7;LOSS;REV;YES;;;;8.02;34;4588.64;4587.77;87.2;0.0;BEAR;SELL;OFF;0.87;24.50;20.82;13.52;4582.63;4600.68;4608.70;4616.73;4624.75;4632.77
2026.01.13 12:15:00;XAUUSD;PERIOD_M15;LIVE;VALID;SELL;4584.54;2026.01.13 14:45:00;4593.26;-872.0;10;LOSS;NEXT_SIGNAL;2026.01.13 15:00:00;4593.57;-903.0;11;LOSS;REV;YES;;;;6.63;34;4587.04;4587.16;-11.8;0.0;BEAR;SELL;OFF;0.85;25.76;8.82;23.15;4592.82;4577.91;4571.29;4564.66;4558.04;4551.41
2026.01.13 14:45:00;XAUUSD;PERIOD_M15;LIVE;VALID;BUY;4593.26;2026.01.13 18:15:00;4598.35;509.0;14;WIN;NEXT_SIGNAL;2026.01.13 18:30:00;4598.33;507.0;15;WIN;REV;YES;;;;5.91;34;4587.10;4587.02;8.9;0.0;BEAR NOISE;SELL;OFF;0.91;20.21;23.89;20.07;4585.87;4599.17;4605.08;4610.99;4616.91;4622.82
2026.01.13 18:15:00;XAUUSD;PERIOD_M15;LIVE;VALID;SELL;4598.35;2026.01.14 01:15:00;4597.27;108.0;24;WIN;NEXT_SIGNAL;2026.01.14 01:30:00;4597.54;81.0;25;WIN;REV;YES;;;;13.67;34;4611.39;4611.65;-26.4;-14.0;BULL NOISE;BUY;OFF;0.80;24.11;19.28;26.41;4615.43;4584.68;4571.02;4557.35;4543.69;4530.02
2026.01.14 01:15:00;XAUUSD;PERIOD_M15;LIVE;VALID;BUY;4597.27;2026.01.14 10:15:00;4624.97;2770.0;36;WIN;NEXT_SIGNAL;2026.01.14 10:30:00;4624.90;2763.0;37;WIN;REV;YES;;;;8.32;34;4591.53;4591.08;45.2;0.0;BULL;BUY;OFF;0.78;32.93;16.76;12.07;4586.87;4605.59;4613.91;4622.23;4630.54;4638.86
2026.01.14 10:15:00;XAUUSD;PERIOD_M15;LIVE;VALID;SELL;4624.97;2026.01.14 11:00:00;4638.21;-1324.0;3;LOSS;NEXT_SIGNAL;2026.01.14 11:15:00;4638.56;-1359.0;4;LOSS;REV;YES;;;;8.67;34;4630.56;4631.46;-90.5;0.0;BULL;BUY;OFF;0.91;28.85;11.08;21.37;4635.81;4616.30;4607.62;4598.95;4590.27;4581.60
2026.01.14 11:00:00;XAUUSD;PERIOD_M15;LIVE;VALID;BUY;4638.21;2026.01.14 11:45:00;4630.28;-793.0;3;LOSS;NEXT_SIGNAL;2026.01.14 12:00:00;4630.25;-796.0;4;LOSS;REV;YES;;;;8.49;34;4633.24;4632.64;60.2;14.0;BULL;BUY;OFF;0.88;25.58;24.56;13.91;4627.59;4646.70;4655.20;4663.69;4672.18;4680.68
2026.01.14 11:45:00;XAUUSD;PERIOD_M15;LIVE;VALID;SELL;4630.28;2026.01.14 12:15:00;4635.11;-483.0;2;LOSS;NEXT_SIGNAL;2026.01.14 12:30:00;4635.44;-516.0;3;LOSS;REV;YES;;;;6.78;34;4632.18;4632.50;-31.6;0.0;BULL;BUY;OFF;0.83;20.79;17.98;19.65;4638.75;4623.50;4616.73;4609.95;4603.17;4596.40
2026.01.14 12:15:00;XAUUSD;PERIOD_M15;LIVE;VALID;BUY;4635.11;2026.01.14 13:15:00;4630.18;-493.0;4;LOSS;NEXT_SIGNAL;2026.01.14 13:30:00;4630.20;-491.0;5;LOSS;REV;YES;;;;6.49;34;4632.73;4632.67;5.9;0.0;BULL;BUY;OFF;0.75;19.54;26.61;14.76;4627.00;4641.60;4648.09;4654.58;4661.08;4667.57
2026.01.14 13:15:00;XAUUSD;PERIOD_M15;LIVE;VALID;SELL;4630.18;2026.01.14 14:15:00;4635.97;-579.0;4;LOSS;NEXT_SIGNAL;2026.01.14 14:30:00;4636.32;-614.0;5;LOSS;REV;YES;;;;6.57;34;4632.93;4632.95;-1.8;0.0;BULL;BUY;OFF;0.90;19.04;16.80;14.02;4638.40;4623.61;4617.04;4610.46;4603.89;4597.32
2026.01.14 14:15:00;XAUUSD;PERIOD_M15;LIVE;VALID;BUY;4635.97;2026.01.14 15:15:00;4631.40;-457.0;4;LOSS;NEXT_SIGNAL;2026.01.14 15:30:00;4631.50;-447.0;5;LOSS;REV;YES;;;;6.01;34;4633.44;4633.03;40.9;0.0;BULL;BUY;OFF;0.92;17.59;20.19;13.64;4628.45;4641.98;4647.99;4654.01;4660.02;4666.03
2026.01.14 15:15:00;XAUUSD;PERIOD_M15;LIVE;BLOCKED;SELL;4631.40;2026.01.14 15:30:00;4636.66;-526.0;1;LOSS;NEXT_SIGNAL;;;;;;;NO;MARKET;SPREAD;;6.72;63;4632.96;4633.20;-23.9;0.0;BULL;BUY;OFF;0.93;17.85;16.06;12.89;4639.80;4624.68;4617.96;4611.24;4604.52;4597.80
2026.01.14 15:30:00;XAUUSD;PERIOD_M15;LIVE;VALID;BUY;4636.66;2026.01.14 16:30:00;4618.94;-1772.0;4;LOSS;NEXT_SIGNAL;2026.01.14 16:45:00;4618.87;-1779.0;5;LOSS;REV;YES;;;;7.35;34;4633.78;4633.51;26.9;0.0;BULL;BUY;OFF;0.94;15.87;13.92;14.77;4627.47;4644.01;4651.36;4658.72;4666.07;4673.42
2026.01.14 16:30:00;XAUUSD;PERIOD_M15;LIVE;VALID;SELL;4618.94;2026.01.14 20:15:00;4628.22;-928.0;15;LOSS;NEXT_SIGNAL;2026.01.14 20:30:00;4628.58;-964.0;16;LOSS;REV;YES;;;;8.94;34;4631.00;4632.58;-158.4;0.0;BULL NOISE;BUY;OFF;0.90;15.17;9.66;19.09;4630.11;4610.00;4601.06;4592.12;4583.18;4574.24
2026.01.14 20:15:00;XAUUSD;PERIOD_M15;LIVE;VALID;BUY;4628.22;2026.01.14 23:15:00;4622.22;-600.0;12;LOSS;NEXT_SIGNAL;2026.01.14 23:30:00;4622.26;-596.0;13;LOSS;REV;YES;;;;10.44;34;4618.69;4617.73;95.8;0.0;BULL;BUY;OFF;0.75;21.03;29.52;16.42;4615.16;4638.66;4649.11;4659.55;4670.00;4680.44
2026.01.14 23:15:00;XAUUSD;PERIOD_M15;LIVE;VALID;SELL;4622.22;2026.01.15 08:00:00;4605.40;1682.0;31;WIN;NEXT_SIGNAL;2026.01.15 08:15:00;4605.73;1649.0;32;WIN;REV;YES;;;;8.01;43;4628.64;4629.45;-80.7;0.0;BULL NOISE;BUY;OFF;0.82;25.60;12.30;21.09;4632.23;4614.21;4606.21;4598.20;4590.19;4582.18
2026.01.15 08:00:00;XAUUSD;PERIOD_M15;LIVE;VALID;BUY;4605.40;2026.01.15 15:00:00;4611.60;620.0;28;WIN;NEXT_SIGNAL;2026.01.15 15:15:00;4611.49;609.0;29;WIN;REV;YES;;;;10.37;34;4595.57;4595.06;51.6;14.0;BULL;BUY;OFF;0.87;40.46;18.61;18.54;4592.43;4615.77;4626.15;4636.52;4646.89;4657.27
2026.01.15 15:00:00;XAUUSD;PERIOD_M15;LIVE;VALID;SELL;4611.60;2026.01.15 17:15:00;4616.40;-480.0;9;LOSS;NEXT_SIGNAL;2026.01.15 17:30:00;4616.72;-512.0;10;LOSS;REV;YES;;;;4.99;34;4614.91;4614.96;-5.4;-14.0;BULL;BUY;OFF;0.89;28.98;12.10;20.84;4617.84;4606.61;4601.61;4596.62;4591.63;4586.64
2026.01.15 17:15:00;XAUUSD;PERIOD_M15;LIVE;VALID;BUY;4616.40;2026.01.15 22:00:00;4605.63;-1077.0;19;LOSS;NEXT_SIGNAL;2026.01.15 22:15:00;4605.62;-1078.0;20;LOSS;REV;YES;;;;9.67;34;4608.66;4608.02;64.8;0.0;BEAR NOISE;SELL;OFF;0.91;24.94;23.86;15.34;4604.31;4626.07;4635.74;4645.41;4655.07;4664.74
2026.01.15 22:00:00;XAUUSD;PERIOD_M15;LIVE;VALID;SELL;4605.63;2026.01.16 01:00:00;4613.86;-823.0;8;LOSS;NEXT_SIGNAL;2026.01.16 01:15:00;4614.39;-876.0;9;LOSS;REV;YES;;;;5.20;34;4614.08;4614.67;-58.8;-14.0;BEAR;SELL;OFF;0.87;24.20;15.19;29.16;4612.13;4600.43;4595.23;4590.03;4584.84;4579.64
2026.01.16 01:00:00;XAUUSD;PERIOD_M15;LIVE;VALID;BUY;4613.86;2026.01.16 01:15:00;4608.93;-493.0;1;LOSS;NEXT_SIGNAL;2026.01.16 01:30:00;4608.94;-492.0;2;LOSS;REV;YES;;;;5.37;43;4613.21;4613.08;12.6;0.0;BEAR;SELL;OFF;0.87;25.79;26.86;11.73;4607.15;4619.23;4624.59;4629.96;4635.33;4640.70
2026.01.16 01:15:00;XAUUSD;PERIOD_M15;LIVE;VALID;SELL;4608.93;2026.01.16 06:45:00;4601.07;786.0;22;WIN;NEXT_SIGNAL;2026.01.16 07:00:00;4601.42;751.0;23;WIN;REV;YES;;;;5.50;34;4612.26;4612.61;-35.7;0.0;BEAR;SELL;OFF;0.88;23.26;23.28;20.30;4615.81;4603.43;4597.92;4592.42;4586.92;4581.41
2026.01.16 06:45:00;XAUUSD;PERIOD_M15;LIVE;VALID;BUY;4601.07;2026.01.16 07:00:00;4596.44;-463.0;1;LOSS;NEXT_SIGNAL;2026.01.16 07:15:00;4596.38;-469.0;2;LOSS;REV;YES;;;;5.23;34;4598.97;4598.87;10.1;0.0;BEAR;SELL;OFF;0.95;27.84;19.63;14.36;4594.54;4606.30;4611.52;4616.75;4621.97;4627.20
2026.01.16 07:00:00;XAUUSD;PERIOD_M15;LIVE;VALID;SELL;4596.44;2026.01.16 07:15:00;4601.22;-478.0;1;LOSS;NEXT_SIGNAL;2026.01.16 07:30:00;4601.45;-501.0;2;LOSS;REV;YES;;;;5.15;34;4598.41;4598.52;-10.7;0.0;BEAR;SELL;OFF;0.95;25.34;17.02;20.42;4602.87;4591.29;4586.14;4581.00;4575.85;4570.70
2026.01.16 07:15:00;XAUUSD;PERIOD_M15;LIVE;VALID;BUY;4601.22;2026.01.16 11:15:00;4601.12;-10.0;16;LOSS;NEXT_SIGNAL;2026.01.16 11:30:00;4601.10;-12.0;17;LOSS;REV;YES;;;;5.13;34;4599.03;4598.66;37.2;0.0;BEAR;SELL;OFF;0.89;23.03;15.08;17.70;4594.81;4606.35;4611.48;4616.61;4621.74;4626.87
2026.01.16 11:15:00;XAUUSD;PERIOD_M15;LIVE;VALID;SELL;4601.12;2026.01.16 12:15:00;4607.44;-632.0;4;LOSS;NEXT_SIGNAL;2026.01.16 12:30:00;4607.76;-664.0;5;LOSS;REV;YES;;;;7.62;34;4603.61;4603.97;-36.1;0.0;BEAR;SELL;OFF;0.66;14.69;10.13;18.26;4610.65;4593.50;4585.87;4578.25;4570.62;4563.00
2026.01.16 12:15:00;XAUUSD;PERIOD_M15;LIVE;VALID;BUY;4607.44;2026.01.16 12:45:00;4600.16;-728.0;2;LOSS;NEXT_SIGNAL;2026.01.16 13:00:00;4600.24;-720.0;3;LOSS;REV;YES;;;;6.79;34;4604.61;4604.30;31.5;0.0;BEAR;SELL;OFF;0.70;19.21;22.49;12.06;4598.95;4614.23;4621.03;4627.82;4634.61;4641.41
2026.01.16 12:45:00;XAUUSD;PERIOD_M15;LIVE;VALID;SELL;4600.16;2026.01.16 13:00:00;4606.38;-622.0;1;LOSS;NEXT_SIGNAL;2026.01.16 13:15:00;4606.65;-649.0;2;LOSS;REV;YES;;;;6.15;34;4604.10;4604.16;-5.6;0.0;BEAR;SELL;OFF;0.70;18.93;16.89;19.67;4607.84;4594.01;4587.87;4581.72;4575.57;4569.43
2026.01.16 13:00:00;XAUUSD;PERIOD_M15;LIVE;VALID;BUY;4606.38;2026.01.16 14:45:00;4601.74;-464.0;7;LOSS;NEXT_SIGNAL;2026.01.16 15:00:00;4601.80;-458.0;8;LOSS;REV;YES;;;;5.95;34;4604.61;4604.39;21.8;0.0;BEAR;SELL;OFF;0.71;18.15;14.64;19.03;4598.94;4612.33;4618.28;4624.23;4630.18;4636.13
2026.01.16 14:45:00;XAUUSD;PERIOD_M15;LIVE;VALID;SELL;4601.74;2026.01.16 16:45:00;4607.79;-605.0;8;LOSS;NEXT_SIGNAL;2026.01.16 17:00:00;4608.11;-637.0;9;LOSS;REV;YES;;;;5.67;34;4606.30;4606.60;-30.3;-14.0;BEAR;SELL;OFF;0.77;23.34;14.46;34.82;4608.83;4596.07;4590.40;4584.73;4579.06;4573.39
2026.01.16 16:45:00;XAUUSD;PERIOD_M15;LIVE;VALID;BUY;4607.79;2026.01.16 17:15:00;4565.02;-4277.0;2;LOSS;NEXT_SIGNAL;2026.01.16 17:30:00;4564.93;-4286.0;3;LOSS;REV;YES;;;;9.04;34;4604.03;4603.74;29.0;14.0;BEAR;SELL;OFF;0.87;22.80;20.54;16.84;4596.49;4616.83;4625.87;4634.90;4643.94;4652.98
2026.01.16 17:15:00;XAUUSD;PERIOD_M15;LIVE;VALID;SELL;4565.02;2026.01.16 20:30:00;4595.25;-3023.0;13;LOSS;NEXT_SIGNAL;2026.01.16 20:45:00;4595.68;-3066.0;14;LOSS;REV;YES;;;;13.01;34;4597.42;4600.96;-354.1;-26.6;BEAR;SELL;OFF;0.83;20.76;20.62;23.49;4581.29;4552.01;4539.00;4525.98;4512.97;4499.96
2026.01.16 20:30:00;XAUUSD;PERIOD_M15;LIVE;VALID;BUY;4595.25;2026.01.16 21:15:00;4583.97;-1128.0;3;LOSS;NEXT_SIGNAL;2026.01.16 21:30:00;4583.92;-1133.0;4;LOSS;REV;YES;;;;16.65;32;4587.97;4587.33;64.2;0.0;BEAR;SELL;OFF;0.83;18.32;25.19;11.52;4574.43;4611.90;4628.56;4645.21;4661.87;4678.52
2026.01.16 21:15:00;XAUUSD;PERIOD_M15;LIVE;VALID;SELL;4583.97;2026.01.16 21:30:00;4589.13;-516.0;1;LOSS;NEXT_SIGNAL;2026.01.16 21:45:00;4589.75;-578.0;2;LOSS;REV;YES;;;;10.91;32;4585.64;4585.70;-6.2;-14.0;BEAR;SELL;OFF;0.84;15.24;16.40;14.18;4597.61;4573.06;4562.15;4551.23;4540.32;4529.41
2026.01.16 21:30:00;XAUUSD;PERIOD_M15;LIVE;VALID;BUY;4589.13;2026.01.16 22:45:00;4581.82;-731.0;5;LOSS;NEXT_SIGNAL;2026.01.16 23:00:00;4581.80;-733.0;6;LOSS;REV;YES;;;;9.67;34;4586.41;4585.87;54.0;14.0;BEAR;SELL;OFF;0.84;17.40;23.56;12.29;4577.05;4598.80;4608.46;4618.13;4627.80;4637.46
2026.01.16 22:45:00;XAUUSD;PERIOD_M15;LIVE;VALID;SELL;4581.82;2026.01.16 23:15:00;4592.34;-1052.0;2;LOSS;NEXT_SIGNAL;2026.01.16 23:30:00;4592.68;-1086.0;3;LOSS;REV;YES;;;;7.62;34;4586.29;4586.78;-48.2;0.0;BEAR;SELL;OFF;0.87;19.53;18.51;18.88;4591.35;4574.20;4566.57;4558.95;4551.32;4543.70
2026.01.16 23:15:00;XAUUSD;PERIOD_M15;LIVE;VALID;BUY;4592.34;2026.01.19 04:45:00;4662.43;7009.0;18;WIN;NEXT_SIGNAL;2026.01.19 05:00:00;4662.39;7005.0;19;WIN;REV;YES;;;;7.80;40;4587.66;4587.17;48.9;0.0;BEAR;SELL;OFF;0.83;18.87;26.72;14.18;4582.59;4600.14;4607.95;4615.75;4623.55;4631.35
2026.01.19 04:45:00;XAUUSD;PERIOD_M15;LIVE;VALID;SELL;4662.43;2026.01.19 07:00:00;4669.43;-700.0;9;LOSS;NEXT_SIGNAL;2026.01.19 07:15:01;4669.74;-731.0;10;LOSS;REV;YES;;;;11.92;34;4660.65;4661.28;-63.2;0.0;BULL;BUY;OFF;0.96;19.71;12.06;13.52;4677.34;4650.51;4638.58;4626.66;4614.73;4602.81
2026.01.19 07:00:00;XAUUSD;PERIOD_M15;LIVE;VALID;BUY;4669.43;2026.01.19 10:30:00;4667.71;-172.0;14;LOSS;NEXT_SIGNAL;2026.01.19 10:45:00;4667.74;-169.0;15;LOSS;REV;YES;;;;6.62;34;4663.81;4663.10;70.9;14.0;BULL;BUY;OFF;0.93;18.27;27.27;14.62;4661.16;4676.05;4682.67;4689.29;4695.91;4702.53
2026.01.19 10:30:00;XAUUSD;PERIOD_M15;LIVE;VALID;SELL;4667.71;2026.01.19 12:00:00;4670.21;-250.0;6;LOSS;NEXT_SIGNAL;2026.01.19 12:15:00;4670.52;-281.0;7;LOSS;REV;YES;;;;6.26;34;4668.26;4668.39;-13.6;0.0;BULL;BUY;OFF;0.84;15.93;17.91;17.48;4675.53;4661.45;4655.20;4648.94;4642.68;4636.43
2026.01.19 12:00:00;XAUUSD;PERIOD_M15;LIVE;VALID;BUY;4670.21;2026.01.19 12:15:00;4665.77;-444.0;1;LOSS;NEXT_SIGNAL;2026.01.19 12:30:00;4665.66;-455.0;2;LOSS;REV;YES;;;;6.17;34;4668.60;4668.53;6.9;0.0;BULL;BUY;OFF;0.97;12.27;12.57;13.85;4662.50;4676.38;4682.55;4688.72;4694.88;4701.05
2026.01.19 12:15:00;XAUUSD;PERIOD_M15;LIVE;VALID;SELL;4665.77;2026.01.19 14:30:00;4671.54;-577.0;9;LOSS;NEXT_SIGNAL;2026.01.19 14:45:03;4671.91;-614.0;10;LOSS;REV;YES;;;;6.10;34;4667.97;4668.25;-27.8;0.0;BULL;BUY;OFF;0.97;12.71;10.90;14.90;4673.39;4659.67;4653.58;4647.48;4641.38;4635.28
2026.01.19 14:30:00;XAUUSD;PERIOD_M15;LIVE;VALID;BUY;4671.54;2026.01.19 16:45:00;4666.46;-508.0;9;LOSS;NEXT_SIGNAL;2026.01.19 17:00:00;4666.41;-513.0;10;LOSS;REV;YES;;;;5.43;32;4667.28;4666.56;72.5;14.0;BULL;BUY;OFF;0.92;31.04;19.93;9.21;4664.75;4676.97;4682.40;4687.84;4693.27;4698.70
2026.01.19 16:45:00;XAUUSD;PERIOD_M15;LIVE;VALID;SELL;4666.46;2026.01.19 17:30:00;4670.20;-374.0;3;LOSS;NEXT_SIGNAL;2026.01.19 17:45:00;4670.53;-407.0;4;LOSS;REV;YES;;;;5.41;34;4667.35;4667.52;-17.0;0.0;BULL;BUY;OFF;0.79;18.85;12.76;13.77;4673.22;4661.05;4655.64;4650.23;4644.82;4639.41
2026.01.19 17:30:00;XAUUSD;PERIOD_M15;LIVE;VALID;BUY;4670.20;2026.01.20 03:30:00;4673.10;290.0;27;WIN;NEXT_SIGNAL;2026.01.20 01:00:02;4671.99;179.0;17;WIN;REV;YES;;;;5.14;34;4667.95;4667.90;4.9;14.0;BULL;BUY;OFF;0.75;18.26;17.45;9.75;4663.78;4675.34;4680.48;4685.62;4690.75;4695.89
2026.01.20 03:30:00;XAUUSD;PERIOD_M15;LIVE;VALID;BUY;4673.10;2026.01.20 14:30:00;4726.46;5336.0;44;WIN;NEXT_SIGNAL;2026.01.20 14:45:00;4726.31;5321.0;45;WIN;REV;NO;POSITION_ACTIVE;;;5.95;34;4668.36;4668.33;3.1;0.0;BULL;BUY;OFF;0.83;20.08;23.54;9.83;4665.66;4679.05;4685.00;4690.96;4696.91;4702.86
2026.01.20 14:30:00;XAUUSD;PERIOD_M15;LIVE;VALID;SELL;4726.46;2026.01.20 15:45:00;4737.00;-1054.0;5;LOSS;NEXT_SIGNAL;2026.01.20 16:00:00;4737.35;-1089.0;6;LOSS;REV;YES;;;;5.47;34;4728.20;4728.45;-24.7;0.0;BULL;BUY;OFF;0.89;25.42;16.79;25.86;4733.30;4720.99;4715.51;4710.04;4704.57;4699.10
2026.01.20 15:45:00;XAUUSD;PERIOD_M15;LIVE;VALID;BUY;4737.00;2026.01.20 22:30:00;4749.71;1271.0;27;WIN;NEXT_SIGNAL;2026.01.20 22:45:00;4749.77;1277.0;28;WIN;REV;YES;;;;6.55;34;4728.66;4728.22;43.9;0.0;BULL;BUY;OFF;0.89;26.23;21.62;24.10;4728.82;4743.55;4750.09;4756.64;4763.19;4769.73
2026.01.20 22:30:00;XAUUSD;PERIOD_M15;LIVE;VALID;SELL;4749.71;2026.01.21 09:00:00;4837.17;-8746.0;38;LOSS;NEXT_SIGNAL;2026.01.21 01:00:02;4763.53;-1382.0;6;LOSS;REV;YES;;;;6.86;34;4755.81;4756.94;-113.0;0.0;BULL;BUY;OFF;0.82;29.65;13.34;19.55;4758.29;4742.85;4735.98;4729.12;4722.26;4715.39
2026.01.21 09:00:00;XAUUSD;PERIOD_M15;LIVE;VALID;SELL;4837.17;2026.01.21 11:15:00;4875.59;-3842.0;9;LOSS;NEXT_SIGNAL;2026.01.21 11:30:00;4875.90;-3873.0;10;LOSS;REV;NO;POSITION_ACTIVE;;;13.03;34;4857.03;4858.65;-162.4;-14.0;BULL NOISE;BUY;OFF;0.81;42.42;23.15;29.02;4853.46;4824.14;4811.11;4798.08;4785.05;4772.02
2026.01.21 11:15:00;XAUUSD;PERIOD_M15;LIVE;VALID;BUY;4875.59;2026.01.21 16:00:00;4844.85;-3074.0;19;LOSS;NEXT_SIGNAL;2026.01.21 16:15:00;4844.53;-3106.0;20;LOSS;REV;YES;;;;14.48;34;4861.96;4860.31;164.7;14.0;BULL;BUY;OFF;0.77;26.81;28.37;15.16;4857.49;4890.07;4904.56;4919.04;4933.52;4948.01
2026.01.21 16:00:00;XAUUSD;PERIOD_M15;LIVE;VALID;SELL;4844.85;2026.01.21 20:45:00;4850.08;-523.0;19;LOSS;NEXT_SIGNAL;2026.01.21 21:00:00;4850.43;-558.0;20;LOSS;REV;YES;;;;11.03;34;4865.12;4865.60;-48.7;-14.0;BULL NOISE;BUY;OFF;0.68;13.04;20.56;23.20;4858.64;4833.82;4822.79;4811.76;4800.73;4789.70
2026.01.21 20:45:00;XAUUSD;PERIOD_M15;LIVE;VALID;BUY;4850.08;2026.01.21 21:30:00;4765.73;-8435.0;3;LOSS;NEXT_SIGNAL;2026.01.21 21:45:00;4765.93;-8415.0;4;LOSS;REV;YES;;;;15.97;34;4834.98;4834.05;92.9;0.0;BULL;BUY;OFF;0.88;23.13;26.46;14.10;4830.11;4866.05;4882.02;4898.00;4913.97;4929.94
2026.01.21 21:30:00;XAUUSD;PERIOD_M15;LIVE;VALID;SELL;4765.73;2026.01.21 23:15:00;4832.48;-6675.0;7;LOSS;NEXT_SIGNAL;2026.01.21 23:30:00;4832.95;-6722.0;8;LOSS;REV;YES;;;;20.50;34;4818.18;4826.11;-793.2;-26.6;BEAR;SELL;OFF;0.81;21.32;17.67;27.64;4791.36;4745.23;4724.73;4704.23;4683.72;4663.22
2026.01.21 23:15:00;XAUUSD;PERIOD_M15;LIVE;VALID;BUY;4832.48;2026.01.22 01:15:00;4794.96;-3752.0;4;LOSS;NEXT_SIGNAL;2026.01.22 01:30:00;4794.93;-3755.0;5;LOSS;REV;YES;;;;20.32;42;4818.19;4816.41;178.4;14.0;BEAR;SELL;OFF;0.74;26.90;37.95;14.87;4807.08;4852.80;4873.12;4893.45;4913.77;4934.09
2026.01.22 01:15:00;XAUUSD;PERIOD_M15;LIVE;VALID;SELL;4794.96;2026.01.22 05:45:00;4796.55;-159.0;18;LOSS;NEXT_SIGNAL;2026.01.22 06:00:00;4796.93;-197.0;19;LOSS;REV;YES;;;;22.59;34;4815.96;4816.26;-29.5;0.0;BEAR;SELL;OFF;0.82;24.23;22.62;29.01;4823.19;4772.38;4749.79;4727.20;4704.62;4682.03
2026.01.22 05:45:00;XAUUSD;PERIOD_M15;LIVE;VALID;BUY;4796.55;2026.01.22 11:30:00;4816.21;1966.0;23;WIN;NEXT_SIGNAL;2026.01.22 11:45:00;4816.16;1961.0;24;WIN;REV;YES;;;;11.70;34;4792.20;4791.82;38.3;0.0;BEAR;SELL;OFF;0.83;19.15;17.87;15.43;4781.92;4808.25;4819.95;4831.65;4843.35;4855.05
2026.01.22 11:30:00;XAUUSD;PERIOD_M15;LIVE;VALID;SELL;4816.21;2026.01.22 13:30:00;4830.74;-1453.0;8;LOSS;NEXT_SIGNAL;2026.01.22 13:45:00;4831.08;-1487.0;9;LOSS;REV;YES;;;;7.91;34;4826.20;4826.55;-35.0;0.0;BULL NOISE;BUY;OFF;0.92;28.21;21.01;25.56;4826.10;4808.30;4800.38;4792.47;4784.56;4776.64
2026.01.22 13:30:00;XAUUSD;PERIOD_M15;LIVE;VALID;BUY;4830.74;2026.01.22 14:45:00;4819.56;-1118.0;5;LOSS;NEXT_SIGNAL;2026.01.22 15:00:00;4819.90;-1084.0;6;LOSS;REV;YES;;;;6.92;32;4827.69;4827.48;21.0;0.0;BULL;BUY;OFF;0.94;23.56;22.46;13.89;4822.10;4837.65;4844.57;4851.48;4858.40;4865.32
2026.01.22 14:45:00;XAUUSD;PERIOD_M15;LIVE;VALID;SELL;4819.56;2026.01.22 16:30:00;4845.70;-2614.0;7;LOSS;NEXT_SIGNAL;2026.01.22 16:45:00;4846.19;-2663.0;8;LOSS;REV;YES;;;;7.14;34;4826.71;4827.08;-37.2;0.0;BULL NOISE;BUY;OFF;0.82;20.77;18.83;27.78;4828.48;4812.42;4805.28;4798.14;4791.00;4783.86
2026.01.22 16:30:00;XAUUSD;PERIOD_M15;LIVE;VALID;BUY;4845.70;2026.01.23 05:15:00;4943.52;9782.0;47;WIN;NEXT_SIGNAL;2026.01.23 05:30:00;4943.69;9799.0;48;WIN;REV;YES;;;;9.27;34;4829.55;4827.50;205.2;14.0;BULL;BUY;OFF;0.78;18.56;36.49;18.56;4834.12;4854.97;4864.23;4873.50;4882.76;4892.03
2026.01.23 05:15:00;XAUUSD;PERIOD_M15;LIVE;BLOCKED;SELL;4943.52;2026.01.23 06:30:00;4956.87;-1335.0;5;LOSS;NEXT_SIGNAL;;;;;;;NO;MARKET;SPREAD;;11.70;47;4951.17;4951.47;-30.3;0.0;BULL;BUY;OFF;0.77;28.94;25.53;24.23;4958.15;4931.82;4920.12;4908.41;4896.71;4885.01
2026.01.23 06:30:00;XAUUSD;PERIOD_M15;LIVE;VALID;BUY;4956.87;2026.01.23 08:45:00;4953.52;-335.0;9;LOSS;NEXT_SIGNAL;2026.01.23 09:00:00;4953.28;-359.0;10;LOSS;REV;YES;;;;8.05;34;4952.81;4952.45;35.9;0.0;BULL;BUY;OFF;0.90;19.54;24.50;14.02;4946.80;4964.93;4972.98;4981.03;4989.09;4997.14
2026.01.23 08:45:00;XAUUSD;PERIOD_M15;LIVE;VALID;SELL;4953.52;2026.01.23 09:00:00;4955.87;-235.0;1;LOSS;NEXT_SIGNAL;2026.01.23 09:15:00;4956.20;-268.0;2;LOSS;REV;YES;;;;6.26;44;4954.58;4954.67;-9.4;0.0;BULL;BUY;OFF;0.91;26.01;19.40;14.00;4961.34;4947.26;4941.00;4934.74;4928.49;4922.23
2026.01.23 09:00:00;XAUUSD;PERIOD_M15;LIVE;VALID;BUY;4955.87;2026.01.23 09:30:00;4946.14;-973.0;2;LOSS;NEXT_SIGNAL;2026.01.23 09:45:00;4946.21;-966.0;3;LOSS;REV;YES;;;;5.92;32;4954.86;4954.85;1.2;0.0;BULL;BUY;OFF;0.91;26.14;21.11;12.13;4948.47;4961.79;4967.71;4973.63;4979.55;4985.47
2026.01.23 09:30:00;XAUUSD;PERIOD_M15;LIVE;VALID;SELL;4946.14;2026.01.23 13:45:00;4922.73;2341.0;17;WIN;NEXT_SIGNAL;2026.01.23 14:00:00;4923.50;2264.0;18;WIN;REV;YES;;;;6.70;34;4953.26;4954.30;-103.4;0.0;BULL NOISE;BUY;OFF;0.97;24.70;18.15;15.07;4954.52;4939.44;4932.74;4926.04;4919.34;4912.64
2026.01.23 13:45:00;XAUUSD;PERIOD_M15;LIVE;VALID;BUY;4922.73;2026.01.23 20:45:00;4966.51;4378.0;28;WIN;NEXT_SIGNAL;2026.01.23 21:00:00;4966.97;4424.0;29;WIN;REV;YES;;;;10.29;34;4923.04;4922.83;21.1;0.0;BEAR;SELL;OFF;0.89;20.38;20.00;16.28;4909.87;4933.02;4943.31;4953.60;4963.89;4974.18
2026.01.23 20:45:00;XAUUSD;PERIOD_M15;LIVE;VALID;SELL;4966.51;2026.01.23 21:30:00;4978.76;-1225.0;3;LOSS;NEXT_SIGNAL;2026.01.23 21:45:00;4979.08;-1257.0;4;LOSS;REV;YES;;;;12.60;34;4972.16;4972.18;-2.1;0.0;BEAR;SELL;OFF;0.89;32.53;13.71;26.60;4982.26;4953.91;4941.31;4928.71;4916.10;4903.50
2026.01.23 21:30:00;XAUUSD;PERIOD_M15;LIVE;VALID;BUY;4978.76;2026.01.26 06:30:00;5066.96;8820.0;32;WIN;NEXT_SIGNAL;2026.01.26 06:45:01;5067.01;8825.0;33;WIN;REV;YES;;;;10.91;33;4974.77;4974.75;2.6;0.0;BEAR;SELL;OFF;0.85;22.93;20.46;17.32;4965.12;4989.68;5000.59;5011.51;5022.42;5033.34
2026.01.26 06:30:00;XAUUSD;PERIOD_M15;LIVE;VALID;SELL;5066.96;2026.01.26 08:30:00;5092.04;-2508.0;8;LOSS;NEXT_SIGNAL;2026.01.26 08:45:00;5092.75;-2579.0;9;LOSS;REV;YES;;;;11.89;34;5073.92;5074.61;-68.4;0.0;BULL;BUY;OFF;0.83;29.96;12.09;24.33;5081.82;5055.07;5043.18;5031.29;5019.40;5007.51
2026.01.26 08:30:00;XAUUSD;PERIOD_M15;LIVE;VALID;BUY;5092.04;2026.01.26 12:15:00;5087.40;-464.0;15;LOSS;NEXT_SIGNAL;2026.01.26 12:30:00;5087.33;-471.0;16;LOSS;REV;YES;;;;12.41;34;5075.04;5073.57;147.4;0.0;BULL;BUY;OFF;0.80;27.15;23.76;14.16;5076.52;5104.45;5116.87;5129.28;5141.70;5154.11
2026.01.26 12:15:00;XAUUSD;PERIOD_M15;LIVE;VALID;SELL;5087.40;2026.01.26 16:45:00;5096.18;-878.0;18;LOSS;NEXT_SIGNAL;2026.01.26 17:00:00;5096.58;-918.0;19;LOSS;REV;YES;;;;9.87;34;5088.95;5089.28;-33.0;0.0;BULL;BUY;OFF;0.86;18.88;12.91;16.93;5099.74;5077.53;5067.66;5057.79;5047.92;5038.05
2026.01.26 16:45:00;XAUUSD;PERIOD_M15;LIVE;VALID;BUY;5096.18;2026.01.26 20:30:00;5064.10;-3208.0;15;LOSS;NEXT_SIGNAL;2026.01.26 20:45:00;5064.08;-3210.0;16;LOSS;REV;YES;;;;12.67;36;5081.66;5081.46;19.8;0.0;BULL;BUY;OFF;0.87;25.87;22.38;19.89;5080.35;5108.85;5121.52;5134.18;5146.85;5159.52
2026.01.26 20:30:00;XAUUSD;PERIOD_M15;LIVE;VALID;SELL;5064.10;2026.01.27 01:45:00;5043.37;2073.0;17;WIN;NEXT_SIGNAL;2026.01.27 02:00:00;5043.70;2040.0;18;WIN;REV;YES;;;;18.37;36;5083.27;5086.36;-308.7;-14.0;BULL NOISE;BUY;OFF;0.77;14.63;14.94;26.28;5087.06;5045.73;5027.36;5008.99;4990.62;4972.25
2026.01.27 01:45:00;XAUUSD;PERIOD_M15;LIVE;VALID;BUY;5043.37;2026.01.27 07:00:00;5063.49;2012.0;21;WIN;NEXT_SIGNAL;2026.01.27 07:15:00;5063.70;2033.0;22;WIN;REV;YES;;;;22.05;36;5040.09;5039.20;88.7;-14.0;BULL;BUY;OFF;0.90;28.01;26.53;17.13;5015.81;5065.42;5087.46;5109.51;5131.56;5153.61
2026.01.27 07:00:00;XAUUSD;PERIOD_M15;LIVE;VALID;SELL;5063.49;2026.01.27 07:45:00;5082.91;-1942.0;3;LOSS;NEXT_SIGNAL;2026.01.27 08:00:00;5083.30;-1981.0;4;LOSS;REV;YES;;;;11.36;36;5068.03;5068.09;-6.2;0.0;BULL;BUY;OFF;0.85;15.84;10.12;21.27;5077.69;5052.13;5040.78;5029.42;5018.06;5006.71
2026.01.27 07:45:00;XAUUSD;PERIOD_M15;LIVE;VALID;BUY;5082.91;2026.01.27 13:45:00;5076.70;-621.0;24;LOSS;NEXT_SIGNAL;2026.01.27 14:00:00;5076.76;-615.0;25;LOSS;REV;YES;;;;11.11;36;5071.96;5070.56;139.4;14.0;BULL;BUY;OFF;0.82;18.37;25.72;13.85;5069.02;5094.02;5105.13;5116.24;5127.34;5138.45
2026.01.27 13:45:00;XAUUSD;PERIOD_M15;LIVE;VALID;SELL;5076.70;2026.01.27 17:45:00;5090.97;-1427.0;16;LOSS;NEXT_SIGNAL;2026.01.27 18:00:00;5091.47;-1477.0;17;LOSS;REV;YES;;;;8.71;36;5085.09;5086.50;-141.2;-14.0;BULL;BUY;OFF;0.87;21.12;14.54;25.43;5087.59;5067.99;5059.28;5050.57;5041.86;5033.15
2026.01.27 17:45:00;XAUUSD;PERIOD_M15;LIVE;VALID;BUY;5090.97;2026.01.28 11:45:00;5278.00;18703.0;68;WIN;NEXT_SIGNAL;2026.01.28 12:00:00;5278.09;18712.0;69;WIN;REV;YES;;;;17.54;38;5074.98;5074.31;66.8;14.0;BULL;BUY;OFF;0.82;22.43;22.59;15.07;5069.04;5108.51;5126.05;5143.59;5161.14;5178.68
2026.01.28 11:45:00;XAUUSD;PERIOD_M15;LIVE;VALID;SELL;5278.00;2026.01.28 15:00:00;5275.32;268.0;13;WIN;NEXT_SIGNAL;2026.01.28 15:15:00;5275.68;232.0;14;WIN;REV;YES;;;;14.16;38;5279.22;5279.59;-36.9;0.0;BULL;BUY;OFF;0.82;44.26;17.06;18.19;5295.71;5263.84;5249.67;5235.51;5221.34;5207.18
2026.01.28 15:00:00;XAUUSD;PERIOD_M15;LIVE;VALID;BUY;5275.32;2026.01.28 16:00:00;5262.40;-1292.0;4;LOSS;NEXT_SIGNAL;2026.01.28 16:15:00;5262.41;-1291.0;5;LOSS;REV;YES;;;;13.37;38;5270.00;5269.60;40.0;0.0;BULL;BUY;OFF;0.80;22.92;28.35;14.11;5258.61;5288.69;5302.06;5315.43;5328.80;5342.17
2026.01.28 16:00:00;XAUUSD;PERIOD_M15;LIVE;VALID;SELL;5262.40;2026.01.28 16:30:00;5279.15;-1675.0;2;LOSS;NEXT_SIGNAL;2026.01.28 16:45:00;5279.74;-1734.0;3;LOSS;REV;YES;;;;15.57;37;5267.74;5268.03;-28.8;0.0;BULL;BUY;OFF;0.79;18.58;15.99;20.74;5281.86;5246.83;5231.27;5215.70;5200.13;5184.57
2026.01.28 16:30:00;XAUUSD;PERIOD_M15;LIVE;VALID;BUY;5279.15;2026.01.28 21:15:00;5283.30;415.0;19;WIN;NEXT_SIGNAL;2026.01.28 21:30:00;5283.32;417.0;20;WIN;REV;YES;;;;15.75;45;5268.77;5268.10;67.7;0.0;BULL;BUY;OFF;0.78;16.17;17.72;15.58;5259.46;5294.90;5310.65;5326.40;5342.14;5357.89
2026.01.28 21:15:00;XAUUSD;PERIOD_M15;LIVE;BLOCKED;SELL;5283.30;2026.01.28 21:30:00;5310.94;-2764.0;1;LOSS;NEXT_SIGNAL;;;;;;;NO;MARKET;SPREAD;;19.01;46;5289.20;5289.66;-45.9;0.0;BULL;BUY;OFF;0.94;24.29;22.83;12.00;5307.07;5264.29;5245.28;5226.26;5207.25;5188.24
2026.01.28 21:30:00;XAUUSD;PERIOD_M15;LIVE;VALID;BUY;5310.94;2026.01.29 09:30:00;5549.09;23815.0;44;WIN;NEXT_SIGNAL;2026.01.29 09:45:00;5549.09;23815.0;45;WIN;REV;YES;;;;20.20;40;5294.03;5291.99;204.3;14.0;BULL;BUY;OFF;0.87;26.37;24.18;10.40;5285.70;5331.14;5351.33;5371.53;5391.72;5411.92
2026.01.29 09:30:00;XAUUSD;PERIOD_M15;LIVE;VALID;SELL;5549.09;2026.01.29 14:00:00;5535.61;1348.0;18;WIN;NEXT_SIGNAL;2026.01.29 14:15:00;5536.04;1305.0;19;WIN;REV;YES;;;;19.94;34;5557.70;5558.08;-38.5;0.0;BULL;BUY;OFF;0.94;29.93;14.67;20.54;5574.01;5529.15;5509.21;5489.27;5469.33;5449.39
2026.01.29 14:00:00;XAUUSD;PERIOD_M15;LIVE;VALID;BUY;5535.61;2026.01.29 16:45:00;5496.79;-3882.0;11;LOSS;NEXT_SIGNAL;2026.01.29 17:00:00;5496.42;-3919.0;12;LOSS;REV;YES;;;;20.69;42;5518.49;5515.28;322.0;0.0;BEAR;SELL;OFF;0.75;29.16;28.15;15.65;5509.74;5556.30;5577.00;5597.69;5618.38;5639.07
2026.01.29 16:45:00;XAUUSD;PERIOD_M15;LIVE;VALID;SELL;5496.79;2026.01.29 20:00:00;5355.09;14170.0;13;WIN;NEXT_SIGNAL;2026.01.29 20:15:00;5355.50;14129.0;14;WIN;REV;YES;;;;23.30;42;5518.85;5521.18;-233.0;0.0;BEAR;SELL;OFF;0.75;16.61;13.72;18.04;5525.91;5473.49;5450.20;5426.90;5403.60;5380.30
2026.01.29 20:00:00;XAUUSD;PERIOD_M15;LIVE;VALID;BUY;5355.09;2026.01.29 22:00:00;5295.94;-5915.0;8;LOSS;NEXT_SIGNAL;2026.01.29 22:15:00;5295.93;-5916.0;9;LOSS;REV;YES;;;;81.91;42;5330.67;5325.57;510.4;0.0;BEAR;SELL;OFF;0.74;23.49;22.46;15.98;5252.70;5437.00;5518.92;5600.83;5682.75;5764.66
2026.01.29 22:00:00;XAUUSD;PERIOD_M15;LIVE;VALID;SELL;5295.94;2026.01.29 22:30:00;5353.78;-5784.0;2;LOSS;NEXT_SIGNAL;2026.01.29 22:45:00;5354.21;-5827.0;3;LOSS;REV;YES;;;;39.61;42;5314.55;5315.10;-54.9;0.0;BEAR;SELL;OFF;0.80;26.94;7.74;24.78;5345.45;5256.33;5216.72;5177.11;5137.51;5097.90
2026.01.29 22:30:00;XAUUSD;PERIOD_M15;LIVE;VALID;BUY;5353.78;2026.01.30 03:00:00;5310.02;-4376.0;14;LOSS;NEXT_SIGNAL;2026.01.30 03:15:00;5310.10;-4368.0;15;LOSS;REV;YES;;;;39.59;42;5323.85;5322.57;127.3;14.0;BEAR;SELL;OFF;0.80;23.72;19.53;18.61;5304.30;5393.36;5432.95;5472.53;5512.12;5551.70
2026.01.30 03:00:00;XAUUSD;PERIOD_M15;LIVE;VALID;SELL;5310.02;2026.01.30 07:30:00;5232.14;7788.0;18;WIN;NEXT_SIGNAL;2026.01.30 07:45:00;5231.55;7847.0;19;WIN;REV;YES;;;;39.84;42;5391.65;5396.46;-480.7;-14.0;BEAR;SELL;OFF;0.94;28.13;14.89;28.81;5359.83;5270.18;5230.33;5190.49;5150.64;5110.80
2026.01.30 07:30:00;XAUUSD;PERIOD_M15;LIVE;VALID;BUY;5232.14;2026.01.30 08:00:00;5191.04;-4110.0;2;LOSS;NEXT_SIGNAL;2026.01.30 08:15:00;5191.17;-4097.0;3;LOSS;REV;YES;;;;44.23;42;5221.08;5218.00;307.6;-14.0;BEAR;SELL;OFF;0.75;26.03;23.20;16.11;5176.85;5276.38;5320.61;5364.84;5409.08;5453.31
2026.01.30 08:00:00;XAUUSD;PERIOD_M15;LIVE;VALID;SELL;5191.04;2026.01.30 13:15:00;5124.85;6619.0;21;WIN;NEXT_SIGNAL;2026.01.30 13:30:00;5125.29;6575.0;22;WIN;REV;YES;;;;36.47;42;5208.09;5209.00;-90.6;-14.0;BEAR;SELL;OFF;0.76;21.14;17.43;20.51;5236.63;5154.57;5118.10;5081.63;5045.15;5008.68
2026.01.30 13:15:00;XAUUSD;PERIOD_M15;LIVE;VALID;BUY;5124.85;2026.01.30 15:15:00;5026.47;-9838.0;8;LOSS;NEXT_SIGNAL;2026.01.30 15:30:02;5025.17;-9968.0;9;LOSS;REV;YES;;;;57.35;42;5092.78;5086.21;657.2;0.0;BEAR;SELL;OFF;0.81;39.35;21.58;12.99;5053.16;5182.20;5239.56;5296.91;5354.27;5411.62
2026.01.30 15:15:00;XAUUSD;PERIOD_M15;LIVE;BLOCKED;SELL;5026.47;2026.01.30 22:00:00;4899.55;12692.0;27;WIN;NEXT_SIGNAL;;;;;;;NO;MARKET;SPREAD;;40.82;58;5081.04;5087.27;-623.3;-14.0;BEAR;SELL;OFF;0.84;31.98;9.07;28.39;5077.50;4985.65;4944.83;4904.01;4863.19;4822.37
2026.01.30 22:00:00;XAUUSD;PERIOD_M15;LIVE;VALID;BUY;4899.55;2026.01.30 23:00:00;4839.94;-5961.0;4;LOSS;NEXT_SIGNAL;2026.01.30 23:15:00;4839.95;-5960.0;5;LOSS;REV;YES;;;;74.98;42;4894.65;4891.41;324.3;0.0;BEAR;SELL;OFF;0.87;30.78;22.66;26.17;4805.82;4974.53;5049.52;5124.50;5199.49;5274.47
2026.01.30 23:00:00;XAUUSD;PERIOD_M15;LIVE;VALID;SELL;4839.94;2026.02.02 01:00:00;4741.20;9874.0;4;WIN;NEXT_SIGNAL;2026.02.02 01:00:02;4814.48;2546.0;4;WIN;REV;YES;;;;67.89;45;4869.58;4872.20;-262.6;-14.0;BEAR;SELL;OFF;0.91;29.79;12.79;27.65;4924.80;4772.05;4704.17;4636.28;4568.39;4500.51
2026.02.02 01:00:00;XAUUSD;PERIOD_M15;LIVE;VALID;SELL;4741.20;2026.02.02 10:15:00;4646.48;9472.0;37;WIN;NEXT_SIGNAL;2026.02.02 10:30:00;4646.76;9444.0;38;WIN;REV;NO;POSITION_ACTIVE;;;61.01;45;4844.09;4858.80;-1471.2;-26.6;BEAR;SELL;OFF;0.88;23.01;15.79;26.35;4817.46;4680.19;4619.19;4558.18;4497.18;4436.17
2026.02.02 10:15:00;XAUUSD;PERIOD_M15;LIVE;VALID;BUY;4646.48;2026.02.02 15:45:00;4706.00;5952.0;22;WIN;NEXT_SIGNAL;2026.02.02 16:00:00;4706.01;5953.0;23;WIN;REV;YES;;;;66.36;38;4588.57;4578.22;1034.7;0.0;BEAR NOISE;SELL;OFF;0.83;25.93;25.46;17.06;4563.53;4712.84;4779.19;4845.55;4911.91;4978.26
2026.02.02 15:45:00;XAUUSD;PERIOD_M15;LIVE;VALID;SELL;4706.00;2026.02.02 21:45:00;4685.09;2091.0;24;WIN;NEXT_SIGNAL;2026.02.02 22:00:00;4685.90;2010.0;25;WIN;REV;YES;;;;42.83;39;4737.29;4744.14;-684.5;0.0;BEAR;SELL;OFF;0.92;29.52;16.79;19.45;4759.54;4663.16;4620.33;4577.49;4534.66;4491.83
2026.02.02 21:45:00;XAUUSD;PERIOD_M15;LIVE;VALID;BUY;4685.09;2026.02.03 05:00:00;4768.69;8360.0;25;WIN;NEXT_SIGNAL;2026.02.03 05:15:00;4768.68;8359.0;26;WIN;REV;YES;;;;37.17;39;4667.75;4664.94;280.8;0.0;BEAR;SELL;OFF;0.93;18.50;21.30;15.58;4638.62;4722.26;4759.44;4796.61;4833.78;4870.95
2026.02.03 05:00:00;XAUUSD;PERIOD_M15;LIVE;VALID;SELL;4768.69;2026.02.03 06:30:00;4820.55;-5186.0;6;LOSS;NEXT_SIGNAL;2026.02.03 06:45:00;4820.91;-5222.0;7;LOSS;REV;YES;;;;38.21;39;4786.50;4791.46;-496.1;0.0;BEAR;SELL;OFF;0.91;25.43;16.24;22.68;4816.45;4730.48;4692.27;4654.07;4615.86;4577.65
2026.02.03 06:30:00;XAUUSD;PERIOD_M15;LIVE;VALID;BUY;4820.55;2026.02.03 12:45:00;4902.30;8175.0;25;WIN;NEXT_SIGNAL;2026.02.03 13:00:00;4902.71;8216.0;26;WIN;REV;YES;;;;30.93;39;4804.51;4802.37;214.4;0.0;BEAR;SELL;OFF;0.79;19.17;24.17;16.55;4781.89;4851.48;4882.41;4913.34;4944.28;4975.21
2026.02.03 12:45:00;XAUUSD;PERIOD_M15;LIVE;VALID;SELL;4902.30;2026.02.03 15:00:00;4928.47;-2617.0;9;LOSS;NEXT_SIGNAL;2026.02.03 15:15:00;4928.85;-2655.0;10;LOSS;REV;YES;;;;20.68;36;4912.86;4913.94;-107.6;0.0;BEAR;SELL;OFF;0.88;26.13;15.90;17.47;4928.16;4881.62;4860.93;4840.25;4819.56;4798.88
2026.02.03 15:00:00;XAUUSD;PERIOD_M15;LIVE;VALID;BUY;4928.47;2026.02.03 19:45:00;4929.21;74.0;19;WIN;NEXT_SIGNAL;2026.02.03 20:00:00;4928.92;45.0;20;WIN;REV;YES;;;;19.65;36;4915.71;4913.83;187.8;0.0;BEAR;SELL;OFF;0.92;15.05;18.11;12.82;4903.91;4948.12;4967.77;4987.42;5007.07;5026.72
2026.02.03 19:45:00;XAUUSD;PERIOD_M15;LIVE;VALID;SELL;4929.21;2026.02.03 22:30:00;4951.32;-2211.0;11;LOSS;NEXT_SIGNAL;2026.02.03 22:45:00;4951.97;-2276.0;12;LOSS;REV;YES;;;;32.49;36;4939.90;4940.23;-33.4;0.0;BEAR;SELL;OFF;0.86;26.11;18.55;19.06;4969.82;4896.72;4864.23;4831.74;4799.24;4766.75
2026.02.03 22:30:00;XAUUSD;PERIOD_M15;LIVE;VALID;BUY;4951.32;2026.02.04 08:15:00;5054.62;10330.0;35;WIN;NEXT_SIGNAL;2026.02.04 08:30:00;5054.61;10329.0;36;WIN;REV;YES;;;;31.17;36;4933.78;4931.51;227.0;0.0;BEAR;SELL;OFF;0.88;18.51;30.44;17.58;4912.36;4982.49;5013.65;5044.82;5075.99;5107.15
2026.02.04 08:15:00;XAUUSD;PERIOD_M15;LIVE;VALID;SELL;5054.62;2026.02.04 08:45:00;5076.53;-2191.0;2;LOSS;NEXT_SIGNAL;2026.02.04 09:00:00;5076.86;-2224.0;3;LOSS;REV;YES;;;;14.88;36;5067.88;5067.96;-8.3;0.0;BULL NOISE;BUY;OFF;0.91;29.54;17.74;21.31;5073.22;5039.74;5024.86;5009.98;4995.09;4980.21
2026.02.04 08:45:00;XAUUSD;PERIOD_M15;LIVE;VALID;BUY;5076.53;2026.02.04 09:00:00;5063.19;-1334.0;1;LOSS;NEXT_SIGNAL;2026.02.04 09:15:00;5063.20;-1333.0;2;LOSS;REV;YES;;;;14.39;36;5070.24;5069.81;42.7;0.0;BULL;BUY;OFF;0.87;25.44;24.55;16.01;5058.54;5090.92;5105.31;5119.70;5134.09;5148.48
2026.02.04 09:00:00;XAUUSD;PERIOD_M15;LIVE;VALID;SELL;5063.19;2026.02.04 09:15:00;5089.35;-2616.0;1;LOSS;NEXT_SIGNAL;2026.02.04 09:30:00;5089.72;-2653.0;2;LOSS;REV;YES;;;;14.33;36;5068.67;5069.52;-85.0;0.0;BULL;BUY;OFF;0.88;23.68;21.28;16.64;5081.11;5048.86;5034.52;5020.19;5005.85;4991.52
2026.02.04 09:15:00;XAUUSD;PERIOD_M15;LIVE;VALID;BUY;5089.35;2026.02.04 11:15:00;5056.79;-3256.0;8;LOSS;NEXT_SIGNAL;2026.02.04 11:30:00;5056.82;-3253.0;9;LOSS;REV;YES;;;;15.40;36;5073.27;5071.71;155.9;0.0;BULL;BUY;OFF;0.87;23.20;21.66;14.42;5070.10;5104.75;5120.15;5135.55;5150.96;5166.36
2026.02.04 11:15:00;XAUUSD;PERIOD_M15;LIVE;VALID;SELL;5056.79;2026.02.04 15:45:00;5053.97;282.0;18;WIN;NEXT_SIGNAL;2026.02.04 16:00:00;5054.77;202.0;19;WIN;REV;YES;;;;17.63;38;5072.86;5074.95;-209.2;-14.0;BULL;BUY;OFF;0.84;24.24;7.63;25.12;5078.83;5039.16;5021.52;5003.89;4986.25;4968.62
2026.02.04 15:45:00;XAUUSD;PERIOD_M15;LIVE;VALID;BUY;5053.97;2026.02.04 16:15:00;5030.99;-2298.0;2;LOSS;NEXT_SIGNAL;2026.02.04 16:30:00;5031.14;-2283.0;3;LOSS;REV;YES;;;;20.12;36;5044.80;5044.57;23.4;0.0;BULL;BUY;OFF;0.92;22.60;17.79;15.89;5028.82;5074.09;5094.22;5114.34;5134.46;5154.59
2026.02.04 16:15:00;XAUUSD;PERIOD_M15;LIVE;VALID;SELL;5030.99;2026.02.04 21:00:00;4947.24;8375.0;19;WIN;NEXT_SIGNAL;2026.02.04 21:15:00;4947.45;8354.0;20;WIN;REV;YES;;;;21.08;36;5042.23;5043.10;-86.6;0.0;BULL;BUY;OFF;0.90;18.61;13.36;16.11;5057.34;5009.91;4988.83;4967.74;4946.66;4925.58
2026.02.04 21:00:00;XAUUSD;PERIOD_M15;LIVE;VALID;BUY;4947.24;2026.02.05 03:15:00;4952.19;495.0;21;WIN;NEXT_SIGNAL;2026.02.05 03:30:00;4952.90;566.0;22;WIN;REV;YES;;;;36.17;37;4926.60;4924.42;218.7;0.0;BULL;BUY;OFF;0.76;40.05;14.88;15.15;4902.03;4983.41;5019.58;5055.74;5091.91;5128.08
2026.02.05 03:15:00;XAUUSD;PERIOD_M15;LIVE;VALID;SELL;4952.19;2026.02.05 07:45:00;4896.37;5582.0;18;WIN;NEXT_SIGNAL;2026.02.05 08:00:00;4896.70;5549.0;19;WIN;REV;YES;;;;21.69;36;4986.00;4986.54;-53.7;0.0;BULL NOISE;BUY;OFF;0.87;39.64;12.39;29.39;4979.30;4930.50;4908.82;4887.13;4865.44;4843.76
2026.02.05 07:45:00;XAUUSD;PERIOD_M15;LIVE;VALID;BUY;4896.37;2026.02.05 11:00:00;4863.08;-3329.0;13;LOSS;NEXT_SIGNAL;2026.02.05 11:15:00;4863.03;-3334.0;14;LOSS;REV;YES;;;;40.17;36;4880.07;4879.63;44.1;-14.0;BEAR;SELL;OFF;0.86;31.35;21.23;16.98;4846.16;4936.54;4976.70;5016.87;5057.04;5097.20
2026.02.05 11:00:00;XAUUSD;PERIOD_M15;LIVE;VALID;SELL;4863.08;2026.02.05 18:30:00;4878.46;-1538.0;30;LOSS;NEXT_SIGNAL;2026.02.05 18:45:00;4878.71;-1563.0;31;LOSS;REV;YES;;;;27.49;36;4906.66;4910.67;-401.3;-14.0;BEAR;SELL;OFF;0.88;24.47;12.56;26.28;4897.45;4835.59;4808.10;4780.60;4753.11;4725.62
2026.02.05 18:30:00;XAUUSD;PERIOD_M15;LIVE;VALID;BUY;4878.46;2026.02.05 21:15:00;4851.20;-2726.0;11;LOSS;NEXT_SIGNAL;2026.02.05 21:30:00;4851.16;-2730.0;12;LOSS;REV;YES;;;;35.81;37;4841.51;4836.52;498.8;0.0;BEAR NOISE;SELL;OFF;0.85;23.78;24.17;13.47;4833.70;4914.27;4950.07;4985.88;5021.69;5057.49
2026.02.05 21:15:00;XAUUSD;PERIOD_M15;LIVE;VALID;SELL;4851.20;2026.02.06 04:00:00;4787.31;6389.0;23;WIN;NEXT_SIGNAL;2026.02.06 04:15:00;4787.71;6349.0;24;WIN;REV;YES;;;;25.09;37;4858.89;4859.00;-10.5;0.0;BEAR;SELL;OFF;0.89;19.30;8.68;13.40;4882.56;4826.11;4801.02;4775.93;4750.83;4725.74
2026.02.06 04:00:00;XAUUSD;PERIOD_M15;LIVE;VALID;BUY;4787.31;2026.02.06 11:00:00;4840.45;5314.0;28;WIN;NEXT_SIGNAL;2026.02.06 11:15:00;4839.85;5254.0;29;WIN;REV;YES;;;;41.74;37;4756.36;4751.35;501.1;14.0;BEAR;SELL;OFF;0.82;44.51;19.40;20.51;4735.14;4829.05;4870.79;4912.53;4954.26;4996.00
2026.02.06 11:00:00;XAUUSD;PERIOD_M15;LIVE;VALID;SELL;4840.45;2026.02.06 11:15:00;4863.37;-2292.0;1;LOSS;NEXT_SIGNAL;2026.02.06 11:30:00;4863.76;-2331.0;2;LOSS;REV;YES;;;;24.55;38;4853.32;4854.02;-70.2;0.0;BEAR;SELL;OFF;0.87;13.90;16.88;20.80;4871.14;4815.90;4791.35;4766.80;4742.24;4717.69
2026.02.06 11:15:00;XAUUSD;PERIOD_M15;LIVE;VALID;BUY;4863.37;2026.02.06 22:15:00;4954.91;9154.0;44;WIN;NEXT_SIGNAL;2026.02.06 22:30:00;4954.95;9158.0;45;WIN;REV;YES;;;;24.08;38;4855.55;4855.28;27.2;0.0;BEAR;SELL;OFF;0.87;13.66;14.63;18.66;4833.27;4887.45;4911.54;4935.62;4959.70;4983.78
2026.02.06 22:15:00;XAUUSD;PERIOD_M15;LIVE;VALID;SELL;4954.91;2026.02.09 04:00:00;4997.34;-4243.0;19;LOSS;NEXT_SIGNAL;2026.02.09 01:00:00;4981.71;-2680.0;7;LOSS;REV;YES;;;;11.52;34;4955.73;4956.05;-31.9;0.0;BEAR;SELL;OFF;0.92;22.99;12.43;23.77;4969.31;4943.39;4931.87;4920.35;4908.83;4897.31
2026.02.09 04:00:00;XAUUSD;PERIOD_M15;LIVE;VALID;SELL;4997.34;2026.02.09 05:30:00;5025.04;-2770.0;6;LOSS;NEXT_SIGNAL;2026.02.09 05:45:00;5025.22;-2788.0;7;LOSS;REV;NO;POSITION_ACTIVE;;;26.43;34;5005.82;5007.25;-142.9;0.0;BULL;BUY;OFF;0.86;25.68;13.78;20.20;5030.37;4970.91;4944.49;4918.06;4891.63;4865.21
2026.02.09 05:30:00;XAUUSD;PERIOD_M15;LIVE;VALID;BUY;5025.04;2026.02.09 09:15:00;5008.66;-1638.0;15;LOSS;NEXT_SIGNAL;2026.02.09 09:30:00;5008.29;-1675.0;16;LOSS;REV;YES;;;;23.33;35;5014.50;5013.39;110.3;0.0;BULL;BUY;OFF;0.95;26.24;23.62;8.56;4995.88;5048.37;5071.69;5095.02;5118.35;5141.68
2026.02.09 09:15:00;XAUUSD;PERIOD_M15;LIVE;VALID;SELL;5008.66;2026.02.09 10:45:00;5027.36;-1870.0;6;LOSS;NEXT_SIGNAL;2026.02.09 11:00:00;5027.92;-1926.0;7;LOSS;REV;YES;;;;15.14;34;5021.90;5023.40;-149.8;0.0;BULL;BUY;OFF;0.92;20.38;14.95;28.29;5027.58;4993.52;4978.39;4963.25;4948.12;4932.98
2026.02.09 10:45:00;XAUUSD;PERIOD_M15;LIVE;VALID;BUY;5027.36;2026.02.09 11:30:00;5014.67;-1269.0;3;LOSS;NEXT_SIGNAL;2026.02.09 11:45:00;5014.62;-1274.0;4;LOSS;REV;YES;;;;14.97;36;5022.91;5022.70;21.6;14.0;BULL;BUY;OFF;0.87;20.34;23.95;16.31;5008.64;5042.33;5057.31;5072.28;5087.26;5102.23
2026.02.09 11:30:00;XAUUSD;PERIOD_M15;LIVE;VALID;SELL;5014.67;2026.02.09 14:15:00;5013.69;98.0;11;WIN;NEXT_SIGNAL;2026.02.09 14:30:00;5014.02;65.0;12;WIN;REV;YES;;;;15.00;34;5021.75;5022.34;-58.6;-14.0;BULL;BUY;OFF;0.87;17.21;18.54;21.37;5033.42;4999.67;4984.66;4969.66;4954.66;4939.65
2026.02.09 14:15:00;XAUUSD;PERIOD_M15;LIVE;VALID;BUY;5013.69;2026.02.09 20:45:00;5062.67;4898.0;26;WIN;NEXT_SIGNAL;2026.02.09 21:00:00;5062.61;4892.0;27;WIN;REV;YES;;;;14.46;34;5008.88;5008.22;66.1;0.0;BULL;BUY;OFF;0.88;25.38;17.62;10.70;4995.62;5028.15;5042.60;5057.06;5071.51;5085.97
2026.02.09 20:45:00;XAUUSD;PERIOD_M15;LIVE;VALID;SELL;5062.67;2026.02.09 21:00:00;5066.12;-345.0;1;LOSS;NEXT_SIGNAL;2026.02.09 21:15:00;5066.54;-387.0;2;LOSS;REV;YES;;;;13.47;35;5058.59;5058.61;-1.9;0.0;BULL;BUY;OFF;0.87;26.56;15.40;14.23;5079.51;5049.20;5035.73;5022.26;5008.79;4995.32
2026.02.09 21:00:00;XAUUSD;PERIOD_M15;LIVE;VALID;BUY;5066.12;2026.02.09 23:15:00;5054.81;-1131.0;9;LOSS;NEXT_SIGNAL;2026.02.09 23:30:00;5054.84;-1128.0;10;LOSS;REV;YES;;;;12.32;35;5060.26;5059.91;34.6;0.0;BULL;BUY;OFF;0.86;27.18;23.52;12.33;5050.72;5078.44;5090.76;5103.07;5115.39;5127.71
2026.02.09 23:15:00;XAUUSD;PERIOD_M15;LIVE;VALID;SELL;5054.81;2026.02.10 04:15:00;5047.41;740.0;16;WIN;NEXT_SIGNAL;2026.02.10 04:30:00;5047.83;698.0;17;WIN;REV;YES;;;;11.25;45;5068.50;5068.65;-15.2;0.0;BULL NOISE;BUY;OFF;0.97;41.43;19.14;19.76;5068.87;5043.56;5032.31;5021.06;5009.81;4998.56
2026.02.10 04:15:00;XAUUSD;PERIOD_M15;LIVE;VALID;BUY;5047.41;2026.02.10 05:30:00;5024.55;-2286.0;5;LOSS;NEXT_SIGNAL;2026.02.10 05:45:00;5024.34;-2307.0;6;LOSS;REV;YES;;;;23.68;35;5035.64;5034.29;135.0;0.0;BEAR;SELL;OFF;0.93;22.04;28.32;9.05;5017.81;5071.09;5094.77;5118.45;5142.13;5165.81
2026.02.10 05:30:00;XAUUSD;PERIOD_M15;LIVE;VALID;SELL;5024.55;2026.02.10 07:45:00;5039.28;-1473.0;9;LOSS;NEXT_SIGNAL;2026.02.10 08:00:00;5039.50;-1495.0;10;LOSS;REV;YES;;;;16.10;35;5031.08;5031.89;-80.8;0.0;BEAR;SELL;OFF;0.89;22.37;17.54;23.54;5044.68;5008.45;4992.35;4976.25;4960.15;4944.05
2026.02.10 07:45:00;XAUUSD;PERIOD_M15;LIVE;VALID;BUY;5039.28;2026.02.10 08:45:00;5024.40;-1488.0;4;LOSS;NEXT_SIGNAL;2026.02.10 09:00:00;5024.39;-1489.0;5;LOSS;REV;YES;;;;12.32;34;5030.65;5030.36;28.4;14.0;BEAR;SELL;OFF;0.89;18.59;22.89;16.84;5023.88;5051.60;5063.92;5076.24;5088.55;5100.87
2026.02.10 08:45:00;XAUUSD;PERIOD_M15;LIVE;VALID;SELL;5024.40;2026.02.10 09:45:00;5033.98;-958.0;4;LOSS;NEXT_SIGNAL;2026.02.10 10:00:00;5034.33;-993.0;5;LOSS;REV;YES;;;;11.82;34;5029.76;5029.93;-16.8;0.0;BEAR;SELL;OFF;0.89;16.76;16.96;25.44;5039.18;5012.58;5000.75;4988.93;4977.11;4965.28
2026.02.10 09:45:00;XAUUSD;PERIOD_M15;LIVE;VALID;BUY;5033.98;2026.02.10 14:30:00;5029.72;-426.0;19;LOSS;NEXT_SIGNAL;2026.02.10 14:45:00;5029.75;-423.0;20;LOSS;REV;YES;;;;11.94;34;5029.83;5029.49;33.3;0.0;BEAR;SELL;OFF;0.87;14.22;14.67;14.75;5019.05;5045.92;5057.86;5069.80;5081.75;5093.69
2026.02.10 14:30:00;XAUUSD;PERIOD_M15;LIVE;VALID;SELL;5029.72;2026.02.10 15:45:00;5051.08;-2136.0;5;LOSS;NEXT_SIGNAL;2026.02.10 16:00:00;5051.46;-2174.0;6;LOSS;REV;YES;;;;11.60;36;5043.78;5046.12;-233.9;0.0;BEAR;SELL;OFF;0.89;30.24;11.27;16.67;5044.22;5018.12;5006.52;4994.92;4983.32;4971.72
2026.02.10 15:45:00;XAUUSD;PERIOD_M15;LIVE;VALID;BUY;5051.08;2026.02.10 17:15:00;5032.16;-1892.0;6;LOSS;NEXT_SIGNAL;2026.02.10 17:30:00;5032.14;-1894.0;7;LOSS;REV;YES;;;;12.99;37;5045.03;5045.02;0.6;0.0;BEAR;SELL;OFF;0.91;26.15;19.83;10.44;5034.84;5064.07;5077.06;5090.05;5103.03;5116.02
2026.02.10 17:15:00;XAUUSD;PERIOD_M15;LIVE;VALID;SELL;5032.16;2026.02.10 21:45:00;5027.95;421.0;18;WIN;NEXT_SIGNAL;2026.02.10 22:00:00;5027.83;433.0;19;WIN;REV;YES;;;;17.32;36;5044.81;5046.25;-143.6;0.0;BEAR;SELL;OFF;0.90;22.22;19.80;15.05;5053.81;5014.84;4997.52;4980.19;4962.87;4945.55
2026.02.10 21:45:00;XAUUSD;PERIOD_M15;LIVE;VALID;BUY;5027.95;2026.02.11 10:00:00;5051.83;2388.0;45;WIN;NEXT_SIGNAL;2026.02.11 10:15:00;5051.79;2384.0;46;WIN;REV;YES;;;;10.60;34;5021.56;5021.14;41.5;0.0;BEAR;SELL;OFF;0.83;27.12;25.44;12.26;5014.70;5038.55;5049.15;5059.75;5070.34;5080.94
2026.02.11 10:00:00;XAUUSD;PERIOD_M15;LIVE;VALID;SELL;5051.83;2026.02.11 11:30:00;5064.34;-1251.0;6;LOSS;NEXT_SIGNAL;2026.02.11 11:45:02;5064.71;-1288.0;7;LOSS;REV;YES;;;;9.80;39;5055.62;5055.73;-11.5;0.0;BEAR;SELL;OFF;0.96;19.38;20.20;15.27;5064.08;5042.03;5032.23;5022.43;5012.62;5002.82
2026.02.11 11:30:00;XAUUSD;PERIOD_M15;LIVE;VALID;BUY;5064.34;2026.02.11 15:15:00;5083.28;1894.0;15;WIN;NEXT_SIGNAL;2026.02.11 15:30:00;5083.01;1867.0;16;WIN;REV;YES;;;;8.56;39;5056.11;5055.59;51.2;0.0;BEAR;SELL;OFF;0.90;16.65;23.05;16.62;5053.64;5072.90;5081.47;5090.03;5098.59;5107.16
2026.02.11 15:15:00;XAUUSD;PERIOD_M15;LIVE;BLOCKED;SELL;5083.28;2026.02.11 18:45:00;5075.30;798.0;14;WIN;NEXT_SIGNAL;;;;;;;NO;MARKET;SPREAD;;18.20;54;5086.60;5087.49;-89.1;0.0;BULL;BUY;OFF;0.78;22.45;18.74;23.19;5106.03;5065.08;5046.88;5028.68;5010.48;4992.28
2026.02.11 18:45:00;XAUUSD;PERIOD_M15;LIVE;VALID;BUY;5075.30;2026.02.11 23:15:00;5082.01;671.0;18;WIN;NEXT_SIGNAL;2026.02.11 23:30:00;5082.07;677.0;19;WIN;REV;YES;;;;23.97;34;5065.47;5064.24;123.2;0.0;BULL;BUY;OFF;0.92;13.51;19.22;15.76;5045.33;5099.27;5123.25;5147.22;5171.20;5195.17
2026.02.11 23:15:00;XAUUSD;PERIOD_M15;LIVE;VALID;SELL;5082.01;2026.02.12 04:45:00;5066.06;1595.0;18;WIN;NEXT_SIGNAL;2026.02.12 05:00:00;5066.37;1564.0;19;WIN;REV;YES;;;;10.53;45;5085.19;5085.21;-2.1;0.0;BULL;BUY;OFF;0.91;15.09;14.55;19.76;5095.17;5071.48;5060.96;5050.43;5039.90;5029.38
2026.02.12 04:45:00;XAUUSD;PERIOD_M15;LIVE;VALID;BUY;5066.06;2026.02.12 06:00:00;5055.10;-1096.0;5;LOSS;NEXT_SIGNAL;2026.02.12 06:15:00;5055.11;-1095.0;6;LOSS;REV;YES;;;;11.83;34;5063.16;5062.75;41.0;0.0;BULL;BUY;OFF;0.97;29.96;12.24;18.11;5051.27;5077.89;5089.72;5101.55;5113.38;5125.21
2026.02.12 06:00:00;XAUUSD;PERIOD_M15;LIVE;VALID;SELL;5055.10;2026.02.12 06:45:00;5069.27;-1417.0;3;LOSS;NEXT_SIGNAL;2026.02.12 07:00:00;5069.65;-1455.0;4;LOSS;REV;YES;;;;11.12;34;5060.72;5061.42;-70.2;0.0;BULL;BUY;OFF;0.91;24.30;10.89;22.09;5069.00;5043.98;5032.86;5021.74;5010.62;4999.50
2026.02.12 06:45:00;XAUUSD;PERIOD_M15;LIVE;VALID;BUY;5069.27;2026.02.12 08:30:00;5057.64;-1163.0;7;LOSS;NEXT_SIGNAL;2026.02.12 08:45:00;5057.68;-1159.0;8;LOSS;REV;YES;;;;10.27;34;5061.52;5061.46;5.8;0.0;BULL;BUY;OFF;0.95;23.22;21.32;17.05;5056.43;5079.54;5089.81;5100.09;5110.36;5120.63
2026.02.12 08:30:00;XAUUSD;PERIOD_M15;LIVE;VALID;SELL;5057.64;2026.02.12 10:45:00;5068.48;-1084.0;9;LOSS;NEXT_SIGNAL;2026.02.12 11:00:00;5068.68;-1104.0;10;LOSS;REV;YES;;;;10.38;34;5064.24;5064.78;-53.5;0.0;BULL;BUY;OFF;0.93;20.05;15.01;31.06;5070.62;5047.26;5036.87;5026.49;5016.11;5005.72
2026.02.12 10:45:00;XAUUSD;PERIOD_M15;LIVE;VALID;BUY;5068.48;2026.02.12 12:45:00;5062.01;-647.0;8;LOSS;NEXT_SIGNAL;2026.02.12 13:00:00;5062.00;-648.0;9;LOSS;REV;YES;;;;10.20;39;5064.21;5064.10;11.4;0.0;BULL;BUY;OFF;0.78;14.63;26.13;20.93;5055.73;5078.68;5088.88;5099.08;5109.29;5119.49
2026.02.12 12:45:00;XAUUSD;PERIOD_M15;LIVE;VALID;SELL;5062.01;2026.02.12 15:30:00;5075.47;-1346.0;11;LOSS;NEXT_SIGNAL;2026.02.12 15:45:00;5075.88;-1387.0;12;LOSS;REV;YES;;;;8.56;38;5065.14;5065.71;-56.9;0.0;BULL;BUY;OFF;0.80;15.01;17.33;28.30;5072.71;5053.45;5044.89;5036.33;5027.78;5019.22
2026.02.12 15:30:00;XAUUSD;PERIOD_M15;LIVE;VALID;BUY;5075.47;2026.02.12 16:30:00;5056.15;-1932.0;4;LOSS;NEXT_SIGNAL;2026.02.12 16:45:00;5056.13;-1934.0;5;LOSS;REV;YES;;;;8.50;34;5064.56;5063.63;93.0;14.0;BULL;BUY;OFF;0.87;15.21;22.89;16.93;5064.85;5083.97;5092.47;5100.96;5109.46;5117.96
2026.02.12 16:30:00;XAUUSD;PERIOD_M15;LIVE;VALID;SELL;5056.15;2026.02.12 17:30:00;5070.73;-1458.0;4;LOSS;NEXT_SIGNAL;2026.02.12 17:45:00;5071.08;-1493.0;5;LOSS;REV;YES;;;;10.88;34;5063.14;5063.35;-21.5;0.0;BULL;BUY;OFF;0.88;13.47;21.69;23.27;5069.75;5045.27;5034.39;5023.50;5012.62;5001.74
2026.02.12 17:30:00;XAUUSD;PERIOD_M15;LIVE;VALID;BUY;5070.73;2026.02.12 18:00:00;4951.34;-11939.0;2;LOSS;NEXT_SIGNAL;2026.02.12 18:15:00;4951.31;-11942.0;3;LOSS;REV;YES;;;;13.53;34;5063.63;5062.98;64.1;0.0;BULL;BUY;OFF;0.86;13.20;25.13;18.81;5053.82;5084.26;5097.79;5111.32;5124.85;5138.38
2026.02.12 18:00:00;XAUUSD;PERIOD_M15;LIVE;VALID;SELL;4951.34;2026.02.13 02:00:00;4942.00;934.0;28;WIN;NEXT_SIGNAL;2026.02.13 02:15:01;4942.35;899.0;29;WIN;REV;YES;;;;21.95;36;5038.16;5052.18;-1402.5;-26.6;BEAR;SELL;OFF;0.84;13.31;18.88;30.54;4978.78;4929.39;4907.43;4885.48;4863.52;4841.57
2026.02.13 02:00:00;XAUUSD;PERIOD_M15;LIVE;VALID;BUY;4942.00;2026.02.13 07:00:00;4978.16;3616.0;20;WIN;NEXT_SIGNAL;2026.02.13 07:15:01;4978.15;3615.0;21;WIN;REV;YES;;;;17.84;39;4924.29;4923.96;33.3;0.0;BEAR NOISE;SELL;OFF;0.86;30.37;16.36;16.77;4919.69;4959.84;4977.69;4995.53;5013.38;5031.22
2026.02.13 07:00:00;XAUUSD;PERIOD_M15;LIVE;VALID;SELL;4978.16;2026.02.13 09:45:00;4974.91;325.0;11;WIN;NEXT_SIGNAL;2026.02.13 10:00:00;4975.20;296.0;12;WIN;REV;YES;;;;10.95;39;4979.08;4979.09;-0.7;14.0;BEAR;SELL;OFF;0.87;20.63;21.55;19.09;4991.85;4967.21;4956.26;4945.31;4934.35;4923.40
2026.02.13 09:45:00;XAUUSD;PERIOD_M15;LIVE;VALID;BUY;4974.91;2026.02.13 12:45:00;4950.14;-2477.0;12;LOSS;NEXT_SIGNAL;2026.02.13 13:00:00;4950.11;-2480.0;13;LOSS;REV;YES;;;;14.60;36;4967.38;4967.31;6.9;0.0;BEAR;SELL;OFF;0.80;22.59;17.00;9.44;4956.66;4989.51;5004.11;5018.71;5033.31;5047.91
2026.02.13 12:45:00;XAUUSD;PERIOD_M15;LIVE;VALID;SELL;4950.14;2026.02.13 14:45:00;4969.42;-1928.0;8;LOSS;NEXT_SIGNAL;2026.02.13 15:00:00;4969.80;-1966.0;9;LOSS;REV;YES;;;;12.95;36;4967.70;4970.90;-320.3;0.0;BEAR;SELL;OFF;0.75;22.91;9.06;22.44;4966.33;4937.19;4924.23;4911.28;4898.33;4885.38
2026.02.13 14:45:00;XAUUSD;PERIOD_M15;LIVE;VALID;BUY;4969.42;2026.02.16 01:15:00;5029.16;5974.0;38;WIN;NEXT_SIGNAL;2026.02.16 01:30:00;5028.31;5889.0;39;WIN;REV;YES;;;;13.00;34;4962.98;4962.89;9.3;0.0;BEAR;SELL;OFF;0.79;30.03;21.75;11.73;4953.17;4982.42;4995.42;5008.42;5021.42;5034.42
2026.02.16 01:15:00;XAUUSD;PERIOD_M15;LIVE;VALID;SELL;5029.16;2026.02.16 03:45:00;5028.82;34.0;10;WIN;NEXT_SIGNAL;2026.02.16 04:00:00;5029.19;-3.0;11;LOSS;REV;YES;;;;11.81;36;5031.48;5031.85;-37.8;0.0;BEAR;SELL;OFF;0.94;22.67;19.42;13.89;5043.92;5017.35;5005.55;4993.74;4981.93;4970.12
2026.02.16 03:45:00;XAUUSD;PERIOD_M15;LIVE;VALID;BUY;5028.82;2026.02.16 04:15:00;5019.46;-936.0;2;LOSS;NEXT_SIGNAL;2026.02.16 04:30:00;5019.49;-933.0;3;LOSS;REV;YES;;;;12.69;36;5024.96;5024.49;47.0;0.0;BEAR;SELL;OFF;0.84;20.02;18.60;13.89;5012.96;5041.51;5054.19;5066.88;5079.56;5092.24
2026.02.16 04:15:00;XAUUSD;PERIOD_M15;LIVE;VALID;SELL;5019.46;2026.02.16 08:15:00;4993.06;2640.0;16;WIN;NEXT_SIGNAL;2026.02.16 08:30:00;4993.41;2605.0;17;WIN;REV;YES;;;;12.77;34;5023.22;5023.44;-21.6;0.0;BEAR;SELL;OFF;0.83;17.71;13.97;18.68;5035.42;5006.69;4993.92;4981.15;4968.38;4955.61
2026.02.16 08:15:00;XAUUSD;PERIOD_M15;LIVE;VALID;BUY;4993.06;2026.02.16 13:00:00;5001.10;804.0;19;WIN;NEXT_SIGNAL;2026.02.16 13:15:01;5001.09;803.0;20;WIN;REV;YES;;;;9.18;36;4988.54;4988.44;9.8;-14.0;BEAR;SELL;OFF;0.96;34.11;14.61;16.80;4981.58;5002.24;5011.43;5020.61;5029.79;5038.97
2026.02.16 13:00:00;XAUUSD;PERIOD_M15;LIVE;VALID;SELL;5001.10;2026.02.16 19:15:00;4994.67;643.0;25;WIN;NEXT_SIGNAL;2026.02.16 19:30:00;4994.81;629.0;26;WIN;REV;YES;;;;8.07;34;5006.04;5006.45;-41.1;0.0;BEAR;SELL;OFF;0.85;29.04;14.43;23.23;5011.19;4993.03;4984.95;4976.88;4968.80;4960.73
2026.02.16 19:15:00;XAUUSD;PERIOD_M15;LIVE;VALID;BUY;4994.67;2026.02.17 01:45:00;4989.67;-500.0;13;LOSS;NEXT_SIGNAL;2026.02.17 02:00:00;4989.68;-499.0;14;LOSS;REV;YES;;;;7.62;34;4988.72;4987.59;113.3;0.0;BEAR NOISE;SELL;OFF;0.76;34.69;26.73;15.34;4985.14;5002.29;5009.91;5017.53;5025.16;5032.78
2026.02.17 01:45:00;XAUUSD;PERIOD_M15;LIVE;VALID;SELL;4989.67;2026.02.17 10:00:00;4927.59;6208.0;33;WIN;NEXT_SIGNAL;2026.02.17 10:15:00;4927.92;6175.0;34;WIN;REV;YES;;;;5.89;35;4991.61;4992.04;-43.4;0.0;BEAR;SELL;OFF;0.86;16.79;10.89;15.21;4997.04;4983.78;4977.88;4971.99;4966.09;4960.20
2026.02.17 10:00:00;XAUUSD;PERIOD_M15;LIVE;VALID;BUY;4927.59;2026.02.17 15:15:00;4919.78;-781.0;21;LOSS;NEXT_SIGNAL;2026.02.17 15:30:00;4919.71;-788.0;22;LOSS;REV;YES;;;;18.23;34;4915.24;4914.08;115.8;0.0;BEAR NOISE;SELL;OFF;0.88;28.34;21.69;10.10;4904.80;4945.82;4964.05;4982.28;5000.50;5018.73
2026.02.17 15:15:00;XAUUSD;PERIOD_M15;LIVE;VALID;SELL;4919.78;2026.02.17 20:15:00;4886.99;3279.0;20;WIN;NEXT_SIGNAL;2026.02.17 20:30:00;4887.32;3246.0;21;WIN;REV;YES;;;;10.90;43;4927.72;4927.98;-26.0;0.0;BEAR;SELL;OFF;0.89;20.86;16.38;30.08;4933.41;4908.88;4897.98;4887.08;4876.18;4865.28
2026.02.17 20:15:00;XAUUSD;PERIOD_M15;LIVE;VALID;BUY;4886.99;2026.02.17 23:15:00;4880.39;-660.0;12;LOSS;NEXT_SIGNAL;2026.02.17 23:30:00;4880.38;-661.0;13;LOSS;REV;YES;;;;16.52;34;4871.68;4871.05;62.5;14.0;BEAR;SELL;OFF;0.94;28.47;24.28;20.16;4866.35;4903.51;4920.02;4936.53;4953.05;4969.56
2026.02.17 23:15:00;XAUUSD;PERIOD_M15;LIVE;VALID;SELL;4880.39;2026.02.18 03:00:00;4886.84;-645.0;11;LOSS;NEXT_SIGNAL;2026.02.18 03:15:00;4887.17;-678.0;12;LOSS;REV;YES;;;;11.86;40;4880.25;4880.28;-2.9;0.0;BEAR;SELL;OFF;0.85;18.57;14.65;15.79;4895.22;4868.53;4856.67;4844.80;4832.94;4821.08
2026.02.18 03:00:00;XAUUSD;PERIOD_M15;LIVE;VALID;BUY;4886.84;2026.02.18 10:00:00;4929.36;4252.0;28;WIN;NEXT_SIGNAL;2026.02.18 10:15:00;4929.35;4251.0;29;WIN;REV;YES;;;;12.75;34;4876.52;4876.10;41.6;14.0;BEAR NOISE;SELL;OFF;0.87;27.24;19.33;12.60;4870.91;4899.59;4912.33;4925.08;4937.83;4950.58
2026.02.18 10:00:00;XAUUSD;PERIOD_M15;LIVE;VALID;SELL;4929.36;2026.02.18 14:30:00;4929.11;25.0;18;WIN;NEXT_SIGNAL;2026.02.18 14:45:00;4929.54;-18.0;19;LOSS;REV;YES;;;;7.21;34;4932.15;4932.38;-22.4;0.0;BEAR;SELL;OFF;0.77;35.26;14.76;20.57;4938.37;4922.15;4914.95;4907.74;4900.54;4893.33
2026.02.18 14:30:00;XAUUSD;PERIOD_M15;LIVE;VALID;BUY;4929.11;2026.02.18 20:15:00;4988.07;5896.0;23;WIN;NEXT_SIGNAL;2026.02.18 20:30:00;4988.09;5898.0;24;WIN;REV;YES;;;;8.08;34;4920.16;4918.57;159.6;14.0;BEAR NOISE;SELL;OFF;0.86;28.20;17.35;19.88;4919.01;4937.19;4945.28;4953.36;4961.44;4969.52
2026.02.18 20:15:00;XAUUSD;PERIOD_M15;LIVE;VALID;SELL;4988.07;2026.02.19 05:30:00;4977.10;1097.0;33;WIN;NEXT_SIGNAL;2026.02.19 05:45:00;4977.48;1059.0;34;WIN;REV;YES;;;;8.10;34;4995.66;4996.03;-37.7;0.0;BULL;BUY;OFF;0.90;23.10;20.94;27.46;4998.20;4979.97;4971.86;4963.76;4955.65;4947.55
2026.02.19 05:30:00;XAUUSD;PERIOD_M15;LIVE;VALID;BUY;4977.10;2026.02.19 11:30:00;5003.33;2623.0;24;WIN;NEXT_SIGNAL;2026.02.19 11:45:00;5002.71;2561.0;25;WIN;REV;YES;;;;6.71;36;4971.64;4970.63;100.5;14.0;BULL;BUY;OFF;0.94;18.10;22.52;14.35;4968.71;4983.82;4990.53;4997.24;5003.96;5010.68
2026.02.19 11:30:00;XAUUSD;PERIOD_M15;LIVE;VALID;SELL;5003.33;2026.02.19 15:45:00;4997.06;627.0;17;WIN;NEXT_SIGNAL;2026.02.19 16:00:00;4997.32;601.0;18;WIN;REV;YES;;;;8.28;34;5010.00;5010.71;-70.3;0.0;BULL NOISE;BUY;OFF;0.87;38.24;21.55;24.37;5013.68;4995.05;4986.77;4978.48;4970.20;4961.92
2026.02.19 15:45:00;XAUUSD;PERIOD_M15;LIVE;VALID;BUY;4997.06;2026.02.19 16:00:00;4972.70;-2436.0;1;LOSS;NEXT_SIGNAL;2026.02.19 16:15:00;4972.57;-2449.0;2;LOSS;REV;YES;;;;10.05;34;4989.92;4988.95;97.0;0.0;BULL;BUY;OFF;0.90;19.72;15.89;16.26;4984.50;5007.11;5017.16;5027.20;5037.25;5047.30
2026.02.19 16:00:00;XAUUSD;PERIOD_M15;LIVE;VALID;SELL;4972.70;2026.02.19 16:45:00;5005.55;-3285.0;3;LOSS;NEXT_SIGNAL;2026.02.19 17:00:00;5006.00;-3330.0;4;LOSS;REV;YES;;;;10.83;34;4986.09;4987.16;-106.4;-14.0;BULL NOISE;BUY;OFF;0.93;20.78;13.77;24.32;4986.23;4961.87;4951.04;4940.22;4929.39;4918.56
2026.02.19 16:45:00;XAUUSD;PERIOD_M15;LIVE;VALID;BUY;5005.55;2026.02.19 19:15:00;4993.63;-1192.0;10;LOSS;NEXT_SIGNAL;2026.02.19 19:30:00;4993.89;-1166.0;11;LOSS;REV;YES;;;;13.39;34;4990.49;4988.26;222.6;14.0;BULL;BUY;OFF;0.93;19.56;22.60;16.28;4988.81;5018.94;5032.33;5045.72;5059.10;5072.49
2026.02.19 19:15:00;XAUUSD;PERIOD_M15;LIVE;VALID;SELL;4993.63;2026.02.19 22:15:00;4995.58;-195.0;12;LOSS;NEXT_SIGNAL;2026.02.19 22:30:00;4995.90;-227.0;13;LOSS;REV;YES;;;;15.14;34;4999.15;4999.40;-24.7;0.0;BULL;BUY;OFF;0.88;19.47;14.67;19.48;5012.55;4978.49;4963.36;4948.22;4933.09;4917.95
2026.02.19 22:15:00;XAUUSD;PERIOD_M15;LIVE;VALID;BUY;4995.58;2026.02.20 02:00:00;4993.43;-215.0;11;LOSS;NEXT_SIGNAL;2026.02.20 02:15:01;4993.41;-217.0;12;LOSS;REV;YES;;;;8.56;34;4989.36;4989.02;33.8;0.0;BULL;BUY;OFF;0.78;25.88;26.03;15.02;4984.88;5004.14;5012.71;5021.27;5029.83;5038.39
2026.02.20 02:00:00;XAUUSD;PERIOD_M15;LIVE;VALID;SELL;4993.43;2026.02.20 02:45:00;5006.36;-1293.0;3;LOSS;NEXT_SIGNAL;2026.02.20 03:00:00;5006.71;-1328.0;4;LOSS;REV;YES;;;;8.06;34;4994.34;4994.46;-12.2;14.0;BULL;BUY;OFF;0.85;23.16;14.96;14.55;5003.50;4985.37;4977.31;4969.25;4961.19;4953.13
2026.02.20 02:45:00;XAUUSD;PERIOD_M15;LIVE;VALID;BUY;5006.36;2026.02.20 05:00:00;4994.28;-1208.0;9;LOSS;NEXT_SIGNAL;2026.02.20 05:15:00;4994.27;-1209.0;10;LOSS;REV;YES;;;;8.89;36;4996.46;4995.78;68.5;0.0;BULL;BUY;OFF;0.91;20.03;20.79;10.82;4995.25;5015.25;5024.14;5033.03;5041.92;5050.81
2026.02.20 05:00:00;XAUUSD;PERIOD_M15;LIVE;VALID;SELL;4994.28;2026.02.20 07:00:00;5001.32;-704.0;8;LOSS;NEXT_SIGNAL;2026.02.20 07:15:00;5001.61;-733.0;9;LOSS;REV;YES;;;;9.76;36;4997.15;4997.65;-49.7;-14.0;BULL;BUY;OFF;0.93;25.14;20.05;19.26;5006.48;4984.52;4974.76;4965.00;4955.23;4945.47
2026.02.20 07:00:00;XAUUSD;PERIOD_M15;LIVE;VALID;BUY;5001.32;2026.02.20 13:45:00;5017.35;1603.0;27;WIN;NEXT_SIGNAL;2026.02.20 14:00:00;5017.33;1601.0;28;WIN;REV;YES;;;;7.85;34;4996.77;4995.99;77.3;0.0;BULL;BUY;OFF;0.69;26.00;31.28;9.49;4991.51;5009.17;5017.01;5024.86;5032.70;5040.55
2026.02.20 13:45:00;XAUUSD;PERIOD_M15;LIVE;VALID;SELL;5017.35;2026.02.20 15:30:00;5031.07;-1372.0;7;LOSS;NEXT_SIGNAL;2026.02.20 15:45:00;5031.32;-1397.0;8;LOSS;REV;YES;;;;9.03;34;5026.58;5027.35;-77.1;0.0;BULL;BUY;OFF;0.85;24.53;14.06;28.84;5028.64;5008.32;4999.29;4990.26;4981.23;4972.20
2026.02.20 15:30:00;XAUUSD;PERIOD_M15;LIVE;VALID;BUY;5031.07;2026.02.23 06:45:00;5160.75;12968.0;57;WIN;NEXT_SIGNAL;2026.02.23 07:00:00;5160.76;12969.0;58;WIN;REV;YES;;;;9.68;34;5026.37;5026.29;7.7;0.0;BULL;BUY;OFF;0.92;24.35;16.50;21.18;5018.96;5040.75;5050.44;5060.12;5069.81;5079.49
2026.02.23 06:45:00;XAUUSD;PERIOD_M15;LIVE;VALID;SELL;5160.75;2026.02.23 11:30:00;5146.53;1422.0;19;WIN;NEXT_SIGNAL;2026.02.23 11:45:00;5146.93;1382.0;20;WIN;REV;YES;;;;10.44;34;5161.94;5162.22;-27.9;14.0;BULL;BUY;OFF;0.92;36.89;15.42;15.44;5173.80;5150.31;5139.86;5129.42;5118.98;5108.53
2026.02.23 11:30:00;XAUUSD;PERIOD_M15;LIVE;VALID;BUY;5146.53;2026.02.23 15:45:00;5146.28;-25.0;17;LOSS;NEXT_SIGNAL;2026.02.23 16:00:00;5146.25;-28.0;18;LOSS;REV;YES;;;;10.91;34;5142.45;5142.39;5.6;0.0;BULL;BUY;OFF;0.91;28.24;23.09;17.51;5132.90;5157.44;5168.34;5179.25;5190.16;5201.06
2026.02.23 15:45:00;XAUUSD;PERIOD_M15;LIVE;VALID;SELL;5146.28;2026.02.23 16:15:00;5165.29;-1901.0;2;LOSS;NEXT_SIGNAL;2026.02.23 16:30:00;5165.50;-1922.0;3;LOSS;REV;YES;;;;9.09;34;5152.32;5153.18;-85.8;0.0;BULL;BUY;OFF;0.87;20.02;12.20;22.85;5157.64;5137.19;5128.10;5119.02;5109.93;5100.84
2026.02.23 16:15:00;XAUUSD;PERIOD_M15;LIVE;VALID;BUY;5165.29;2026.02.24 02:45:00;5223.79;5850.0;38;WIN;NEXT_SIGNAL;2026.02.24 03:00:00;5223.71;5842.0;39;WIN;REV;YES;;;;9.16;34;5156.02;5154.80;122.3;0.0;BULL;BUY;OFF;0.85;19.68;21.14;20.19;5153.84;5174.45;5183.61;5192.77;5201.93;5211.09
2026.02.24 02:45:00;XAUUSD;PERIOD_M15;LIVE;VALID;SELL;5223.79;2026.02.24 08:00:00;5182.63;4116.0;21;WIN;NEXT_SIGNAL;2026.02.24 08:15:00;5182.98;4081.0;22;WIN;REV;YES;;;;10.74;36;5229.77;5230.64;-87.5;0.0;BULL NOISE;BUY;OFF;0.87;29.87;12.10;17.95;5237.21;5213.05;5202.31;5191.58;5180.84;5170.10
2026.02.24 08:00:00;XAUUSD;PERIOD_M15;LIVE;VALID;BUY;5182.63;2026.02.24 08:15:00;5169.03;-1360.0;1;LOSS;NEXT_SIGNAL;2026.02.24 08:30:00;5168.88;-1375.0;2;LOSS;REV;YES;;;;9.06;36;5176.12;5175.16;96.3;0.0;BEAR;SELL;OFF;0.89;23.85;18.99;17.06;5171.31;5191.69;5200.75;5209.81;5218.87;5227.93
2026.02.24 08:15:00;XAUUSD;PERIOD_M15;LIVE;VALID;SELL;5169.03;2026.02.24 09:15:00;5183.16;-1413.0;4;LOSS;NEXT_SIGNAL;2026.02.24 09:30:00;5183.51;-1448.0;5;LOSS;REV;YES;;;;9.72;36;5174.55;5174.56;-0.9;0.0;BEAR;SELL;OFF;0.90;22.88;16.46;23.02;5181.18;5159.31;5149.60;5139.88;5130.16;5120.44
2026.02.24 09:15:00;XAUUSD;PERIOD_M15;LIVE;VALID;BUY;5183.16;2026.02.24 11:00:00;5172.42;-1074.0;6;LOSS;NEXT_SIGNAL;2026.02.24 11:15:00;5172.37;-1079.0;7;LOSS;REV;YES;;;;10.56;34;5175.16;5174.12;103.7;0.0;BEAR;SELL;OFF;0.87;22.45;20.99;23.14;5169.96;5193.72;5204.27;5214.83;5225.39;5235.94
2026.02.24 11:00:00;XAUUSD;PERIOD_M15;LIVE;VALID;SELL;5172.42;2026.02.24 13:00:00;5176.27;-385.0;8;LOSS;NEXT_SIGNAL;2026.02.24 13:15:00;5176.72;-430.0;9;LOSS;REV;YES;;;;10.95;34;5173.73;5173.87;-14.0;0.0;BEAR;SELL;OFF;0.86;16.24;20.51;18.51;5186.11;5161.47;5150.52;5139.56;5128.61;5117.66
2026.02.24 13:00:00;XAUUSD;PERIOD_M15;LIVE;VALID;BUY;5176.27;2026.02.24 14:00:00;5167.62;-865.0;4;LOSS;NEXT_SIGNAL;2026.02.24 14:15:00;5167.46;-881.0;5;LOSS;REV;YES;;;;8.31;34;5173.42;5173.16;25.7;0.0;BEAR;SELL;OFF;0.78;13.38;23.55;16.11;5165.88;5184.58;5192.90;5201.21;5209.52;5217.84
2026.02.24 14:00:00;XAUUSD;PERIOD_M15;LIVE;VALID;SELL;5167.62;2026.02.24 17:45:00;5150.24;1738.0;15;WIN;NEXT_SIGNAL;2026.02.24 18:00:00;5150.71;1691.0;16;WIN;REV;YES;;;;7.18;34;5172.73;5173.05;-31.7;-14.0;BEAR;SELL;OFF;0.81;14.21;15.69;23.88;5176.59;5160.44;5153.27;5146.09;5138.91;5131.74
2026.02.24 17:45:00;XAUUSD;PERIOD_M15;LIVE;VALID;BUY;5150.24;2026.02.24 21:45:00;5153.95;371.0;16;WIN;NEXT_SIGNAL;2026.02.24 22:00:00;5154.05;381.0;17;WIN;REV;YES;;;;18.21;34;5141.35;5141.25;9.7;0.0;BEAR;SELL;OFF;0.87;30.69;24.21;17.56;5127.48;5168.45;5186.65;5204.86;5223.07;5241.27
2026.02.24 21:45:00;XAUUSD;PERIOD_M15;LIVE;VALID;SELL;5153.95;2026.02.24 22:15:00;5168.39;-1444.0;2;LOSS;NEXT_SIGNAL;2026.02.24 22:30:00;5168.76;-1481.0;3;LOSS;REV;YES;;;;9.32;34;5155.01;5155.22;-20.9;0.0;BEAR;SELL;OFF;0.84;17.25;14.89;17.98;5165.60;5144.63;5135.30;5125.98;5116.66;5107.33
2026.02.24 22:15:00;XAUUSD;PERIOD_M15;LIVE;VALID;BUY;5168.39;2026.02.24 23:30:00;5150.68;-1771.0;5;LOSS;NEXT_SIGNAL;2026.02.24 23:45:00;5150.67;-1772.0;6;LOSS;REV;YES;;;;9.37;34;5156.97;5156.34;63.3;0.0;BEAR NOISE;SELL;OFF;0.88;16.19;19.82;19.55;5156.68;5177.76;5187.13;5196.49;5205.86;5215.23
2026.02.24 23:30:00;XAUUSD;PERIOD_M15;LIVE;VALID;SELL;5150.68;2026.02.25 03:00:00;5174.30;-2362.0;10;LOSS;NEXT_SIGNAL;2026.02.25 03:15:00;5174.64;-2396.0;11;LOSS;REV;YES;;;;9.93;40;5157.75;5158.41;-65.8;0.0;BEAR;SELL;OFF;0.90;18.43;12.70;29.96;5163.09;5140.75;5130.82;5120.90;5110.97;5101.04
2026.02.25 03:00:00;XAUUSD;PERIOD_M15;LIVE;VALID;BUY;5174.30;2026.02.25 09:30:00;5186.21;1191.0;26;WIN;NEXT_SIGNAL;2026.02.25 09:45:00;5186.19;1189.0;27;WIN;REV;YES;;;;13.89;36;5152.58;5150.22;236.1;0.0;BEAR NOISE;SELL;OFF;0.92;23.95;23.99;17.87;5156.93;5188.19;5202.09;5215.98;5229.88;5243.77
2026.02.25 09:30:00;XAUUSD;PERIOD_M15;LIVE;VALID;SELL;5186.21;2026.02.25 14:30:00;5184.70;151.0;20;WIN;NEXT_SIGNAL;2026.02.25 14:45:00;5185.03;118.0;21;WIN;REV;YES;;;;7.80;34;5190.00;5190.24;-24.2;0.0;BULL;BUY;OFF;0.74;20.91;14.17;18.73;5195.95;5178.41;5170.62;5162.82;5155.03;5147.23
2026.02.25 14:30:00;XAUUSD;PERIOD_M15;LIVE;VALID;BUY;5184.70;2026.02.25 21:30:00;5204.58;1988.0;28;WIN;NEXT_SIGNAL;2026.02.25 21:45:00;5204.52;1982.0;29;WIN;REV;YES;;;;8.96;34;5180.27;5180.05;21.4;0.0;BULL;BUY;OFF;0.76;20.76;26.40;23.54;5173.50;5193.66;5202.62;5211.59;5220.55;5229.51
2026.02.25 21:30:00;XAUUSD;PERIOD_M15;LIVE;VALID;SELL;5204.58;2026.02.26 02:30:00;5188.35;1623.0;16;WIN;NEXT_SIGNAL;2026.02.26 02:45:00;5188.72;1586.0;17;WIN;REV;YES;;;;7.40;36;5204.86;5205.13;-26.9;14.0;BULL;BUY;OFF;0.88;33.80;8.00;27.22;5213.83;5197.18;5189.79;5182.39;5174.99;5167.59
2026.02.26 02:30:00;XAUUSD;PERIOD_M15;LIVE;VALID;BUY;5188.35;2026.02.26 09:00:00;5187.47;-88.0;26;LOSS;NEXT_SIGNAL;2026.02.26 09:15:01;5187.45;-90.0;27;LOSS;REV;YES;;;;15.15;36;5176.33;5175.00;133.7;14.0;BEAR NOISE;SELL;OFF;0.87;32.79;24.33;15.29;5169.42;5203.50;5218.65;5233.79;5248.94;5264.09
2026.02.26 09:00:00;XAUUSD;PERIOD_M15;LIVE;VALID;SELL;5187.47;2026.02.26 14:45:00;5183.64;383.0;23;WIN;NEXT_SIGNAL;2026.02.26 15:00:00;5184.17;330.0;24;WIN;REV;YES;;;;6.96;34;5193.71;5194.26;-54.8;0.0;BEAR;SELL;OFF;0.78;25.77;11.52;23.17;5196.18;5180.51;5173.54;5166.58;5159.61;5152.65
2026.02.26 14:45:00;XAUUSD;PERIOD_M15;LIVE;VALID;BUY;5183.64;2026.02.26 15:15:00;5174.70;-894.0;2;LOSS;NEXT_SIGNAL;2026.02.26 15:30:00;5174.69;-895.0;3;LOSS;REV;YES;;;;6.45;34;5177.08;5176.69;38.7;0.0;BEAR NOISE;SELL;OFF;0.78;26.42;28.32;18.03;5175.57;5190.10;5196.55;5203.01;5209.46;5215.91
2026.02.26 15:15:00;XAUUSD;PERIOD_M15;LIVE;VALID;SELL;5174.70;2026.02.26 17:45:00;5185.75;-1105.0;10;LOSS;NEXT_SIGNAL;2026.02.26 18:00:00;5186.05;-1135.0;11;LOSS;REV;YES;;;;7.32;42;5175.99;5176.04;-5.0;0.0;BEAR;SELL;OFF;0.73;19.86;21.27;21.23;5183.85;5167.38;5160.06;5152.74;5145.41;5138.09
2026.02.26 17:45:00;XAUUSD;PERIOD_M15;LIVE;VALID;BUY;5185.75;2026.02.27 01:00:00;5183.87;-188.0;25;LOSS;NEXT_SIGNAL;2026.02.27 01:15:00;5183.90;-185.0;26;LOSS;REV;YES;;;;15.84;34;5169.73;5169.44;29.0;14.0;BEAR NOISE;SELL;OFF;0.74;26.90;23.97;25.59;5165.94;5201.59;5217.44;5233.28;5249.13;5264.97
2026.02.27 01:00:00;XAUUSD;PERIOD_M15;LIVE;VALID;SELL;5183.87;2026.02.27 04:00:00;5194.46;-1059.0;12;LOSS;NEXT_SIGNAL;2026.02.27 04:15:00;5194.81;-1094.0;13;LOSS;REV;YES;;;;8.33;45;5188.16;5188.27;-10.5;0.0;BEAR;SELL;OFF;0.84;26.73;10.16;22.08;5194.28;5175.54;5167.21;5158.88;5150.54;5142.21
2026.02.27 04:00:00;XAUUSD;PERIOD_M15;LIVE;VALID;BUY;5194.46;2026.02.27 09:00:00;5181.54;-1292.0;20;LOSS;NEXT_SIGNAL;2026.02.27 09:15:00;5181.53;-1293.0;21;LOSS;REV;YES;;;;9.58;34;5186.50;5184.98;151.6;0.0;BEAR;SELL;OFF;0.84;23.82;29.59;13.23;5182.48;5204.04;5213.62;5223.20;5232.79;5242.37
2026.02.27 09:00:00;XAUUSD;PERIOD_M15;LIVE;VALID;SELL;5181.54;2026.02.27 13:45:00;5185.65;-411.0;19;LOSS;NEXT_SIGNAL;2026.02.27 14:00:00;5186.00;-446.0;20;LOSS;REV;YES;;;;6.68;34;5188.95;5189.22;-27.1;0.0;BEAR;SELL;OFF;0.80;22.74;12.61;21.96;5189.89;5174.86;5168.18;5161.50;5154.82;5148.14
2026.02.27 13:45:00;XAUUSD;PERIOD_M15;LIVE;VALID;BUY;5185.65;2026.02.27 19:45:00;5234.58;4893.0;24;WIN;NEXT_SIGNAL;2026.02.27 20:00:00;5234.56;4891.0;25;WIN;REV;YES;;;;6.23;34;5178.79;5177.83;95.5;0.0;BEAR NOISE;SELL;OFF;0.96;23.85;23.76;15.65;5177.87;5191.88;5198.10;5204.33;5210.56;5216.78
2026.02.27 19:45:00;XAUUSD;PERIOD_M15;LIVE;VALID;SELL;5234.58;2026.02.27 20:30:00;5239.64;-506.0;3;LOSS;NEXT_SIGNAL;2026.02.27 20:45:00;5239.91;-533.0;4;LOSS;REV;YES;;;;15.69;34;5233.12;5233.15;-2.4;0.0;BULL;BUY;OFF;0.90;29.22;14.09;10.25;5254.20;5218.89;5203.19;5187.50;5171.80;5156.11
2026.02.27 20:30:00;XAUUSD;PERIOD_M15;LIVE;VALID;BUY;5239.64;2026.03.02 04:00:00;5327.12;8748.0;26;WIN;NEXT_SIGNAL;2026.03.02 04:15:00;5327.21;8757.0;27;WIN;REV;YES;;;;13.98;34;5234.17;5234.04;12.9;14.0;BULL;BUY;OFF;0.88;24.07;17.55;17.21;5222.17;5253.62;5267.60;5281.58;5295.56;5309.54
2026.03.02 04:00:00;XAUUSD;PERIOD_M15;LIVE;BLOCKED;SELL;5327.12;2026.03.02 05:15:00;5355.50;-2838.0;5;LOSS;NEXT_SIGNAL;;;;;;;NO;MARKET;SPREAD;;29.15;65;5332.94;5335.49;-255.8;0.0;BULL;BUY;OFF;0.91;37.90;10.25;22.29;5363.56;5297.97;5268.82;5239.67;5210.51;5181.36
2026.03.02 05:15:00;XAUUSD;PERIOD_M15;LIVE;BLOCKED;BUY;5355.50;2026.03.02 12:00:00;5390.44;3494.0;27;WIN;NEXT_SIGNAL;;;;;;;NO;MARKET;SPREAD;;21.31;62;5345.25;5344.55;69.7;0.0;BULL;BUY;OFF;0.87;27.78;19.80;10.90;5328.86;5376.81;5398.13;5419.44;5440.75;5462.06
2026.03.02 12:00:00;XAUUSD;PERIOD_M15;LIVE;VALID;SELL;5390.44;2026.03.02 14:45:00;5396.99;-655.0;11;LOSS;NEXT_SIGNAL;2026.03.02 15:00:00;5397.26;-682.0;12;LOSS;REV;YES;;;;13.81;37;5394.99;5396.46;-147.6;0.0;BULL;BUY;OFF;0.77;31.47;15.34;24.04;5407.71;5376.63;5362.82;5349.00;5335.19;5321.38
2026.03.02 14:45:00;XAUUSD;PERIOD_M15;LIVE;VALID;BUY;5396.99;2026.03.02 15:00:00;5384.10;-1289.0;1;LOSS;NEXT_SIGNAL;2026.03.02 15:15:00;5384.18;-1281.0;2;LOSS;REV;YES;;;;12.67;40;5393.36;5392.80;55.9;0.0;BULL;BUY;OFF;0.77;12.96;15.54;16.53;5381.15;5409.66;5422.34;5435.01;5447.69;5460.36
2026.03.02 15:00:00;XAUUSD;PERIOD_M15;LIVE;VALID;SELL;5384.10;2026.03.02 15:15:00;5401.48;-1738.0;1;LOSS;NEXT_SIGNAL;2026.03.02 15:30:00;5401.92;-1782.0;2;LOSS;REV;YES;;;;14.07;40;5391.30;5391.76;-46.0;-14.0;BULL;BUY;OFF;0.74;13.09;18.99;14.33;5401.69;5370.03;5355.96;5341.89;5327.81;5313.74
2026.03.02 15:15:00;XAUUSD;PERIOD_M15;LIVE;VALID;BUY;5401.48;2026.03.02 16:00:00;5375.17;-2631.0;3;LOSS;NEXT_SIGNAL;2026.03.02 16:15:00;5374.99;-2649.0;4;LOSS;REV;YES;;;;15.22;40;5393.56;5392.50;106.3;14.0;BULL;BUY;OFF;0.77;13.21;16.45;12.42;5382.45;5416.70;5431.93;5447.15;5462.38;5477.60
2026.03.02 16:00:00;XAUUSD;PERIOD_M15;LIVE;VALID;SELL;5375.17;2026.03.02 21:00:00;5330.53;4464.0;20;WIN;NEXT_SIGNAL;2026.03.02 21:15:00;5330.99;4418.0;21;WIN;REV;YES;;;;17.19;37;5389.46;5390.97;-150.6;-14.0;BULL NOISE;BUY;OFF;0.82;15.35;13.79;23.02;5396.65;5357.98;5340.80;5323.61;5306.43;5289.24
2026.03.02 21:00:00;XAUUSD;PERIOD_M15;LIVE;VALID;BUY;5330.53;2026.03.03 07:15:00;5358.78;2825.0;37;WIN;NEXT_SIGNAL;2026.03.03 07:30:00;5358.71;2818.0;38;WIN;REV;YES;;;;23.00;40;5311.48;5309.12;236.0;0.0;BEAR;SELL;OFF;0.81;30.70;27.87;14.28;5301.78;5353.53;5376.52;5399.52;5422.52;5445.52
2026.03.03 07:15:00;XAUUSD;PERIOD_M15;LIVE;VALID;SELL;5358.78;2026.03.03 20:00:00;5103.33;25545.0;51;WIN;NEXT_SIGNAL;2026.03.03 20:15:00;5103.73;25505.0;52;WIN;REV;YES;;;;11.08;38;5363.28;5363.63;-35.5;0.0;BEAR;SELL;OFF;0.87;27.04;12.89;20.97;5372.63;5347.70;5336.62;5325.54;5314.46;5303.38
2026.03.03 20:00:00;XAUUSD;PERIOD_M15;LIVE;VALID;BUY;5103.33;2026.03.03 23:00:00;5098.54;-479.0;12;LOSS;NEXT_SIGNAL;2026.03.03 23:15:00;5098.59;-474.0;13;LOSS;REV;YES;;;;32.69;35;5092.65;5091.95;70.5;0.0;BEAR;SELL;OFF;0.82;20.30;23.06;24.10;5062.47;5136.02;5168.70;5201.39;5234.08;5266.76
2026.03.03 23:00:00;XAUUSD;PERIOD_M15;LIVE;VALID;SELL;5098.54;2026.03.04 01:30:00;5125.53;-2699.0;6;LOSS;NEXT_SIGNAL;2026.03.04 01:45:00;5125.94;-2740.0;7;LOSS;REV;YES;;;;21.66;45;5108.15;5109.69;-153.3;0.0;BEAR;SELL;OFF;0.84;16.21;12.82;20.86;5125.62;5076.88;5055.21;5033.55;5011.89;4990.23
2026.03.04 01:30:00;XAUUSD;PERIOD_M15;LIVE;VALID;BUY;5125.53;2026.03.04 06:45:00;5156.80;3127.0;21;WIN;NEXT_SIGNAL;2026.03.04 07:00:00;5156.79;3126.0;22;WIN;REV;YES;;;;17.85;38;5111.67;5109.74;193.1;0.0;BEAR;SELL;OFF;0.94;22.89;23.23;15.46;5103.22;5143.38;5161.23;5179.07;5196.92;5214.77
2026.03.04 06:45:00;XAUUSD;PERIOD_M15;LIVE;VALID;SELL;5156.80;2026.03.04 09:15:00;5167.73;-1093.0;10;LOSS;NEXT_SIGNAL;2026.03.04 09:30:00;5167.88;-1108.0;11;LOSS;REV;YES;;;;17.07;40;5163.99;5164.73;-74.0;0.0;BEAR;SELL;OFF;0.84;19.53;17.15;23.81;5178.13;5139.73;5122.67;5105.60;5088.54;5071.47
2026.03.04 09:15:00;XAUUSD;PERIOD_M15;LIVE;VALID;BUY;5167.73;2026.03.04 14:30:00;5166.83;-90.0;21;LOSS;NEXT_SIGNAL;2026.03.04 14:45:00;5165.54;-219.0;22;LOSS;REV;YES;;;;16.36;38;5158.85;5158.32;52.8;0.0;BEAR;SELL;OFF;0.80;24.00;20.43;12.52;5147.28;5184.09;5200.45;5216.81;5233.17;5249.53
2026.03.04 14:30:00;XAUUSD;PERIOD_M15;LIVE;VALID;SELL;5166.83;2026.03.04 22:30:00;5143.91;2292.0;32;WIN;NEXT_SIGNAL;2026.03.04 22:45:00;5144.26;2257.0;33;WIN;REV;YES;;;;13.43;34;5183.69;5184.82;-113.4;-14.0;BEAR;SELL;OFF;0.88;27.10;22.90;29.07;5183.62;5153.40;5139.97;5126.53;5113.10;5099.67
2026.03.04 22:30:00;XAUUSD;PERIOD_M15;LIVE;VALID;BUY;5143.91;2026.03.05 06:30:00;5174.26;3035.0;28;WIN;NEXT_SIGNAL;2026.03.05 06:45:00;5174.24;3033.0;29;WIN;REV;YES;;;;14.34;38;5135.48;5134.31;116.7;0.0;BEAR;SELL;OFF;0.96;14.42;25.00;14.20;5125.99;5158.25;5172.59;5186.92;5201.26;5215.60
2026.03.05 06:30:00;XAUUSD;PERIOD_M15;LIVE;VALID;SELL;5174.26;2026.03.05 10:45:00;5165.53;873.0;17;WIN;NEXT_SIGNAL;2026.03.05 11:00:00;5165.85;841.0;18;WIN;REV;YES;;;;10.76;39;5179.98;5180.20;-22.3;0.0;BEAR;SELL;OFF;0.87;28.10;9.85;13.08;5187.72;5163.50;5152.73;5141.97;5131.20;5120.44
2026.03.05 10:45:00;XAUUSD;PERIOD_M15;LIVE;VALID;BUY;5165.53;2026.03.05 12:30:00;5157.01;-852.0;7;LOSS;NEXT_SIGNAL;2026.03.05 12:45:00;5157.02;-851.0;8;LOSS;REV;YES;;;;15.56;34;5157.69;5157.65;4.0;0.0;BEAR;SELL;OFF;0.86;23.66;26.93;20.59;5146.08;5181.09;5196.66;5212.22;5227.78;5243.34
2026.03.05 12:30:00;XAUUSD;PERIOD_M15;LIVE;VALID;SELL;5157.01;2026.03.05 12:45:00;5164.50;-749.0;1;LOSS;NEXT_SIGNAL;2026.03.05 13:00:00;5164.97;-796.0;2;LOSS;REV;YES;;;;12.34;34;5159.39;5159.66;-27.0;0.0;BEAR;SELL;OFF;0.87;21.95;13.06;25.92;5172.43;5144.67;5132.33;5119.99;5107.66;5095.32
2026.03.05 12:45:00;XAUUSD;PERIOD_M15;LIVE;VALID;BUY;5164.50;2026.03.05 15:00:00;5155.73;-877.0;9;LOSS;NEXT_SIGNAL;2026.03.05 15:15:00;5155.74;-876.0;10;LOSS;REV;YES;;;;12.53;34;5160.52;5160.35;17.5;0.0;BEAR;SELL;OFF;0.88;19.15;22.04;22.46;5148.83;5177.03;5189.56;5202.10;5214.63;5227.16
2026.03.05 15:00:00;XAUUSD;PERIOD_M15;LIVE;VALID;SELL;5155.73;2026.03.05 22:15:00;5080.57;7516.0;29;WIN;NEXT_SIGNAL;2026.03.05 22:30:00;5080.94;7479.0;30;WIN;REV;YES;;;;8.77;38;5161.28;5162.04;-75.6;0.0;BEAR;SELL;OFF;0.91;13.66;12.78;23.31;5166.70;5146.96;5138.19;5129.41;5120.64;5111.87
2026.03.05 22:15:00;XAUUSD;PERIOD_M15;LIVE;VALID;BUY;5080.57;2026.03.06 03:15:00;5085.69;512.0;16;WIN;NEXT_SIGNAL;2026.03.06 03:30:00;5085.70;513.0;17;WIN;REV;YES;;;;15.33;35;5073.78;5072.83;95.4;0.0;BEAR;SELL;OFF;0.77;21.65;27.71;15.68;5061.41;5095.90;5111.22;5126.55;5141.87;5157.20
2026.03.06 03:15:00;XAUUSD;PERIOD_M15;LIVE;VALID;SELL;5085.69;2026.03.06 03:30:00;5118.42;-3273.0;1;LOSS;NEXT_SIGNAL;2026.03.06 03:45:00;5118.80;-3311.0;2;LOSS;REV;YES;;;;13.42;39;5084.32;5084.35;-2.9;0.0;BEAR;SELL;OFF;0.82;17.55;12.64;15.57;5102.47;5072.26;5058.84;5045.41;5031.99;5018.56
2026.03.06 03:30:00;XAUUSD;PERIOD_M15;LIVE;VALID;BUY;5118.42;2026.03.06 07:30:00;5120.99;257.0;16;WIN;NEXT_SIGNAL;2026.03.06 07:45:00;5120.99;257.0;17;WIN;REV;YES;;;;15.03;39;5091.90;5087.84;405.6;14.0;BEAR NOISE;SELL;OFF;0.82;18.69;23.02;13.49;5099.63;5133.45;5148.48;5163.52;5178.55;5193.58
2026.03.06 07:30:00;XAUUSD;PERIOD_M15;LIVE;VALID;SELL;5120.99;2026.03.06 15:30:00;5121.63;-64.0;32;LOSS;NEXT_SIGNAL;2026.03.06 15:45:00;5122.36;-137.0;33;LOSS;REV;YES;;;;7.89;37;5127.17;5127.91;-73.9;0.0;BULL;BUY;OFF;0.78;21.88;11.38;15.84;5130.86;5113.10;5105.20;5097.31;5089.41;5081.52
2026.03.06 15:30:00;XAUUSD;PERIOD_M15;LIVE;VALID;BUY;5121.63;2026.03.09 01:00:00;5101.79;-1984.0;34;LOSS;NEXT_SIGNAL;2026.03.09 01:15:00;5101.80;-1983.0;35;LOSS;REV;YES;;;;16.87;34;5092.57;5089.17;340.1;14.0;BULL;BUY;OFF;0.85;23.85;24.38;21.01;5100.54;5138.50;5155.37;5172.24;5189.12;5205.99
2026.03.09 01:00:00;XAUUSD;PERIOD_M15;LIVE;VALID;SELL;5101.79;2026.03.09 04:30:00;5092.57;922.0;14;WIN;NEXT_SIGNAL;2026.03.09 04:45:00;5092.97;882.0;15;WIN;REV;YES;;;;14.36;39;5150.68;5155.85;-517.1;-26.6;BEAR;SELL;OFF;0.89;27.65;25.50;20.37;5119.74;5087.43;5073.07;5058.70;5044.34;5029.98
2026.03.09 04:30:00;XAUUSD;PERIOD_M15;LIVE;VALID;BUY;5092.57;2026.03.09 09:45:00;5098.71;614.0;21;WIN;NEXT_SIGNAL;2026.03.09 10:00:00;5099.05;648.0;22;WIN;REV;YES;;;;28.45;39;5081.11;5080.44;66.6;0.0;BEAR;SELL;OFF;0.82;11.27;13.44;13.46;5057.00;5121.02;5149.48;5177.93;5206.38;5234.83
2026.03.09 09:45:00;XAUUSD;PERIOD_M15;LIVE;VALID;SELL;5098.71;2026.03.09 11:15:00;5125.20;-2649.0;6;LOSS;NEXT_SIGNAL;2026.03.09 11:30:00;5125.59;-2688.0;7;LOSS;REV;YES;;;;14.49;34;5103.58;5104.37;-79.1;0.0;BEAR;SELL;OFF;0.86;23.91;15.30;27.68;5116.82;5084.22;5069.74;5055.25;5040.76;5026.28
2026.03.09 11:15:00;XAUUSD;PERIOD_M15;LIVE;VALID;BUY;5125.20;2026.03.09 12:30:00;5095.71;-2949.0;5;LOSS;NEXT_SIGNAL;2026.03.09 12:45:00;5095.61;-2959.0;6;LOSS;REV;YES;;;;13.65;34;5106.35;5104.96;138.0;14.0;BEAR NOISE;SELL;OFF;0.94;19.05;32.13;18.85;5108.13;5138.85;5152.51;5166.16;5179.82;5193.47
2026.03.09 12:30:00;XAUUSD;PERIOD_M15;LIVE;VALID;SELL;5095.71;2026.03.09 16:45:00;5093.86;185.0;15;WIN;NEXT_SIGNAL;2026.03.09 17:00:00;5094.13;158.0;16;WIN;REV;YES;;;;13.42;34;5102.75;5103.29;-54.2;-14.0;BEAR;SELL;OFF;0.87;14.90;20.08;31.91;5112.48;5082.29;5068.87;5055.46;5042.04;5028.62
2026.03.09 16:45:00;XAUUSD;PERIOD_M15;LIVE;VALID;BUY;5093.86;2026.03.09 20:00:00;5097.47;361.0;13;WIN;NEXT_SIGNAL;2026.03.09 20:15:00;5097.48;362.0;14;WIN;REV;YES;;;;17.90;34;5090.23;5089.30;92.6;0.0;BEAR;SELL;OFF;0.87;22.77;17.56;15.01;5071.48;5111.76;5129.67;5147.57;5165.48;5183.38
2026.03.09 20:00:00;XAUUSD;PERIOD_M15;LIVE;VALID;SELL;5097.47;2026.03.09 20:15:00;5104.99;-752.0;1;LOSS;NEXT_SIGNAL;2026.03.09 20:30:00;5105.29;-782.0;2;LOSS;REV;YES;;;;11.58;34;5097.26;5097.37;-10.8;0.0;BEAR;SELL;OFF;0.87;20.24;12.46;16.63;5111.95;5085.89;5074.30;5062.72;5051.14;5039.55
2026.03.09 20:15:00;XAUUSD;PERIOD_M15;LIVE;VALID;BUY;5104.99;2026.03.10 02:45:00;5130.96;2597.0;18;WIN;NEXT_SIGNAL;2026.03.10 03:00:00;5130.11;2512.0;19;WIN;REV;YES;;;;10.17;34;5098.98;5098.38;60.1;0.0;BEAR;SELL;OFF;0.87;20.43;22.40;14.41;5092.27;5115.16;5125.34;5135.51;5145.68;5155.86
2026.03.10 02:45:00;XAUUSD;PERIOD_M15;LIVE;VALID;SELL;5130.96;2026.03.10 03:15:00;5157.73;-2677.0;2;LOSS;NEXT_SIGNAL;2026.03.10 03:30:00;5158.20;-2724.0;3;LOSS;REV;YES;;;;10.56;37;5135.24;5136.33;-108.4;0.0;BEAR;SELL;OFF;0.82;27.87;13.95;17.86;5144.16;5120.40;5109.83;5099.27;5088.71;5078.15
2026.03.10 03:15:00;XAUUSD;PERIOD_M15;LIVE;VALID;BUY;5157.73;2026.03.10 06:30:00;5161.87;414.0;13;WIN;NEXT_SIGNAL;2026.03.10 06:45:00;5161.86;413.0;14;WIN;REV;YES;;;;12.34;38;5141.63;5139.62;201.0;0.0;BEAR NOISE;SELL;OFF;0.82;25.75;23.73;13.41;5142.31;5170.07;5182.40;5194.74;5207.08;5219.42
2026.03.10 06:30:00;XAUUSD;PERIOD_M15;LIVE;VALID;SELL;5161.87;2026.03.10 07:15:00;5171.65;-978.0;3;LOSS;NEXT_SIGNAL;2026.03.10 07:30:00;5171.89;-1002.0;4;LOSS;REV;YES;;;;12.14;37;5163.38;5163.84;-45.7;0.0;BULL;BUY;OFF;0.94;20.31;13.28;14.25;5177.05;5149.73;5137.59;5125.45;5113.31;5101.17
2026.03.10 07:15:00;XAUUSD;PERIOD_M15;LIVE;VALID;BUY;5171.65;2026.03.10 12:15:00;5173.75;210.0;20;WIN;NEXT_SIGNAL;2026.03.10 12:30:00;5173.90;225.0;21;WIN;REV;YES;;;;8.95;37;5166.91;5166.56;34.9;0.0;BULL;BUY;OFF;0.92;22.39;20.54;9.28;5160.46;5180.60;5189.56;5198.51;5207.46;5216.41
2026.03.10 12:15:00;XAUUSD;PERIOD_M15;LIVE;VALID;SELL;5173.75;2026.03.10 14:45:00;5186.94;-1319.0;10;LOSS;NEXT_SIGNAL;2026.03.10 15:00:00;5187.27;-1352.0;11;LOSS;REV;YES;;;;9.65;34;5181.29;5181.37;-8.7;0.0;BULL;BUY;OFF;0.87;27.42;11.36;19.02;5185.82;5164.10;5154.44;5144.79;5135.14;5125.48
2026.03.10 14:45:00;XAUUSD;PERIOD_M15;LIVE;VALID;BUY;5186.94;2026.03.10 20:15:00;5202.89;1595.0;22;WIN;NEXT_SIGNAL;2026.03.10 20:30:00;5202.90;1596.0;23;WIN;REV;YES;;;;10.63;34;5180.93;5180.25;68.0;0.0;BULL;BUY;OFF;0.85;21.10;24.20;18.68;5173.65;5197.57;5208.21;5218.84;5229.48;5240.11
2026.03.10 20:15:00;XAUUSD;PERIOD_M15;LIVE;VALID;SELL;5202.89;2026.03.11 02:15:00;5212.30;-941.0;16;LOSS;NEXT_SIGNAL;2026.03.11 02:30:00;5212.62;-973.0;17;LOSS;REV;YES;;;;13.51;34;5220.39;5223.16;-276.8;-14.0;BULL NOISE;BUY;OFF;0.87;29.97;11.84;32.06;5219.78;5189.38;5175.87;5162.36;5148.86;5135.35
2026.03.11 02:15:00;XAUUSD;PERIOD_M15;LIVE;VALID;BUY;5212.30;2026.03.11 05:45:00;5203.26;-904.0;14;LOSS;NEXT_SIGNAL;2026.03.11 06:00:01;5203.37;-893.0;15;LOSS;REV;YES;;;;10.74;37;5198.47;5197.04;143.6;0.0;BULL;BUY;OFF;0.87;43.89;12.76;15.66;5198.87;5223.04;5233.79;5244.53;5255.27;5266.02
2026.03.11 05:45:00;XAUUSD;PERIOD_M15;LIVE;VALID;SELL;5203.26;2026.03.11 14:15:00;5191.11;1215.0;34;WIN;NEXT_SIGNAL;2026.03.11 14:30:00;5191.37;1189.0;35;WIN;REV;YES;;;;9.33;35;5207.58;5208.20;-62.5;0.0;BULL;BUY;OFF;0.90;23.49;13.58;24.17;5214.92;5193.93;5184.61;5175.28;5165.95;5156.62
2026.03.11 14:15:00;XAUUSD;PERIOD_M15;LIVE;BLOCKED;BUY;5191.11;2026.03.11 14:30:00;5180.32;-1079.0;1;LOSS;NEXT_SIGNAL;;;;;;;NO;MARKET;SPREAD;;10.14;52;5187.28;5186.97;30.7;0.0;BULL;BUY;OFF;0.98;22.28;13.49;14.22;5178.43;5201.25;5211.39;5221.53;5231.67;5241.81
2026.03.11 14:30:00;XAUUSD;PERIOD_M15;LIVE;VALID;SELL;5180.32;2026.03.11 16:15:00;5194.16;-1384.0;7;LOSS;NEXT_SIGNAL;2026.03.11 16:30:00;5194.78;-1446.0;8;LOSS;REV;YES;;;;11.21;34;5185.73;5186.26;-52.2;0.0;BULL NOISE;BUY;OFF;0.97;23.03;11.70;20.76;5194.33;5169.11;5157.90;5146.69;5135.48;5124.27
2026.03.11 16:15:00;XAUUSD;PERIOD_M15;LIVE;VALID;BUY;5194.16;2026.03.11 17:00:00;5170.78;-2338.0;3;LOSS;NEXT_SIGNAL;2026.03.11 17:15:00;5170.79;-2337.0;4;LOSS;REV;YES;;;;14.45;45;5183.25;5182.39;86.7;14.0;BULL;BUY;OFF;0.97;29.96;20.81;23.21;5176.09;5208.61;5223.07;5237.52;5251.98;5266.43
2026.03.11 17:00:00;XAUUSD;PERIOD_M15;LIVE;VALID;SELL;5170.78;2026.03.11 20:30:00;5176.90;-612.0;14;LOSS;NEXT_SIGNAL;2026.03.11 20:45:00;5177.60;-682.0;15;LOSS;REV;YES;;;;15.83;34;5180.45;5181.08;-62.7;-14.0;BULL;BUY;OFF;0.97;27.41;13.55;27.35;5190.57;5154.95;5139.12;5123.29;5107.45;5091.62
2026.03.11 20:30:00;XAUUSD;PERIOD_M15;LIVE;VALID;BUY;5176.90;2026.03.12 01:00:00;5152.02;-2488.0;10;LOSS;NEXT_SIGNAL;2026.03.12 01:15:00;5151.99;-2491.0;11;LOSS;REV;YES;;;;8.60;34;5173.50;5173.06;44.1;14.0;BULL;BUY;OFF;0.81;23.49;21.40;15.66;5166.15;5185.50;5194.11;5202.71;5211.31;5219.91
2026.03.12 01:00:00;XAUUSD;PERIOD_M15;LIVE;VALID;SELL;5152.02;2026.03.12 03:45:00;5168.59;-1657.0;11;LOSS;NEXT_SIGNAL;2026.03.12 04:00:00;5168.71;-1669.0;12;LOSS;REV;YES;;;;7.76;37;5171.39;5173.71;-231.9;-14.0;BEAR;SELL;OFF;0.87;19.72;14.61;26.01;5161.72;5144.26;5136.51;5128.75;5120.99;5113.23
2026.03.12 03:45:00;XAUUSD;PERIOD_M15;LIVE;VALID;BUY;5168.59;2026.03.12 05:15:00;5151.75;-1684.0;6;LOSS;NEXT_SIGNAL;2026.03.12 05:30:00;5151.69;-1690.0;7;LOSS;REV;YES;;;;12.78;34;5160.39;5158.84;155.6;0.0;BEAR NOISE;SELL;OFF;0.77;19.88;28.69;15.12;5152.62;5181.37;5194.14;5206.92;5219.70;5232.48
2026.03.12 05:15:00;XAUUSD;PERIOD_M15;LIVE;VALID;SELL;5151.75;2026.03.12 08:15:00;5156.98;-523.0;12;LOSS;NEXT_SIGNAL;2026.03.12 08:30:00;5156.79;-504.0;13;LOSS;REV;YES;;;;11.32;39;5157.19;5157.55;-35.4;-14.0;BEAR;SELL;OFF;0.76;21.22;14.14;22.74;5165.90;5140.43;5129.10;5117.78;5106.46;5095.13
2026.03.12 08:15:00;XAUUSD;PERIOD_M15;LIVE;VALID;BUY;5156.98;2026.03.12 13:15:00;5176.32;1934.0;20;WIN;NEXT_SIGNAL;2026.03.12 13:30:00;5176.36;1938.0;21;WIN;REV;YES;;;;7.16;34;5152.37;5151.85;52.1;0.0;BEAR NOISE;SELL;OFF;0.90;19.98;15.45;20.68;5148.03;5164.14;5171.30;5178.45;5185.61;5192.77
2026.03.12 13:15:00;XAUUSD;PERIOD_M15;LIVE;VALID;SELL;5176.32;2026.03.13 01:45:00;5098.12;7820.0;42;WIN;NEXT_SIGNAL;2026.03.13 02:00:00;5098.42;7790.0;43;WIN;REV;YES;;;;6.51;34;5180.13;5180.49;-36.6;0.0;BEAR;SELL;OFF;0.89;22.02;15.01;27.53;5184.46;5169.81;5163.29;5156.78;5150.26;5143.75
2026.03.13 01:45:00;XAUUSD;PERIOD_M15;LIVE;VALID;BUY;5098.12;2026.03.13 05:30:00;5110.60;1248.0;15;WIN;NEXT_SIGNAL;2026.03.13 05:45:01;5110.79;1267.0;16;WIN;REV;YES;;;;11.31;34;5090.93;5090.09;84.5;0.0;BEAR;SELL;OFF;0.78;43.50;24.60;21.28;5083.98;5109.43;5120.74;5132.06;5143.37;5154.68
2026.03.13 05:30:00;XAUUSD;PERIOD_M15;LIVE;VALID;SELL;5110.60;2026.03.13 12:00:00;5093.29;1731.0;26;WIN;NEXT_SIGNAL;2026.03.13 12:15:01;5093.64;1696.0;27;WIN;REV;YES;;;;7.37;34;5113.03;5113.27;-23.5;0.0;BEAR;SELL;OFF;0.66;28.80;13.03;24.12;5119.81;5103.23;5095.86;5088.49;5081.12;5073.75
2026.03.13 12:00:00;XAUUSD;PERIOD_M15;LIVE;VALID;BUY;5093.29;2026.03.13 16:15:00;5088.91;-438.0;17;LOSS;NEXT_SIGNAL;2026.03.13 16:30:00;5088.92;-437.0;18;LOSS;REV;YES;;;;11.97;36;5088.51;5087.39;111.8;0.0;BEAR;SELL;OFF;0.83;20.64;14.16;13.80;5078.33;5105.26;5117.22;5129.19;5141.16;5153.12
2026.03.13 16:15:00;XAUUSD;PERIOD_M15;LIVE;VALID;SELL;5088.91;2026.03.16 02:45:00;5025.69;6322.0;34;WIN;NEXT_SIGNAL;2026.03.16 03:00:00;5026.06;6285.0;35;WIN;REV;YES;;;;11.75;36;5100.45;5102.66;-221.3;0.0;BEAR;SELL;OFF;0.85;24.14;14.69;27.56;5103.60;5077.16;5065.40;5053.65;5041.90;5030.14
2026.03.16 02:45:00;XAUUSD;PERIOD_M15;LIVE;VALID;BUY;5025.69;2026.03.16 03:00:00;4987.05;-3864.0;1;LOSS;NEXT_SIGNAL;2026.03.16 03:15:00;4987.07;-3862.0;2;LOSS;REV;YES;;;;17.34;36;5016.93;5015.90;103.2;14.0;BEAR;SELL;OFF;0.93;32.93;16.06;16.15;5004.01;5043.03;5060.37;5077.71;5095.05;5112.39
2026.03.16 03:00:00;XAUUSD;PERIOD_M15;LIVE;VALID;SELL;4987.05;2026.03.16 04:00:00;5015.12;-2807.0;4;LOSS;NEXT_SIGNAL;2026.03.16 04:15:00;5015.51;-2846.0;5;LOSS;REV;YES;;;;19.15;36;5010.29;5012.59;-229.9;-26.6;BEAR;SELL;OFF;0.90;32.14;13.92;24.24;5010.99;4967.90;4948.75;4929.60;4910.46;4891.31
2026.03.16 04:00:00;XAUUSD;PERIOD_M15;LIVE;VALID;BUY;5015.12;2026.03.16 04:45:00;5003.56;-1156.0;3;LOSS;NEXT_SIGNAL;2026.03.16 05:00:01;5003.57;-1155.0;4;LOSS;REV;YES;;;;20.48;36;5009.18;5008.84;33.6;0.0;BEAR;SELL;OFF;0.92;27.23;21.54;15.38;4989.52;5035.60;5056.08;5076.56;5097.05;5117.53
2026.03.16 04:45:00;XAUUSD;PERIOD_M15;LIVE;VALID;SELL;5003.56;2026.03.16 05:30:00;5018.85;-1529.0;3;LOSS;NEXT_SIGNAL;2026.03.16 05:45:01;5019.10;-1554.0;4;LOSS;REV;YES;;;;17.55;36;5007.88;5007.97;-8.9;-14.0;BEAR;SELL;OFF;0.83;24.09;14.02;23.55;5025.49;4986.01;4968.47;4950.92;4933.38;4915.83
2026.03.16 05:30:00;XAUUSD;PERIOD_M15;LIVE;VALID;BUY;5018.85;2026.03.16 09:00:00;5009.80;-905.0;14;LOSS;NEXT_SIGNAL;2026.03.16 09:15:00;5009.73;-912.0;15;LOSS;REV;YES;;;;14.57;36;5009.74;5008.41;133.6;14.0;BEAR;SELL;OFF;0.83;22.12;24.73;15.33;5000.63;5033.42;5048.00;5062.57;5077.14;5091.71
2026.03.16 09:00:00;XAUUSD;PERIOD_M15;LIVE;VALID;SELL;5009.80;2026.03.16 13:00:00;5002.17;763.0;16;WIN;NEXT_SIGNAL;2026.03.16 13:15:00;5003.11;669.0;17;WIN;REV;YES;;;;8.50;36;5016.64;5016.86;-21.2;0.0;BEAR;SELL;OFF;0.82;18.17;20.48;27.29;5020.43;5001.30;4992.79;4984.29;4975.78;4967.28
2026.03.16 13:00:00;XAUUSD;PERIOD_M15;LIVE;VALID;BUY;5002.17;2026.03.16 16:45:00;4995.89;-628.0;15;LOSS;NEXT_SIGNAL;2026.03.16 17:00:00;4995.88;-629.0;16;LOSS;REV;YES;;;;11.51;36;4991.33;4990.24;109.0;14.0;BEAR;SELL;OFF;0.86;36.22;26.20;16.45;4987.78;5013.68;5025.20;5036.71;5048.22;5059.74
2026.03.16 16:45:00;XAUUSD;PERIOD_M15;LIVE;VALID;SELL;4995.89;2026.03.16 20:15:00;5006.25;-1036.0;14;LOSS;NEXT_SIGNAL;2026.03.16 20:30:00;5006.69;-1080.0;15;LOSS;REV;YES;;;;13.31;36;5012.01;5014.60;-259.4;0.0;BEAR;SELL;OFF;0.89;27.00;16.90;37.79;5012.53;4982.58;4969.26;4955.95;4942.64;4929.33
2026.03.16 20:15:00;XAUUSD;PERIOD_M15;LIVE;VALID;BUY;5006.25;2026.03.17 02:00:00;5006.49;24.0;15;WIN;NEXT_SIGNAL;2026.03.17 02:15:00;5006.48;23.0;16;WIN;REV;YES;;;;13.09;36;4996.84;4995.67;117.1;0.0;BEAR;SELL;OFF;0.85;27.03;26.76;19.46;4989.88;5019.34;5032.43;5045.53;5058.62;5071.71
2026.03.17 02:00:00;XAUUSD;PERIOD_M15;LIVE;VALID;SELL;5006.49;2026.03.17 03:30:00;5017.91;-1142.0;6;LOSS;NEXT_SIGNAL;2026.03.17 03:45:00;5018.14;-1165.0;7;LOSS;REV;YES;;;;7.33;36;5008.93;5009.23;-30.2;0.0;BEAR;SELL;OFF;0.77;19.23;22.26;24.68;5015.66;4999.16;4991.82;4984.49;4977.15;4969.82
2026.03.17 03:30:00;XAUUSD;PERIOD_M15;LIVE;VALID;BUY;5017.91;2026.03.17 08:00:00;5012.73;-518.0;18;LOSS;NEXT_SIGNAL;2026.03.17 08:15:00;5012.64;-527.0;19;LOSS;REV;YES;;;;7.94;36;5010.26;5009.17;109.6;0.0;BEAR NOISE;SELL;OFF;0.86;16.83;24.55;13.48;5007.98;5025.85;5033.80;5041.74;5049.68;5057.63
2026.03.17 08:00:00;XAUUSD;PERIOD_M15;LIVE;VALID;SELL;5012.73;2026.03.17 10:45:00;5024.59;-1186.0;11;LOSS;NEXT_SIGNAL;2026.03.17 11:00:00;5024.97;-1224.0;12;LOSS;REV;YES;;;;8.25;36;5026.78;5029.06;-228.3;0.0;BEAR;SELL;OFF;0.89;35.03;16.26;30.50;5023.04;5004.48;4996.23;4987.98;4979.73;4971.48
2026.03.17 10:45:00;XAUUSD;PERIOD_M15;LIVE;VALID;BUY;5024.59;2026.03.17 11:00:00;5013.97;-1062.0;1;LOSS;NEXT_SIGNAL;2026.03.17 11:15:00;5013.93;-1066.0;2;LOSS;REV;YES;;;;9.21;36;5021.46;5021.14;31.8;14.0;BEAR;SELL;OFF;0.87;26.68;16.06;9.24;5013.08;5033.80;5043.01;5052.22;5061.44;5070.65
2026.03.17 11:00:00;XAUUSD;PERIOD_M15;LIVE;VALID;SELL;5013.97;2026.03.17 14:15:00;5020.04;-607.0;13;LOSS;NEXT_SIGNAL;2026.03.17 14:30:00;5020.39;-642.0;14;LOSS;REV;YES;;;;9.57;36;5019.79;5020.18;-38.7;-14.0;BEAR;SELL;OFF;0.87;23.37;13.92;13.41;5025.93;5004.40;4994.84;4985.27;4975.70;4966.14
2026.03.17 14:15:00;XAUUSD;PERIOD_M15;LIVE;VALID;BUY;5020.04;2026.03.17 16:45:00;5007.53;-1251.0;10;LOSS;NEXT_SIGNAL;2026.03.17 17:00:00;5007.55;-1249.0;11;LOSS;REV;YES;;;;9.57;36;5009.69;5009.43;25.3;0.0;BEAR NOISE;SELL;OFF;0.86;24.66;20.22;14.72;5008.08;5029.61;5039.17;5048.74;5058.31;5067.88
2026.03.17 16:45:00;XAUUSD;PERIOD_M15;LIVE;VALID;SELL;5007.53;2026.03.17 20:00:00;5006.28;125.0;13;WIN;NEXT_SIGNAL;2026.03.17 20:15:00;5006.63;90.0;14;WIN;REV;YES;;;;11.49;36;5012.84;5012.85;-1.1;0.0;BEAR;SELL;OFF;0.90;13.68;16.86;15.19;5021.89;4996.04;4984.55;4973.06;4961.56;4950.07
2026.03.17 20:00:00;XAUUSD;PERIOD_M15;LIVE;VALID;BUY;5006.28;2026.03.18 01:00:00;4999.13;-715.0;12;LOSS;NEXT_SIGNAL;2026.03.18 01:15:03;4999.14;-714.0;13;LOSS;REV;YES;;;;11.13;36;5002.43;5002.25;18.8;0.0;BEAR;SELL;OFF;0.82;15.28;19.98;15.23;4992.36;5017.41;5028.55;5039.68;5050.81;5061.95
2026.03.18 01:00:00;XAUUSD;PERIOD_M15;LIVE;VALID;SELL;4999.13;2026.03.18 02:00:00;5009.92;-1079.0;4;LOSS;NEXT_SIGNAL;2026.03.18 02:15:00;5010.29;-1116.0;5;LOSS;REV;YES;;;;5.45;36;5002.53;5002.56;-2.8;0.0;BEAR;SELL;OFF;0.82;11.31;15.94;15.91;5005.95;4993.68;4988.23;4982.77;4977.32;4971.87
2026.03.18 02:00:00;XAUUSD;PERIOD_M15;LIVE;VALID;BUY;5009.92;2026.03.18 03:45:00;4998.56;-1136.0;7;LOSS;NEXT_SIGNAL;2026.03.18 04:00:00;4999.07;-1085.0;8;LOSS;REV;YES;;;;5.08;36;5003.96;5003.09;87.1;14.0;BEAR;SELL;OFF;0.77;18.11;25.82;8.98;5003.57;5015.00;5020.09;5025.17;5030.25;5035.33
2026.03.18 03:45:00;XAUUSD;PERIOD_M15;LIVE;VALID;SELL;4998.56;2026.03.18 07:45:00;4997.55;101.0;16;WIN;NEXT_SIGNAL;2026.03.18 08:00:00;4997.66;90.0;17;WIN;REV;YES;;;;7.08;36;5003.65;5003.88;-23.0;0.0;BEAR;SELL;OFF;0.83;24.19;17.28;29.39;5007.41;4991.48;4984.40;4977.31;4970.23;4963.15
2026.03.18 07:45:00;XAUUSD;PERIOD_M15;LIVE;VALID;BUY;4997.55;2026.03.18 10:15:00;4988.89;-866.0;10;LOSS;NEXT_SIGNAL;2026.03.18 10:30:00;4988.91;-864.0;11;LOSS;REV;YES;;;;6.91;36;4993.68;4993.52;15.9;0.0;BEAR;SELL;OFF;0.95;21.12;21.99;15.14;4988.91;5004.46;5011.37;5018.28;5025.20;5032.11
2026.03.18 10:15:00;XAUUSD;PERIOD_M15;LIVE;VALID;SELL;4988.89;2026.03.18 18:15:00;4882.29;10660.0;32;WIN;NEXT_SIGNAL;2026.03.18 18:30:00;4882.62;10627.0;33;WIN;REV;YES;;;;8.41;36;4998.02;4999.72;-169.4;-14.0;BEAR;SELL;OFF;0.91;32.52;12.69;33.06;4999.40;4980.48;4972.07;4963.66;4955.25;4946.84
2026.03.18 18:15:00;XAUUSD;PERIOD_M15;LIVE;VALID;BUY;4882.29;2026.03.18 20:45:00;4852.72;-2957.0;10;LOSS;NEXT_SIGNAL;2026.03.18 21:00:00;4852.71;-2958.0;11;LOSS;REV;YES;;;;18.31;36;4873.94;4873.15;79.0;0.0;BEAR;SELL;OFF;0.95;29.05;25.38;19.91;4859.41;4900.60;4918.90;4937.21;4955.51;4973.82
2026.03.18 20:45:00;XAUUSD;PERIOD_M15;LIVE;VALID;SELL;4852.72;2026.03.19 02:30:00;4840.72;1200.0;15;WIN;NEXT_SIGNAL;2026.03.19 02:45:00;4841.07;1165.0;16;WIN;REV;YES;;;;12.54;36;4877.52;4879.70;-218.3;0.0;BEAR;SELL;OFF;0.98;25.93;13.05;25.23;4868.40;4840.18;4827.63;4815.09;4802.54;4790.00
2026.03.19 02:30:00;XAUUSD;PERIOD_M15;LIVE;VALID;BUY;4840.72;2026.03.19 06:30:00;4849.39;867.0;16;WIN;NEXT_SIGNAL;2026.03.19 06:45:00;4849.36;864.0;17;WIN;REV;YES;;;;14.00;36;4838.58;4838.34;23.8;-14.0;BEAR;SELL;OFF;0.82;24.19;24.40;15.25;4823.22;4854.72;4868.72;4882.72;4896.73;4910.73
2026.03.19 06:30:00;XAUUSD;PERIOD_M15;LIVE;VALID;SELL;4849.39;2026.03.19 17:00:00;4627.28;22211.0;42;WIN;NEXT_SIGNAL;2026.03.19 17:15:00;4627.65;22174.0;43;WIN;REV;YES;;;;9.66;36;4852.60;4853.23;-63.1;0.0;BEAR;SELL;OFF;0.83;22.90;17.64;23.51;4861.46;4839.73;4830.08;4820.42;4810.76;4801.11
2026.03.19 17:00:00;XAUUSD;PERIOD_M15;LIVE;VALID;BUY;4627.28;2026.03.19 17:30:00;4571.63;-5565.0;2;LOSS;NEXT_SIGNAL;2026.03.19 17:45:00;4571.60;-5568.0;3;LOSS;REV;YES;;;;46.27;36;4607.70;4606.38;131.3;0.0;BEAR;SELL;OFF;0.81;41.99;17.10;19.85;4569.44;4673.55;4719.82;4766.09;4812.36;4858.63
2026.03.19 17:30:00;XAUUSD;PERIOD_M15;LIVE;VALID;SELL;4571.63;2026.03.19 18:00:00;4604.85;-3322.0;2;LOSS;NEXT_SIGNAL;2026.03.19 18:15:00;4605.26;-3363.0;3;LOSS;REV;YES;;;;46.62;36;4598.85;4600.04;-118.5;0.0;BEAR;SELL;OFF;0.76;36.81;12.84;25.52;4629.90;4525.01;4478.39;4431.77;4385.15;4338.53
2026.03.19 18:00:00;XAUUSD;PERIOD_M15;LIVE;VALID;BUY;4604.85;2026.03.19 18:45:00;4584.65;-2020.0;3;LOSS;NEXT_SIGNAL;2026.03.19 19:00:00;4584.73;-2012.0;4;LOSS;REV;YES;;;;46.17;36;4599.73;4598.06;166.8;0.0;BEAR;SELL;OFF;0.85;30.86;17.84;19.17;4547.13;4651.02;4697.19;4743.37;4789.54;4835.71
2026.03.19 18:45:00;XAUUSD;PERIOD_M15;LIVE;VALID;SELL;4584.65;2026.03.19 19:45:00;4615.91;-3126.0;4;LOSS;NEXT_SIGNAL;2026.03.19 20:00:00;4615.64;-3099.0;5;LOSS;REV;YES;;;;38.02;36;4595.19;4595.68;-48.9;0.0;BEAR;SELL;OFF;0.88;26.58;11.61;21.45;4632.18;4546.63;4508.60;4470.58;4432.55;4394.53
2026.03.19 19:45:00;XAUUSD;PERIOD_M15;LIVE;VALID;BUY;4615.91;2026.03.20 07:45:00;4688.45;7254.0;40;WIN;NEXT_SIGNAL;2026.03.20 08:00:00;4688.54;7263.0;41;WIN;REV;YES;;;;31.24;36;4600.88;4598.87;201.7;14.0;BEAR;SELL;OFF;0.75;21.86;19.93;13.26;4576.86;4647.15;4678.39;4709.63;4740.87;4772.11
2026.03.20 07:45:00;XAUUSD;PERIOD_M15;LIVE;VALID;SELL;4688.45;2026.03.20 10:15:00;4722.78;-3433.0;10;LOSS;NEXT_SIGNAL;2026.03.20 10:30:00;4723.13;-3468.0;11;LOSS;REV;YES;;;;13.72;36;4709.85;4711.51;-165.9;0.0;BEAR;SELL;OFF;0.87;30.62;13.54;31.44;4705.61;4674.73;4661.00;4647.28;4633.55;4619.83
2026.03.20 10:15:00;XAUUSD;PERIOD_M15;LIVE;VALID;BUY;4722.78;2026.03.20 11:30:00;4673.31;-4947.0;5;LOSS;NEXT_SIGNAL;2026.03.20 11:45:00;4673.36;-4942.0;6;LOSS;REV;YES;;;;15.95;36;4703.24;4699.43;381.4;0.0;BEAR NOISE;SELL;OFF;0.84;36.30;42.18;12.26;4702.84;4738.73;4754.69;4770.64;4786.59;4802.55
2026.03.20 11:30:00;XAUUSD;PERIOD_M15;LIVE;VALID;SELL;4673.31;2026.03.20 14:30:00;4670.25;306.0;12;WIN;NEXT_SIGNAL;2026.03.20 14:45:00;4670.60;271.0;13;WIN;REV;YES;;;;17.46;36;4692.69;4694.59;-189.9;0.0;BEAR;SELL;OFF;0.77;24.37;20.62;25.17;4695.14;4655.85;4638.39;4620.93;4603.47;4586.01
2026.03.20 14:30:00;XAUUSD;PERIOD_M15;LIVE;VALID;BUY;4670.25;2026.03.20 15:15:00;4660.22;-1003.0;3;LOSS;NEXT_SIGNAL;2026.03.20 15:30:00;4660.16;-1009.0;4;LOSS;REV;YES;;;;18.58;36;4672.41;4672.32;8.9;0.0;BEAR;SELL;OFF;0.90;21.34;20.03;23.84;4647.02;4688.83;4707.41;4725.99;4744.57;4763.15
2026.03.20 15:15:00;XAUUSD;PERIOD_M15;LIVE;VALID;SELL;4660.22;2026.03.23 11:00:00;4269.33;39089.0;72;WIN;NEXT_SIGNAL;2026.03.23 11:15:00;4269.63;39059.0;73;WIN;REV;YES;;;;18.88;36;4668.70;4669.07;-37.2;0.0;BEAR;SELL;OFF;0.91;20.53;13.04;20.90;4683.82;4641.34;4622.47;4603.59;4584.71;4565.83
2026.03.23 11:00:00;XAUUSD;PERIOD_M15;LIVE;VALID;BUY;4269.33;2026.03.23 17:45:00;4363.53;9420.0;27;WIN;NEXT_SIGNAL;2026.03.23 18:00:00;4363.76;9443.0;28;WIN;REV;YES;;;;55.63;36;4242.88;4240.07;281.1;0.0;BEAR;SELL;OFF;0.86;32.87;14.29;17.16;4199.79;4324.97;4380.60;4436.23;4491.87;4547.50
2026.03.23 17:45:00;XAUUSD;PERIOD_M15;LIVE;VALID;SELL;4363.53;2026.03.23 20:15:00;4426.15;-6262.0;10;LOSS;NEXT_SIGNAL;2026.03.23 20:30:00;4426.57;-6304.0;11;LOSS;REV;YES;;;;46.65;36;4425.97;4436.15;-1018.4;-14.0;BULL NOISE;BUY;OFF;0.67;28.55;13.69;31.42;4421.85;4316.88;4270.23;4223.57;4176.92;4130.27
2026.03.23 20:15:00;XAUUSD;PERIOD_M15;LIVE;VALID;BUY;4426.15;2026.03.23 22:15:00;4406.55;-1960.0;8;LOSS;NEXT_SIGNAL;2026.03.23 22:30:00;4406.56;-1959.0;9;LOSS;REV;YES;;;;34.47;36;4413.59;4411.58;201.5;0.0;BULL;BUY;OFF;0.84;28.85;16.76;8.45;4383.06;4460.62;4495.09;4529.56;4564.02;4598.49
2026.03.23 22:15:00;XAUUSD;PERIOD_M15;LIVE;VALID;SELL;4406.55;2026.03.24 01:00:00;4435.54;-2899.0;4;LOSS;NEXT_SIGNAL;2026.03.24 01:15:00;4435.86;-2931.0;5;LOSS;REV;YES;;;;26.75;42;4411.63;4412.84;-121.1;0.0;BULL;BUY;OFF;0.86;20.15;21.82;18.10;4439.99;4379.80;4353.05;4326.29;4299.54;4272.79
2026.03.24 01:00:00;XAUUSD;PERIOD_M15;LIVE;VALID;BUY;4435.54;2026.03.24 02:15:00;4379.61;-5593.0;5;LOSS;NEXT_SIGNAL;2026.03.24 02:30:00;4379.58;-5596.0;6;LOSS;REV;YES;;;;22.02;36;4416.64;4416.44;19.7;0.0;BULL;BUY;OFF;0.87;17.40;29.44;14.59;4408.02;4457.56;4479.58;4501.59;4523.61;4545.63
2026.03.24 02:15:00;XAUUSD;PERIOD_M15;LIVE;VALID;SELL;4379.61;2026.03.24 08:00:00;4366.55;1306.0;23;WIN;NEXT_SIGNAL;2026.03.24 08:15:00;4367.04;1257.0;24;WIN;REV;YES;;;;21.21;36;4416.38;4418.59;-220.9;-14.0;BEAR NOISE;SELL;OFF;0.88;21.31;20.56;25.14;4406.12;4358.40;4337.19;4315.98;4294.76;4273.55
2026.03.24 08:00:00;XAUUSD;PERIOD_M15;LIVE;VALID;BUY;4366.55;2026.03.24 14:15:00;4398.72;3217.0;25;WIN;NEXT_SIGNAL;2026.03.24 14:30:00;4398.77;3222.0;26;WIN;REV;YES;;;;22.10;36;4349.28;4346.80;248.4;0.0;BEAR NOISE;SELL;OFF;0.80;17.97;15.41;15.06;4338.92;4388.65;4410.75;4432.85;4454.96;4477.06
2026.03.24 14:15:00;XAUUSD;PERIOD_M15;LIVE;VALID;SELL;4398.72;2026.03.24 16:45:00;4418.31;-1959.0;10;LOSS;NEXT_SIGNAL;2026.03.24 17:00:00;4418.26;-1954.0;11;LOSS;REV;YES;;;;23.43;36;4413.79;4416.00;-221.1;0.0;BEAR;SELL;OFF;0.77;24.96;14.85;16.86;4428.00;4375.29;4351.87;4328.44;4305.01;4281.59
2026.03.24 16:45:00;XAUUSD;PERIOD_M15;LIVE;VALID;BUY;4418.31;2026.03.24 19:30:00;4375.23;-4308.0;11;LOSS;NEXT_SIGNAL;2026.03.24 19:45:00;4375.25;-4306.0;12;LOSS;REV;YES;;;;27.01;36;4400.58;4397.06;352.3;0.0;BEAR;SELL;OFF;0.97;30.81;27.14;11.31;4384.55;4445.32;4472.33;4499.34;4526.36;4553.37
2026.03.24 19:30:00;XAUUSD;PERIOD_M15;LIVE;VALID;SELL;4375.23;2026.03.24 22:15:00;4457.43;-8220.0;11;LOSS;NEXT_SIGNAL;2026.03.24 22:30:00;4457.89;-8266.0;12;LOSS;REV;YES;;;;20.57;36;4401.68;4406.11;-442.7;0.0;BEAR;SELL;OFF;0.99;24.94;14.66;26.49;4400.95;4354.66;4334.08;4313.51;4292.93;4272.36
2026.03.24 22:15:00;XAUUSD;PERIOD_M15;LIVE;VALID;BUY;4457.43;2026.03.25 05:45:00;4568.64;11121.0;23;WIN;NEXT_SIGNAL;2026.03.25 06:00:00;4568.68;11125.0;24;WIN;REV;YES;;;;22.54;45;4413.42;4406.07;734.7;0.0;BULL NOISE;BUY;OFF;0.85;15.70;25.90;12.65;4429.26;4479.97;4502.51;4525.04;4547.58;4570.12
2026.03.25 05:45:00;XAUUSD;PERIOD_M15;LIVE;VALID;SELL;4568.64;2026.03.25 10:30:00;4562.58;606.0;19;WIN;NEXT_SIGNAL;2026.03.25 10:45:00;4563.12;552.0;20;WIN;REV;YES;;;;14.61;36;4574.48;4574.97;-48.4;0.0;BULL;BUY;OFF;0.89;50.96;16.05;15.48;4586.91;4554.03;4539.41;4524.80;4510.19;4495.58
2026.03.25 10:30:00;XAUUSD;PERIOD_M15;LIVE;VALID;BUY;4562.58;2026.03.25 12:30:00;4553.46;-912.0;8;LOSS;NEXT_SIGNAL;2026.03.25 12:45:00;4553.45;-913.0;9;LOSS;REV;YES;;;;14.70;36;4556.75;4555.76;99.0;0.0;BULL;BUY;OFF;0.82;27.66;23.12;20.99;4544.21;4577.27;4591.97;4606.66;4621.36;4636.06
2026.03.25 12:30:00;XAUUSD;PERIOD_M15;LIVE;VALID;SELL;4553.46;2026.03.25 12:45:00;4558.75;-529.0;1;LOSS;NEXT_SIGNAL;2026.03.25 13:00:01;4559.12;-566.0;2;LOSS;REV;YES;;;;13.34;36;4555.07;4555.14;-7.5;0.0;BULL;BUY;OFF;0.92;19.83;13.04;18.75;4570.14;4540.11;4526.77;4513.43;4500.08;4486.74
2026.03.25 12:45:00;XAUUSD;PERIOD_M15;LIVE;VALID;BUY;4558.75;2026.03.25 14:30:00;4542.52;-1623.0;7;LOSS;NEXT_SIGNAL;2026.03.25 14:45:00;4542.21;-1654.0;8;LOSS;REV;YES;;;;13.58;36;4555.89;4555.62;27.2;0.0;BULL;BUY;OFF;0.94;17.45;15.62;16.25;4541.77;4572.33;4585.92;4599.50;4613.08;4626.66
2026.03.25 14:30:00;XAUUSD;PERIOD_M15;LIVE;VALID;SELL;4542.52;2026.03.25 16:45:00;4566.70;-2418.0;9;LOSS;NEXT_SIGNAL;2026.03.25 17:00:00;4567.08;-2456.0;10;LOSS;REV;YES;;;;15.36;36;4560.85;4562.37;-152.0;0.0;BULL NOISE;BUY;OFF;0.88;21.26;17.28;30.11;4561.72;4527.16;4511.80;4496.44;4481.09;4465.73
2026.03.25 16:45:00;XAUUSD;PERIOD_M15;LIVE;VALID;BUY;4566.70;2026.03.25 17:00:00;4551.08;-1562.0;1;LOSS;NEXT_SIGNAL;2026.03.25 17:15:00;4551.13;-1557.0;2;LOSS;REV;YES;;;;19.71;36;4562.12;4561.68;43.7;0.0;BULL;BUY;OFF;0.86;16.66;27.20;16.84;4542.06;4586.41;4606.12;4625.83;4645.55;4665.26
2026.03.25 17:00:00;XAUUSD;PERIOD_M15;LIVE;VALID;SELL;4551.08;2026.03.26 02:30:00;4528.14;2294.0;31;WIN;NEXT_SIGNAL;2026.03.26 02:45:00;4528.49;2259.0;32;WIN;REV;YES;;;;20.79;36;4559.67;4560.64;-97.0;0.0;BULL;BUY;OFF;0.79;14.89;23.57;25.21;4577.07;4530.29;4509.50;4488.71;4467.91;4447.12
2026.03.26 02:30:00;XAUUSD;PERIOD_M15;LIVE;VALID;BUY;4528.14;2026.03.26 04:45:00;4509.33;-1881.0;9;LOSS;NEXT_SIGNAL;2026.03.26 05:00:00;4509.34;-1880.0;10;LOSS;REV;YES;;;;16.62;36;4518.88;4517.37;151.0;14.0;BEAR;SELL;OFF;0.86;23.21;25.29;13.99;4507.37;4544.76;4561.37;4577.99;4594.60;4611.22
2026.03.26 04:45:00;XAUUSD;PERIOD_M15;LIVE;VALID;SELL;4509.33;2026.03.26 13:00:00;4442.58;6675.0;33;WIN;NEXT_SIGNAL;2026.03.26 13:15:00;4443.15;6618.0;34;WIN;REV;YES;;;;13.72;36;4523.43;4524.12;-68.4;0.0;BEAR;SELL;OFF;0.81;24.82;10.79;25.40;4526.48;4495.61;4481.89;4468.17;4454.44;4440.72
2026.03.26 13:00:00;XAUUSD;PERIOD_M15;LIVE;VALID;BUY;4442.58;2026.03.26 17:45:00;4437.11;-547.0;19;LOSS;NEXT_SIGNAL;2026.03.26 18:00:00;4437.16;-542.0;20;LOSS;REV;YES;;;;17.12;36;4436.05;4434.72;133.2;0.0;BEAR;SELL;OFF;0.97;22.46;16.49;12.86;4421.17;4459.70;4476.83;4493.95;4511.08;4528.20
2026.03.26 17:45:00;XAUUSD;PERIOD_M15;LIVE;VALID;SELL;4437.11;2026.03.26 22:15:00;4402.19;3492.0;18;WIN;NEXT_SIGNAL;2026.03.26 22:30:00;4402.68;3443.0;19;WIN;REV;YES;;;;19.34;36;4448.41;4448.73;-31.3;-14.0;BEAR;SELL;OFF;0.82;21.56;10.46;21.63;4461.28;4417.77;4398.43;4379.10;4359.76;4340.42
2026.03.26 22:15:00;XAUUSD;PERIOD_M15;LIVE;VALID;BUY;4402.19;2026.03.27 09:45:00;4447.45;4526.0;39;WIN;NEXT_SIGNAL;2026.03.27 10:00:00;4447.11;4492.0;40;WIN;REV;YES;;;;20.27;43;4388.49;4388.21;27.3;0.0;BEAR NOISE;SELL;OFF;0.93;35.62;13.81;23.33;4376.85;4422.46;4442.74;4463.01;4483.29;4503.56
2026.03.27 09:45:00;XAUUSD;PERIOD_M15;LIVE;VALID;SELL;4447.45;2026.03.27 14:30:00;4435.88;1157.0;19;WIN;NEXT_SIGNAL;2026.03.27 14:45:00;4436.21;1124.0;20;WIN;REV;YES;;;;12.38;34;4452.55;4452.78;-22.9;0.0;BEAR;SELL;OFF;0.88;39.52;11.17;18.38;4462.92;4435.07;4422.69;4410.32;4397.94;4385.56
2026.03.27 14:30:00;XAUUSD;PERIOD_M15;LIVE;VALID;BUY;4435.88;2026.03.27 19:45:00;4488.42;5254.0;21;WIN;NEXT_SIGNAL;2026.03.27 20:00:00;4488.43;5255.0;22;WIN;REV;YES;;;;10.62;34;4426.35;4425.09;126.2;0.0;BEAR NOISE;SELL;OFF;0.78;29.44;19.00;14.92;4422.61;4446.50;4457.12;4467.74;4478.35;4488.97
2026.03.27 19:45:00;XAUUSD;PERIOD_M15;LIVE;VALID;SELL;4488.42;2026.03.27 21:15:00;4525.57;-3715.0;6;LOSS;NEXT_SIGNAL;2026.03.27 21:30:00;4525.84;-3742.0;7;LOSS;REV;YES;;;;21.50;34;4500.15;4502.82;-266.8;0.0;BULL;BUY;OFF;0.77;29.81;9.84;19.82;4515.29;4466.92;4445.43;4423.93;4402.44;4380.94
2026.03.27 21:15:00;XAUUSD;PERIOD_M15;LIVE;VALID;BUY;4525.57;2026.03.27 22:30:00;4499.93;-2564.0;5;LOSS;NEXT_SIGNAL;2026.03.27 22:45:00;4499.89;-2568.0;6;LOSS;REV;YES;;;;14.92;34;4513.93;4512.28;164.5;14.0;BULL;BUY;OFF;0.75;25.53;25.88;15.48;4506.92;4540.49;4555.40;4570.32;4585.24;4600.15
2026.03.27 22:30:00;XAUUSD;PERIOD_M15;LIVE;VALID;SELL;4499.93;2026.03.30 05:00:00;4472.79;2714.0;18;WIN;NEXT_SIGNAL;2026.03.30 05:15:00;4473.02;2691.0;19;WIN;REV;YES;;;;15.20;43;4508.43;4509.40;-96.9;0.0;BULL;BUY;OFF;0.76;18.91;12.65;20.38;4518.93;4484.73;4469.53;4454.33;4439.12;4423.92
2026.03.30 05:00:00;XAUUSD;PERIOD_M15;LIVE;VALID;BUY;4472.79;2026.03.30 16:45:00;4524.60;5181.0;47;WIN;NEXT_SIGNAL;2026.03.30 17:00:00;4524.63;5184.0;48;WIN;REV;YES;;;;22.08;34;4461.61;4461.03;58.6;14.0;BULL;BUY;OFF;0.88;36.02;12.84;15.09;4445.19;4494.87;4516.95;4539.03;4561.11;4583.19
2026.03.30 16:45:00;XAUUSD;PERIOD_M15;LIVE;VALID;SELL;4524.60;2026.03.30 19:30:00;4547.95;-2335.0;11;LOSS;NEXT_SIGNAL;2026.03.30 19:45:00;4548.22;-2362.0;12;LOSS;REV;YES;;;;17.19;34;4550.94;4552.21;-127.0;0.0;BULL NOISE;BUY;OFF;0.90;41.15;20.44;23.45;4546.09;4507.41;4490.22;4473.03;4455.84;4438.65
2026.03.30 19:30:00;XAUUSD;PERIOD_M15;LIVE;VALID;BUY;4547.95;2026.03.30 20:00:00;4524.13;-2382.0;2;LOSS;NEXT_SIGNAL;2026.03.30 20:15:00;4524.12;-2383.0;3;LOSS;REV;YES;;;;18.10;34;4542.38;4542.21;16.4;0.0;BULL;BUY;OFF;0.87;18.90;14.91;22.25;4525.33;4566.05;4584.15;4602.25;4620.35;4638.45
2026.03.30 20:00:00;XAUUSD;PERIOD_M15;LIVE;VALID;SELL;4524.13;2026.03.31 01:15:00;4515.29;884.0;17;WIN;NEXT_SIGNAL;2026.03.31 01:30:00;4515.60;853.0;18;WIN;REV;YES;;;;17.32;34;4537.96;4539.49;-153.4;0.0;BULL;BUY;OFF;0.84;21.68;11.45;26.71;4545.78;4506.81;4489.49;4472.17;4454.84;4437.52
2026.03.31 01:15:00;XAUUSD;PERIOD_M15;LIVE;VALID;BUY;4515.29;2026.03.31 02:00:00;4498.04;-1725.0;3;LOSS;NEXT_SIGNAL;2026.03.31 02:15:00;4498.00;-1729.0;4;LOSS;REV;YES;;;;11.64;34;4510.23;4510.20;3.4;0.0;BULL;BUY;OFF;0.88;28.60;19.90;17.93;4500.74;4526.93;4538.58;4550.22;4561.86;4573.51
2026.03.31 02:00:00;XAUUSD;PERIOD_M15;LIVE;VALID;SELL;4498.04;2026.03.31 02:30:00;4519.40;-2136.0;2;LOSS;NEXT_SIGNAL;2026.03.31 02:45:05;4519.55;-2151.0;3;LOSS;REV;YES;;;;12.12;34;4507.09;4507.94;-85.3;0.0;BULL;BUY;OFF;0.89;24.94;16.30;24.78;4513.19;4485.92;4473.81;4461.69;4449.57;4437.46
2026.03.31 02:30:00;XAUUSD;PERIOD_M15;LIVE;VALID;BUY;4519.40;2026.03.31 06:45:00;4557.52;3812.0;17;WIN;NEXT_SIGNAL;2026.03.31 07:00:00;4557.51;3811.0;18;WIN;REV;YES;;;;11.82;34;4509.29;4508.34;94.7;0.0;BULL;BUY;OFF;0.86;21.54;21.59;18.62;4504.63;4531.22;4543.04;4554.86;4566.67;4578.49
2026.03.31 06:45:00;XAUUSD;PERIOD_M15;LIVE;VALID;SELL;4557.52;2026.03.31 11:00:00;4565.83;-831.0;17;LOSS;NEXT_SIGNAL;2026.03.31 11:15:00;4566.16;-864.0;18;LOSS;REV;YES;;;;20.28;34;4565.09;4565.97;-87.8;0.0;BULL;BUY;OFF;0.85;26.60;11.03;25.49;4582.86;4537.24;4516.97;4496.69;4476.42;4456.14
2026.03.31 11:00:00;XAUUSD;PERIOD_M15;LIVE;VALID;BUY;4565.83;2026.03.31 12:30:00;4555.90;-993.0;6;LOSS;NEXT_SIGNAL;2026.03.31 12:45:00;4555.89;-994.0;7;LOSS;REV;YES;;;;13.20;34;4561.46;4561.03;43.2;14.0;BULL;BUY;OFF;0.84;18.99;25.05;17.05;4549.32;4579.03;4592.24;4605.44;4618.65;4631.85
2026.03.31 12:30:00;XAUUSD;PERIOD_M15;LIVE;VALID;SELL;4555.90;2026.03.31 14:30:00;4591.62;-3572.0;8;LOSS;NEXT_SIGNAL;2026.03.31 14:45:00;4591.57;-3567.0;9;LOSS;REV;YES;;;;9.99;34;4563.08;4563.10;-1.7;-14.0;BULL;BUY;OFF;0.88;19.20;12.98;27.43;4568.38;4545.91;4535.92;4525.94;4515.95;4505.96
2026.03.31 14:30:00;XAUUSD;PERIOD_M15;LIVE;VALID;BUY;4591.62;2026.04.01 05:15:00;4684.91;9329.0;55;WIN;NEXT_SIGNAL;2026.04.01 05:30:00;4684.95;9333.0;56;WIN;REV;YES;;;;14.18;34;4565.27;4561.89;338.4;14.0;BULL;BUY;OFF;0.82;25.71;21.26;15.12;4573.89;4605.80;4619.98;4634.16;4648.34;4662.52
2026.04.01 05:15:00;XAUUSD;PERIOD_M15;LIVE;VALID;SELL;4684.91;2026.04.01 08:30:00;4702.74;-1783.0;13;LOSS;NEXT_SIGNAL;2026.04.01 08:45:00;4703.06;-1815.0;14;LOSS;REV;YES;;;;16.48;34;4694.95;4696.12;-117.1;0.0;BULL;BUY;OFF;0.91;32.75;14.83;12.53;4705.50;4668.43;4651.96;4635.48;4619.01;4602.53
2026.04.01 08:30:00;XAUUSD;PERIOD_M15;LIVE;VALID;BUY;4702.74;2026.04.01 16:15:00;4734.45;3171.0;31;WIN;NEXT_SIGNAL;2026.04.01 16:30:00;4734.77;3203.0;32;WIN;REV;YES;;;;9.97;34;4686.88;4685.09;179.0;0.0;BULL;BUY;OFF;0.91;24.78;33.38;15.72;4690.28;4712.71;4722.68;4732.65;4742.62;4752.59
2026.04.01 16:15:00;XAUUSD;PERIOD_M15;LIVE;VALID;SELL;4734.45;2026.04.01 16:30:00;4745.34;-1089.0;1;LOSS;NEXT_SIGNAL;2026.04.01 16:45:00;4745.34;-1089.0;2;LOSS;REV;YES;;;;14.88;34;4735.68;4736.09;-41.2;0.0;BULL;BUY;OFF;0.82;22.99;27.70;19.96;4753.05;4719.57;4704.69;4689.80;4674.92;4660.04
2026.04.01 16:30:00;XAUUSD;PERIOD_M15;LIVE;VALID;BUY;4745.34;2026.04.01 16:45:00;4734.79;-1055.0;1;LOSS;NEXT_SIGNAL;2026.04.01 17:00:00;4734.80;-1054.0;2;LOSS;REV;YES;;;;15.56;34;4737.83;4737.27;56.2;0.0;BULL;BUY;OFF;0.80;23.35;29.23;17.30;4725.90;4760.90;4776.45;4792.01;4807.56;4823.11
2026.04.01 16:45:00;XAUUSD;PERIOD_M15;LIVE;VALID;SELL;4734.79;2026.04.01 17:00:00;4745.40;-1061.0;1;LOSS;NEXT_SIGNAL;2026.04.01 17:15:00;4745.65;-1086.0;2;LOSS;REV;YES;;;;15.74;43;4737.15;4737.37;-21.4;0.0;BULL;BUY;OFF;0.79;23.66;25.33;14.99;4754.47;4719.05;4703.31;4687.57;4671.83;4656.09
2026.04.01 17:00:00;XAUUSD;PERIOD_M15;LIVE;VALID;BUY;4745.40;2026.04.01 21:15:00;4756.25;1085.0;17;WIN;NEXT_SIGNAL;2026.04.01 21:30:00;4756.26;1086.0;18;WIN;REV;YES;;;;16.67;34;4738.99;4738.44;54.5;14.0;BULL;BUY;OFF;0.79;21.91;21.95;17.75;4724.57;4762.07;4778.74;4795.40;4812.07;4828.74
2026.04.01 21:15:00;XAUUSD;PERIOD_M15;LIVE;VALID;SELL;4756.25;2026.04.02 01:30:00;4778.14;-2189.0;13;LOSS;NEXT_SIGNAL;2026.04.02 01:45:00;4778.50;-2225.0;14;LOSS;REV;YES;;;;11.59;34;4772.74;4774.77;-203.7;0.0;BULL NOISE;BUY;OFF;0.82;32.13;15.53;30.69;4770.74;4744.66;4733.07;4721.47;4709.88;4698.29
2026.04.02 01:30:00;XAUUSD;PERIOD_M15;LIVE;VALID;BUY;4778.14;2026.04.02 04:00:00;4745.52;-3262.0;10;LOSS;NEXT_SIGNAL;2026.04.02 04:15:00;4745.78;-3236.0;11;LOSS;REV;YES;;;;12.02;39;4768.07;4766.33;174.6;0.0;BULL;BUY;OFF;0.78;20.85;24.53;14.11;4763.11;4790.16;4802.19;4814.21;4826.24;4838.26
2026.04.02 04:00:00;XAUUSD;PERIOD_M15;LIVE;VALID;SELL;4745.52;2026.04.02 11:00:00;4639.48;10604.0;28;WIN;NEXT_SIGNAL;2026.04.02 11:15:00;4639.75;10577.0;29;WIN;REV;YES;;;;15.26;39;4774.89;4777.37;-247.2;0.0;BEAR NOISE;SELL;OFF;0.88;22.95;17.43;31.26;4764.60;4730.26;4715.00;4699.74;4684.48;4669.22
2026.04.02 11:00:00;XAUUSD;PERIOD_M15;LIVE;VALID;BUY;4639.48;2026.04.02 13:45:00;4621.99;-1749.0;11;LOSS;NEXT_SIGNAL;2026.04.02 14:00:00;4622.06;-1742.0;12;LOSS;REV;YES;;;;23.32;34;4629.01;4628.09;92.2;0.0;BEAR;SELL;OFF;0.94;34.05;29.16;18.89;4610.32;4662.80;4686.13;4709.45;4732.78;4756.10
2026.04.02 13:45:00;XAUUSD;PERIOD_M15;LIVE;VALID;SELL;4621.99;2026.04.02 16:45:00;4649.76;-2777.0;12;LOSS;NEXT_SIGNAL;2026.04.02 17:00:00;4650.13;-2814.0;13;LOSS;REV;YES;;;;15.34;38;4622.99;4623.57;-58.4;0.0;BEAR;SELL;OFF;0.78;13.40;17.28;16.53;4641.17;4606.65;4591.30;4575.96;4560.62;4545.27
2026.04.02 16:45:00;XAUUSD;PERIOD_M15;LIVE;VALID;BUY;4649.76;2026.04.02 20:30:00;4658.18;842.0;15;WIN;NEXT_SIGNAL;2026.04.02 20:45:00;4658.17;841.0;16;WIN;REV;YES;;;;23.05;38;4614.64;4613.09;155.3;14.0;BEAR NOISE;SELL;OFF;0.79;19.92;22.34;14.02;4620.94;4672.81;4695.87;4718.92;4741.97;4765.03
2026.04.02 20:30:00;XAUUSD;PERIOD_M15;LIVE;VALID;SELL;4658.18;2026.04.02 21:45:00;4671.67;-1349.0;5;LOSS;NEXT_SIGNAL;2026.04.02 22:00:00;4672.02;-1384.0;6;LOSS;REV;YES;;;;18.80;34;4657.78;4658.54;-76.1;0.0;BEAR;SELL;OFF;0.84;19.90;11.29;20.28;4681.68;4639.38;4620.59;4601.79;4582.99;4564.20
2026.04.02 21:45:00;XAUUSD;PERIOD_M15;LIVE;VALID;BUY;4671.67;2026.04.06 01:00:00;4633.46;-3821.0;9;LOSS;NEXT_SIGNAL;2026.04.06 01:15:00;4633.36;-3831.0;10;LOSS;REV;YES;;;;13.14;38;4660.38;4660.22;16.5;14.0;BEAR;SELL;OFF;0.93;24.82;26.40;10.14;4655.25;4684.81;4697.94;4711.08;4724.21;4737.35
2026.04.06 01:00:00;XAUUSD;PERIOD_M15;LIVE;VALID;SELL;4633.46;2026.04.06 04:45:00;4625.70;776.0;15;WIN;NEXT_SIGNAL;2026.04.06 05:00:00;4626.08;738.0;16;WIN;REV;YES;;;;13.63;45;4662.28;4663.86;-158.0;-14.0;BEAR;SELL;OFF;0.89;23.77;21.34;23.82;4650.50;4619.83;4606.20;4592.56;4578.93;4565.30
2026.04.06 04:45:00;XAUUSD;PERIOD_M15;LIVE;VALID;BUY;4625.70;2026.04.06 14:30:00;4685.53;5983.0;39;WIN;NEXT_SIGNAL;2026.04.06 14:45:00;4685.52;5982.0;40;WIN;REV;YES;;;;19.68;39;4628.51;4628.43;8.5;0.0;BEAR;SELL;OFF;0.81;20.07;16.49;13.85;4601.09;4645.38;4665.07;4684.75;4704.44;4724.12
2026.04.06 14:30:00;XAUUSD;PERIOD_M15;LIVE;VALID;SELL;4685.53;2026.04.06 17:30:00;4683.68;185.0;12;WIN;NEXT_SIGNAL;2026.04.06 17:45:00;4684.18;135.0;13;WIN;REV;YES;;;;8.57;39;4689.36;4690.42;-106.6;0.0;BEAR;SELL;OFF;0.85;25.90;18.09;15.54;4696.24;4676.96;4668.40;4659.83;4651.27;4642.70
2026.04.06 17:30:00;XAUUSD;PERIOD_M15;LIVE;VALID;BUY;4683.68;2026.04.06 18:00:00;4662.18;-2150.0;2;LOSS;NEXT_SIGNAL;2026.04.06 18:15:00;4662.16;-2152.0;3;LOSS;REV;YES;;;;14.94;39;4678.36;4677.84;51.8;0.0;BEAR;SELL;OFF;0.82;21.19;19.68;14.70;4665.00;4698.62;4713.56;4728.51;4743.45;4758.39
2026.04.06 18:00:00;XAUUSD;PERIOD_M15;LIVE;VALID;SELL;4662.18;2026.04.07 01:00:00;4663.82;-164.0;24;LOSS;NEXT_SIGNAL;2026.04.07 01:15:01;4664.30;-212.0;25;LOSS;REV;YES;;;;16.26;39;4675.65;4676.37;-71.1;-14.0;BEAR;SELL;OFF;0.87;18.93;14.78;22.20;4682.50;4645.92;4629.66;4613.41;4597.15;4580.89
2026.04.07 01:00:00;XAUUSD;PERIOD_M15;LIVE;VALID;BUY;4663.82;2026.04.07 03:45:00;4637.84;-2598.0;11;LOSS;NEXT_SIGNAL;2026.04.07 04:00:00;4639.71;-2411.0;12;LOSS;REV;YES;;;;8.36;45;4656.17;4655.54;63.4;0.0;BEAR;SELL;OFF;0.95;22.33;21.71;21.16;4653.37;4672.18;4680.54;4688.90;4697.26;4705.62
2026.04.07 03:45:00;XAUUSD;PERIOD_M15;LIVE;VALID;SELL;4637.84;2026.04.07 06:45:00;4649.94;-1210.0;12;LOSS;NEXT_SIGNAL;2026.04.07 07:00:00;4650.13;-1229.0;13;LOSS;REV;YES;;;;8.82;39;4653.98;4655.99;-200.9;0.0;BEAR;SELL;OFF;0.85;24.40;10.57;27.38;4648.86;4629.02;4620.20;4611.38;4602.56;4593.74
2026.04.07 06:45:00;XAUUSD;PERIOD_M15;LIVE;VALID;BUY;4649.94;2026.04.07 08:30:00;4629.67;-2027.0;7;LOSS;NEXT_SIGNAL;2026.04.07 08:45:00;4629.69;-2025.0;8;LOSS;REV;YES;;;;16.79;39;4645.63;4644.83;80.1;14.0;BEAR;SELL;OFF;0.87;27.52;26.02;12.62;4628.95;4666.73;4683.52;4700.31;4717.10;4733.89
2026.04.07 08:30:00;XAUUSD;PERIOD_M15;LIVE;VALID;SELL;4629.67;2026.04.07 09:45:00;4653.28;-2361.0;5;LOSS;NEXT_SIGNAL;2026.04.07 10:00:00;4653.53;-2386.0;6;LOSS;REV;YES;;;;10.52;39;4644.36;4645.66;-130.4;0.0;BEAR;SELL;OFF;0.87;26.14;17.01;28.24;4642.82;4619.15;4608.64;4598.12;4587.60;4577.09
2026.04.07 09:45:00;XAUUSD;PERIOD_M15;LIVE;VALID;BUY;4653.28;2026.04.07 10:15:00;4641.07;-1221.0;2;LOSS;NEXT_SIGNAL;2026.04.07 10:30:00;4641.14;-1214.0;3;LOSS;REV;YES;;;;10.84;38;4647.27;4646.95;31.8;0.0;BEAR;SELL;OFF;0.85;18.90;21.71;13.81;4639.73;4664.12;4674.95;4685.79;4696.63;4707.46
2026.04.07 10:15:00;XAUUSD;PERIOD_M15;LIVE;VALID;SELL;4641.07;2026.04.07 11:00:00;4660.81;-1974.0;3;LOSS;NEXT_SIGNAL;2026.04.07 11:15:00;4661.54;-2047.0;4;LOSS;REV;YES;;;;11.83;36;4646.40;4646.82;-41.7;0.0;BEAR;SELL;OFF;0.88;17.92;16.95;19.54;4655.86;4629.24;4617.41;4605.58;4593.75;4581.92
2026.04.07 11:00:00;XAUUSD;PERIOD_M15;LIVE;VALID;BUY;4660.81;2026.04.07 13:45:00;4651.17;-964.0;11;LOSS;NEXT_SIGNAL;2026.04.07 14:00:00;4651.10;-971.0;12;LOSS;REV;YES;;;;12.83;38;4649.15;4647.66;148.5;0.0;BEAR NOISE;SELL;OFF;0.89;17.41;23.51;14.97;4644.77;4673.64;4686.47;4699.30;4712.12;4724.95
2026.04.07 13:45:00;XAUUSD;PERIOD_M15;LIVE;VALID;SELL;4651.17;2026.04.07 18:45:00;4656.89;-572.0;20;LOSS;NEXT_SIGNAL;2026.04.07 19:00:00;4657.06;-589.0;21;LOSS;REV;YES;;;;15.75;38;4665.70;4667.23;-152.7;-14.0;BEAR;SELL;OFF;0.91;20.67;12.07;22.25;4670.86;4635.42;4619.67;4603.92;4588.17;4572.42
2026.04.07 18:45:00;XAUUSD;PERIOD_M15;LIVE;VALID;BUY;4656.89;2026.04.08 05:30:00;4805.93;14904.0;39;WIN;NEXT_SIGNAL;2026.04.08 05:45:00;4805.93;14904.0;40;WIN;REV;YES;;;;19.80;35;4647.73;4647.38;35.0;0.0;BEAR NOISE;SELL;OFF;0.85;21.07;20.14;15.73;4632.15;4676.69;4696.48;4716.28;4736.07;4755.87
2026.04.08 05:30:00;XAUUSD;PERIOD_M15;LIVE;VALID;SELL;4805.93;2026.04.08 08:15:00;4816.70;-1077.0;11;LOSS;NEXT_SIGNAL;2026.04.08 08:30:00;4817.10;-1117.0;12;LOSS;REV;YES;;;;17.81;36;4808.78;4810.22;-143.9;0.0;BULL;BUY;OFF;0.86;27.74;29.20;19.34;4828.19;4788.12;4770.31;4752.50;4734.69;4716.88
2026.04.08 08:15:00;XAUUSD;PERIOD_M15;LIVE;VALID;BUY;4816.70;2026.04.08 10:45:00;4812.97;-373.0;10;LOSS;NEXT_SIGNAL;2026.04.08 11:00:00;4812.80;-390.0;11;LOSS;REV;YES;;;;9.55;39;4806.40;4804.78;162.4;0.0;BULL;BUY;OFF;0.80;18.25;25.56;16.91;4804.76;4826.25;4835.80;4845.35;4854.91;4864.46
2026.04.08 10:45:00;XAUUSD;PERIOD_M15;LIVE;VALID;SELL;4812.97;2026.04.08 15:00:00;4804.30;867.0;17;WIN;NEXT_SIGNAL;2026.04.08 15:15:00;4804.69;828.0;18;WIN;REV;YES;;;;12.17;34;4816.53;4816.71;-18.1;0.0;BULL;BUY;OFF;0.94;20.25;19.24;19.31;4828.18;4800.80;4788.63;4776.46;4764.29;4752.12
2026.04.08 15:00:00;XAUUSD;PERIOD_M15;LIVE;VALID;BUY;4804.30;2026.04.08 16:30:00;4779.54;-2476.0;6;LOSS;NEXT_SIGNAL;2026.04.08 16:45:00;4779.36;-2494.0;7;LOSS;REV;YES;;;;12.79;35;4794.25;4792.52;173.0;0.0;BULL;BUY;OFF;0.94;18.26;29.19;14.76;4788.31;4817.09;4829.89;4842.68;4855.48;4868.27
2026.04.08 16:30:00;XAUUSD;PERIOD_M15;LIVE;VALID;SELL;4779.54;2026.04.09 04:00:00;4721.08;5846.0;42;WIN;NEXT_SIGNAL;2026.04.09 04:15:00;4721.31;5823.0;43;WIN;REV;YES;;;;14.42;35;4790.45;4790.97;-52.0;0.0;BULL NOISE;BUY;OFF;0.94;16.79;19.88;25.98;4797.57;4765.12;4750.69;4736.27;4721.85;4707.42
2026.04.09 04:00:00;XAUUSD;PERIOD_M15;LIVE;VALID;BUY;4721.08;2026.04.09 04:15:00;4707.57;-1351.0;1;LOSS;NEXT_SIGNAL;2026.04.09 04:30:00;4707.53;-1355.0;2;LOSS;REV;YES;;;;12.66;39;4714.36;4714.09;26.7;0.0;BULL;BUY;OFF;0.86;26.15;12.56;19.03;4705.26;4733.74;4746.40;4759.06;4771.72;4784.38
2026.04.09 04:15:00;XAUUSD;PERIOD_M15;LIVE;VALID;SELL;4707.57;2026.04.09 04:30:00;4718.30;-1073.0;1;LOSS;NEXT_SIGNAL;2026.04.09 04:45:03;4718.64;-1107.0;2;LOSS;REV;YES;;;;13.61;39;4712.85;4713.28;-42.7;0.0;BULL;BUY;OFF;0.82;24.80;11.93;16.49;4724.58;4693.96;4680.35;4666.75;4653.14;4639.53
2026.04.09 04:30:00;XAUUSD;PERIOD_M15;LIVE;VALID;BUY;4718.30;2026.04.09 06:30:00;4713.78;-452.0;8;LOSS;NEXT_SIGNAL;2026.04.09 06:45:00;4713.77;-453.0;9;LOSS;REV;YES;;;;13.03;34;4714.06;4713.50;55.7;0.0;BULL;BUY;OFF;0.86;23.64;10.34;14.30;4702.01;4731.33;4744.36;4757.39;4770.42;4783.45
2026.04.09 06:30:00;XAUUSD;PERIOD_M15;LIVE;VALID;SELL;4713.78;2026.04.09 07:45:00;4721.63;-785.0;5;LOSS;NEXT_SIGNAL;2026.04.09 08:00:01;4722.03;-825.0;6;LOSS;REV;YES;;;;11.52;39;4717.18;4717.37;-18.8;0.0;BULL;BUY;OFF;0.87;22.59;19.58;25.38;4728.18;4702.26;4690.74;4679.23;4667.71;4656.19
2026.04.09 07:45:00;XAUUSD;PERIOD_M15;LIVE;VALID;BUY;4721.63;2026.04.09 08:00:00;4713.63;-800.0;1;LOSS;NEXT_SIGNAL;2026.04.09 08:15:00;4713.62;-801.0;2;LOSS;REV;YES;;;;8.76;39;4718.61;4718.48;13.7;0.0;BULL;BUY;OFF;0.82;15.86;21.24;19.26;4710.68;4730.39;4739.15;4747.91;4756.67;4765.43
2026.04.09 08:00:00;XAUUSD;PERIOD_M15;LIVE;VALID;SELL;4713.63;2026.04.09 08:15:00;4722.51;-888.0;1;LOSS;NEXT_SIGNAL;2026.04.09 08:30:00;4722.72;-909.0;2;LOSS;REV;YES;;;;8.56;39;4717.51;4718.13;-62.4;0.0;BULL;BUY;OFF;0.83;16.18;18.41;26.61;4724.34;4705.07;4696.50;4687.94;4679.37;4670.81
2026.04.09 08:15:00;XAUUSD;PERIOD_M15;LIVE;VALID;BUY;4722.51;2026.04.09 09:30:00;4712.74;-977.0;5;LOSS;NEXT_SIGNAL;2026.04.09 09:45:00;4712.73;-978.0;6;LOSS;REV;YES;;;;8.72;39;4718.62;4718.57;4.5;0.0;BULL;BUY;OFF;0.82;15.28;19.07;23.06;4711.61;4731.23;4739.95;4748.67;4757.40;4766.12
2026.04.09 09:30:00;XAUUSD;PERIOD_M15;LIVE;VALID;SELL;4712.74;2026.04.09 10:00:00;4724.05;-1131.0;2;LOSS;NEXT_SIGNAL;2026.04.09 10:15:00;4724.37;-1163.0;3;LOSS;REV;YES;;;;9.75;34;4717.87;4718.30;-43.1;-14.0;BULL;BUY;OFF;0.79;18.34;11.90;18.10;4724.93;4702.98;4693.23;4683.47;4673.72;4663.97
2026.04.09 10:00:00;XAUUSD;PERIOD_M15;LIVE;VALID;BUY;4724.05;2026.04.09 10:15:00;4710.43;-1362.0;1;LOSS;NEXT_SIGNAL;2026.04.09 10:30:00;4710.42;-1363.0;2;LOSS;REV;YES;;;;11.36;34;4718.25;4718.15;10.5;0.0;BULL;BUY;OFF;0.78;19.81;18.23;21.82;4709.85;4735.41;4746.77;4758.13;4769.49;4780.85
2026.04.09 10:15:00;XAUUSD;PERIOD_M15;LIVE;VALID;SELL;4710.43;2026.04.09 10:45:00;4725.16;-1473.0;2;LOSS;NEXT_SIGNAL;2026.04.09 11:00:00;4725.47;-1504.0;3;LOSS;REV;YES;;;;12.17;35;4716.51;4717.37;-85.5;0.0;BULL NOISE;BUY;OFF;0.78;19.03;15.80;20.94;4725.64;4698.26;4686.10;4673.93;4661.76;4649.60
2026.04.09 10:45:00;XAUUSD;PERIOD_M15;LIVE;VALID;BUY;4725.16;2026.04.09 21:30:00;4769.71;4455.0;43;WIN;NEXT_SIGNAL;2026.04.09 21:45:00;4769.66;4450.0;44;WIN;REV;YES;;;;13.20;35;4719.27;4718.45;82.2;0.0;BULL;BUY;OFF;0.79;14.33;15.68;15.73;4708.66;4738.36;4751.56;4764.75;4777.95;4791.15
2026.04.09 21:30:00;XAUUSD;PERIOD_M15;LIVE;VALID;SELL;4769.71;2026.04.10 04:30:00;4772.12;-241.0;24;LOSS;NEXT_SIGNAL;2026.04.10 04:45:00;4772.61;-290.0;25;LOSS;REV;YES;;;;10.98;34;4783.28;4785.28;-200.3;-14.0;BULL NOISE;BUY;OFF;0.85;37.77;14.68;27.09;4783.44;4758.73;4747.75;4736.77;4725.78;4714.80
2026.04.10 04:30:00;XAUUSD;PERIOD_M15;LIVE;VALID;BUY;4772.12;2026.04.10 05:00:00;4753.50;-1862.0;2;LOSS;NEXT_SIGNAL;2026.04.10 05:15:00;4753.32;-1880.0;3;LOSS;REV;YES;;;;7.91;39;4762.82;4761.66;115.1;0.0;BULL;BUY;OFF;0.90;22.34;22.19;9.80;4762.24;4780.03;4787.93;4795.84;4803.75;4811.66
2026.04.10 05:00:00;XAUUSD;PERIOD_M15;LIVE;VALID;SELL;4753.50;2026.04.10 06:30:00;4765.57;-1207.0;6;LOSS;NEXT_SIGNAL;2026.04.10 06:45:00;4765.92;-1242.0;7;LOSS;REV;YES;;;;8.83;39;4760.70;4760.76;-5.8;0.0;BULL NOISE;BUY;OFF;0.90;21.85;16.67;18.23;4764.54;4744.67;4735.83;4727.00;4718.17;4709.33
2026.04.10 06:30:00;XAUUSD;PERIOD_M15;LIVE;VALID;BUY;4765.57;2026.04.10 09:15:00;4756.74;-883.0;11;LOSS;NEXT_SIGNAL;2026.04.10 09:30:00;4756.76;-881.0;12;LOSS;REV;YES;;;;10.29;34;4758.27;4757.95;32.1;0.0;BULL;BUY;OFF;0.90;23.27;29.54;13.81;4752.70;4775.86;4786.16;4796.45;4806.74;4817.04
2026.04.10 09:15:00;XAUUSD;PERIOD_M15;LIVE;VALID;SELL;4756.74;2026.04.10 13:15:00;4757.34;-60.0;16;LOSS;NEXT_SIGNAL;2026.04.10 13:30:00;4757.50;-76.0;17;LOSS;REV;YES;;;;6.88;35;4760.12;4760.57;-45.7;0.0;BULL;BUY;OFF;0.90;18.95;15.18;24.50;4765.34;4749.86;4742.99;4736.11;4729.23;4722.36
2026.04.10 13:15:00;XAUUSD;PERIOD_M15;LIVE;VALID;BUY;4757.34;2026.04.10 18:45:00;4759.85;251.0;22;WIN;NEXT_SIGNAL;2026.04.10 19:00:00;4759.81;247.0;23;WIN;REV;YES;;;;9.27;34;4750.29;4749.35;94.1;0.0;BULL;BUY;OFF;0.89;20.21;24.38;19.28;4745.76;4766.61;4775.87;4785.14;4794.41;4803.68
2026.04.10 18:45:00;XAUUSD;PERIOD_M15;LIVE;VALID;SELL;4759.85;2026.04.10 22:00:00;4766.05;-620.0;13;LOSS;NEXT_SIGNAL;2026.04.10 22:15:01;4766.40;-655.0;14;LOSS;REV;YES;;;;13.87;35;4772.37;4774.19;-181.8;0.0;BULL NOISE;BUY;OFF;0.88;31.11;15.15;17.75;4777.19;4745.98;4732.11;4718.24;4704.36;4690.49
2026.04.10 22:00:00;XAUUSD;PERIOD_M15;LIVE;VALID;BUY;4766.05;2026.04.10 22:45:00;4757.53;-852.0;3;LOSS;NEXT_SIGNAL;2026.04.10 23:00:00;4757.54;-851.0;4;LOSS;REV;YES;;;;8.85;34;4764.82;4764.37;44.6;0.0;BULL;BUY;OFF;0.74;15.34;14.74;16.64;4754.99;4774.90;4783.75;4792.60;4801.45;4810.30
2026.04.10 22:45:00;XAUUSD;PERIOD_M15;LIVE;VALID;SELL;4757.53;2026.04.13 04:00:00;4714.09;4344.0;17;WIN;NEXT_SIGNAL;2026.04.13 04:15:00;4714.46;4307.0;18;WIN;REV;YES;;;;7.47;35;4762.42;4762.81;-39.2;-14.0;BULL;BUY;OFF;0.63;20.82;9.60;24.95;4766.87;4750.06;4742.59;4735.12;4727.65;4720.18
2026.04.13 04:00:00;XAUUSD;PERIOD_M15;LIVE;VALID;BUY;4714.09;2026.04.13 11:45:00;4723.43;934.0;31;WIN;NEXT_SIGNAL;2026.04.13 12:00:00;4723.51;942.0;32;WIN;REV;YES;;;;19.47;39;4686.62;4684.03;258.5;14.0;BEAR NOISE;SELL;OFF;0.83;42.63;37.29;11.13;4689.75;4733.56;4753.03;4772.51;4791.98;4811.45
2026.04.13 11:45:00;XAUUSD;PERIOD_M15;LIVE;VALID;SELL;4723.43;2026.04.13 15:45:00;4726.13;-270.0;16;LOSS;NEXT_SIGNAL;2026.04.13 16:00:00;4726.20;-277.0;17;LOSS;REV;YES;;;;8.28;34;4727.24;4727.40;-15.3;0.0;BEAR;SELL;OFF;0.84;27.92;15.58;18.31;4733.77;4715.16;4706.88;4698.61;4690.33;4682.06
2026.04.13 15:45:00;XAUUSD;PERIOD_M15;LIVE;VALID;BUY;4726.13;2026.04.13 18:00:00;4708.29;-1784.0;9;LOSS;NEXT_SIGNAL;2026.04.13 18:15:00;4708.44;-1769.0;10;LOSS;REV;YES;;;;9.67;35;4717.30;4716.93;37.5;14.0;BEAR NOISE;SELL;OFF;0.93;17.20;24.66;12.71;4714.04;4735.80;4745.48;4755.15;4764.82;4774.49
2026.04.13 18:00:00;XAUUSD;PERIOD_M15;LIVE;VALID;SELL;4708.29;2026.04.13 19:30:00;4740.10;-3181.0;6;LOSS;NEXT_SIGNAL;2026.04.13 19:45:00;4740.49;-3220.0;7;LOSS;REV;YES;;;;13.61;35;4719.23;4720.95;-171.9;-14.0;BEAR;SELL;OFF;0.84;20.26;13.28;18.38;4725.31;4694.68;4681.06;4667.45;4653.84;4640.23
2026.04.13 19:30:00;XAUUSD;PERIOD_M15;LIVE;VALID;BUY;4740.10;2026.04.14 13:30:00;4767.37;2727.0;37;WIN;NEXT_SIGNAL;2026.04.14 13:45:00;4767.36;2726.0;38;WIN;REV;YES;;;;13.48;35;4723.69;4721.35;234.5;0.0;BEAR NOISE;SELL;OFF;0.75;27.00;30.47;7.79;4723.25;4753.58;4767.06;4780.54;4794.03;4807.51
2026.04.14 13:30:00;XAUUSD;PERIOD_M15;LIVE;VALID;SELL;4767.37;2026.04.14 16:15:00;4780.54;-1317.0;11;LOSS;NEXT_SIGNAL;2026.04.14 16:30:00;4780.71;-1334.0;12;LOSS;REV;YES;;;;10.81;34;4777.94;4779.52;-157.9;0.0;BULL NOISE;BUY;OFF;0.88;34.17;22.48;22.40;4780.88;4756.56;4745.75;4734.94;4724.13;4713.32
2026.04.14 16:15:00;XAUUSD;PERIOD_M15;LIVE;VALID;BUY;4780.54;2026.04.15 01:45:00;4834.30;5376.0;34;WIN;NEXT_SIGNAL;2026.04.15 02:00:00;4834.28;5374.0;35;WIN;REV;YES;;;;10.56;35;4776.29;4775.79;49.7;0.0;BULL;BUY;OFF;0.75;21.42;33.84;16.20;4767.34;4791.10;4801.66;4812.22;4822.77;4833.33
2026.04.15 01:45:00;XAUUSD;PERIOD_M15;LIVE;VALID;SELL;4834.30;2026.04.15 04:00:00;4848.45;-1415.0;9;LOSS;NEXT_SIGNAL;2026.04.15 04:15:00;4848.85;-1455.0;10;LOSS;REV;YES;;;;5.88;39;4839.41;4840.08;-66.4;0.0;BULL;BUY;OFF;0.93;32.02;14.17;16.40;4841.65;4828.42;4822.54;4816.66;4810.78;4804.90
2026.04.15 04:00:00;XAUUSD;PERIOD_M15;LIVE;VALID;BUY;4848.45;2026.04.15 05:30:00;4828.43;-2002.0;6;LOSS;NEXT_SIGNAL;2026.04.15 05:45:00;4828.42;-2003.0;7;LOSS;REV;YES;;;;8.95;39;4837.96;4837.93;3.1;0.0;BULL;BUY;OFF;0.92;20.67;23.09;13.97;4837.27;4857.40;4866.34;4875.29;4884.24;4893.18
2026.04.15 05:30:00;XAUUSD;PERIOD_M15;LIVE;VALID;SELL;4828.43;2026.04.15 14:45:00;4811.84;1659.0;37;WIN;NEXT_SIGNAL;2026.04.15 15:00:00;4812.15;1628.0;38;WIN;REV;YES;;;;11.27;37;4838.13;4838.77;-64.5;-14.0;BULL NOISE;BUY;OFF;0.75;23.54;19.22;30.77;4842.52;4817.16;4805.89;4794.62;4783.35;4772.08
2026.04.15 14:45:00;XAUUSD;PERIOD_M15;LIVE;VALID;BUY;4811.84;2026.04.15 18:15:00;4797.39;-1445.0;14;LOSS;NEXT_SIGNAL;2026.04.15 18:30:00;4797.26;-1458.0;15;LOSS;REV;YES;;;;10.26;34;4805.28;4804.20;108.7;0.0;BULL;BUY;OFF;0.78;23.86;24.29;13.67;4799.02;4822.10;4832.36;4842.62;4852.87;4863.13
2026.04.15 18:15:00;XAUUSD;PERIOD_M15;LIVE;VALID;SELL;4797.39;2026.04.16 01:30:00;4801.60;-421.0;25;LOSS;NEXT_SIGNAL;2026.04.16 01:45:00;4802.26;-487.0;26;LOSS;REV;YES;;;;9.10;35;4812.20;4814.64;-243.4;-14.0;BULL NOISE;BUY;OFF;0.81;33.57;12.39;28.25;4808.76;4788.29;4779.19;4770.09;4760.99;4751.89
2026.04.16 01:30:00;XAUUSD;PERIOD_M15;LIVE;VALID;BUY;4801.60;2026.04.16 05:30:00;4818.30;1670.0;16;WIN;NEXT_SIGNAL;2026.04.16 05:45:00;4818.32;1672.0;17;WIN;REV;YES;;;;5.42;39;4797.07;4796.47;60.1;14.0;BULL;BUY;OFF;0.94;22.49;20.29;19.19;4794.82;4807.02;4812.44;4817.87;4823.29;4828.71
2026.04.16 05:30:00;XAUUSD;PERIOD_M15;LIVE;VALID;SELL;4818.30;2026.04.16 07:00:00;4826.97;-867.0;6;LOSS;NEXT_SIGNAL;2026.04.16 07:15:00;4827.37;-907.0;7;LOSS;REV;YES;;;;8.12;37;4820.66;4821.48;-81.6;0.0;BULL;BUY;OFF;0.86;23.38;16.58;24.97;4828.45;4810.18;4802.06;4793.93;4785.81;4777.69
2026.04.16 07:00:00;XAUUSD;PERIOD_M15;LIVE;VALID;BUY;4826.97;2026.04.16 09:15:00;4816.30;-1067.0;9;LOSS;NEXT_SIGNAL;2026.04.16 09:30:00;4816.09;-1088.0;10;LOSS;REV;YES;;;;7.04;39;4823.65;4823.47;17.4;0.0;BULL;BUY;OFF;0.86;14.86;17.42;15.89;4818.17;4834.01;4841.04;4848.08;4855.12;4862.15
2026.04.16 09:15:00;XAUUSD;PERIOD_M15;LIVE;VALID;SELL;4816.30;2026.04.16 14:15:00;4818.26;-196.0;20;LOSS;NEXT_SIGNAL;2026.04.16 14:30:00;4818.67;-237.0;21;LOSS;REV;YES;;;;6.35;34;4824.20;4825.48;-127.9;0.0;BULL NOISE;BUY;OFF;0.75;21.07;15.88;26.87;4824.24;4809.95;4803.60;4797.25;4790.90;4784.55
2026.04.16 14:15:00;XAUUSD;PERIOD_M15;LIVE;VALID;BUY;4818.26;2026.04.16 16:45:00;4797.34;-2092.0;10;LOSS;NEXT_SIGNAL;2026.04.16 17:00:00;4797.60;-2066.0;11;LOSS;REV;YES;;;;7.18;35;4814.39;4814.03;36.6;0.0;BULL;BUY;OFF;0.85;25.23;19.42;15.03;4809.28;4825.44;4832.62;4839.81;4846.99;4854.17
2026.04.16 16:45:00;XAUUSD;PERIOD_M15;LIVE;VALID;SELL;4797.34;2026.04.16 22:30:00;4797.60;-26.0;23;LOSS;NEXT_SIGNAL;2026.04.16 22:45:00;4798.03;-69.0;24;LOSS;REV;YES;;;;9.41;35;4812.16;4814.18;-202.4;-14.0;BULL NOISE;BUY;OFF;0.85;21.85;14.29;18.14;4809.11;4787.93;4778.51;4769.10;4759.68;4750.27
2026.04.16 22:30:00;XAUUSD;PERIOD_M15;LIVE;VALID;BUY;4797.60;2026.04.16 23:30:00;4789.05;-855.0;4;LOSS;NEXT_SIGNAL;2026.04.16 23:45:00;4789.01;-859.0;5;LOSS;REV;YES;;;;7.31;35;4792.52;4792.39;12.6;0.0;BULL;BUY;OFF;0.91;25.14;20.67;9.16;4788.46;4804.91;4812.22;4819.53;4826.84;4834.15
2026.04.16 23:30:00;XAUUSD;PERIOD_M15;LIVE;VALID;SELL;4789.05;2026.04.17 03:00:00;4789.94;-89.0;10;LOSS;NEXT_SIGNAL;2026.04.17 01:00:00;4792.41;-336.0;2;LOSS;REV;YES;;;;5.92;45;4790.90;4790.97;-6.8;0.0;BULL;BUY;OFF;0.87;24.14;12.27;23.74;4796.45;4783.13;4777.21;4771.29;4765.37;4759.45
2026.04.17 03:00:00;XAUUSD;PERIOD_M15;LIVE;VALID;SELL;4789.94;2026.04.17 03:15:00;4794.24;-430.0;1;LOSS;NEXT_SIGNAL;2026.04.17 03:30:00;4794.60;-466.0;2;LOSS;REV;NO;POSITION_ACTIVE;;;4.62;39;4792.27;4792.44;-17.0;0.0;BULL;BUY;OFF;0.88;16.34;13.31;25.48;4795.72;4785.31;4780.69;4776.06;4771.44;4766.81
2026.04.17 03:15:00;XAUUSD;PERIOD_M15;LIVE;VALID;BUY;4794.24;2026.04.17 04:00:00;4781.03;-1321.0;3;LOSS;NEXT_SIGNAL;2026.04.17 04:15:00;4781.04;-1320.0;4;LOSS;REV;YES;;;;4.67;39;4792.71;4792.65;5.9;0.0;BULL;BUY;OFF;0.86;16.09;16.52;22.08;4788.41;4798.91;4803.57;4808.24;4812.90;4817.57
2026.04.17 04:00:00;XAUUSD;PERIOD_M15;LIVE;VALID;SELL;4781.03;2026.04.17 06:00:00;4796.68;-1565.0;8;LOSS;NEXT_SIGNAL;2026.04.17 06:15:00;4797.08;-1605.0;9;LOSS;REV;YES;;;;6.66;39;4791.13;4792.23;-110.1;0.0;BULL NOISE;BUY;OFF;0.87;16.02;22.87;27.01;4789.36;4774.37;4767.71;4761.05;4754.39;4747.73
2026.04.17 06:00:00;XAUUSD;PERIOD_M15;LIVE;VALID;BUY;4796.68;2026.04.17 09:00:00;4788.02;-866.0;12;LOSS;NEXT_SIGNAL;2026.04.17 09:15:00;4788.07;-861.0;13;LOSS;REV;YES;;;;10.00;39;4789.45;4788.87;57.7;0.0;BEAR NOISE;SELL;OFF;0.78;21.58;24.82;14.05;4784.18;4806.68;4816.68;4826.69;4836.69;4846.69
2026.04.17 09:00:00;XAUUSD;PERIOD_M15;LIVE;VALID;SELL;4788.02;2026.04.17 11:45:00;4797.21;-919.0;11;LOSS;NEXT_SIGNAL;2026.04.17 12:00:00;4797.53;-951.0;12;LOSS;REV;YES;;;;6.31;34;4794.99;4795.29;-29.1;0.0;BEAR;SELL;OFF;0.82;29.15;16.65;23.19;4795.90;4781.71;4775.41;4769.10;4762.80;4756.49
2026.04.17 11:45:00;XAUUSD;PERIOD_M15;LIVE;VALID;BUY;4797.21;2026.04.17 13:30:00;4785.26;-1195.0;7;LOSS;NEXT_SIGNAL;2026.04.17 13:45:01;4785.27;-1194.0;8;LOSS;REV;YES;;;;7.97;34;4790.30;4789.91;38.1;14.0;BEAR NOISE;SELL;OFF;0.88;20.94;22.05;13.33;4787.25;4805.18;4813.15;4821.12;4829.10;4837.07
2026.04.17 13:30:00;XAUUSD;PERIOD_M15;LIVE;VALID;SELL;4785.26;2026.04.17 14:30:00;4799.95;-1469.0;4;LOSS;NEXT_SIGNAL;2026.04.17 14:45:00;4800.43;-1517.0;5;LOSS;REV;YES;;;;7.47;34;4789.71;4789.75;-3.5;0.0;BEAR;SELL;OFF;0.82;21.37;15.23;27.60;4794.60;4777.79;4770.32;4762.85;4755.37;4747.90
2026.04.17 14:30:00;XAUUSD;PERIOD_M15;LIVE;VALID;BUY;4799.95;2026.04.17 20:00:00;4863.15;6320.0;22;WIN;NEXT_SIGNAL;2026.04.17 20:15:00;4863.18;6323.0;23;WIN;REV;YES;;;;7.11;35;4791.82;4790.81;101.5;0.0;BEAR NOISE;SELL;OFF;0.87;20.51;23.21;15.73;4791.07;4807.06;4814.16;4821.27;4828.37;4835.48
2026.04.17 20:00:00;XAUUSD;PERIOD_M15;LIVE;VALID;SELL;4863.15;2026.04.20 04:15:00;4802.14;6101.0;29;WIN;NEXT_SIGNAL;2026.04.20 04:30:00;4802.25;6090.0;30;WIN;REV;YES;;;;13.86;34;4866.61;4867.16;-55.2;14.0;BULL;BUY;OFF;0.85;37.53;7.70;20.21;4880.48;4849.29;4835.43;4821.57;4807.70;4793.84
2026.04.20 04:15:00;XAUUSD;PERIOD_M15;LIVE;VALID;BUY;4802.14;2026.04.20 07:30:00;4787.43;-1471.0;13;LOSS;NEXT_SIGNAL;2026.04.20 07:45:00;4787.57;-1457.0;14;LOSS;REV;YES;;;;17.82;39;4780.91;4780.43;48.1;0.0;BEAR NOISE;SELL;OFF;0.86;48.51;32.10;19.85;4779.86;4819.97;4837.79;4855.61;4873.44;4891.27
2026.04.20 07:30:00;XAUUSD;PERIOD_M15;LIVE;VALID;SELL;4787.43;2026.04.20 09:45:00;4796.13;-870.0;9;LOSS;NEXT_SIGNAL;2026.04.20 10:00:00;4796.49;-906.0;10;LOSS;REV;YES;;;;7.33;39;4792.21;4793.09;-88.8;0.0;BEAR;SELL;OFF;0.94;28.22;10.80;24.05;4796.60;4780.10;4772.77;4765.43;4758.10;4750.77
2026.04.20 09:45:00;XAUUSD;PERIOD_M15;LIVE;VALID;BUY;4796.13;2026.04.20 14:00:00;4789.97;-616.0;17;LOSS;NEXT_SIGNAL;2026.04.20 14:15:00;4789.98;-615.0;18;LOSS;REV;YES;;;;7.83;35;4790.35;4790.26;9.2;0.0;BEAR;SELL;OFF;0.91;24.84;15.90;11.16;4786.34;4803.96;4811.79;4819.63;4827.46;4835.29
2026.04.20 14:00:00;XAUUSD;PERIOD_M15;LIVE;VALID;SELL;4789.97;2026.04.20 14:45:00;4809.97;-2000.0;3;LOSS;NEXT_SIGNAL;2026.04.20 15:00:00;4810.30;-2033.0;4;LOSS;REV;YES;;;;6.42;35;4793.79;4793.81;-1.6;-14.0;BEAR;SELL;OFF;0.91;18.08;14.13;23.01;4798.00;4783.55;4777.13;4770.71;4764.29;4757.87
2026.04.20 14:45:00;XAUUSD;PERIOD_M15;LIVE;VALID;BUY;4809.97;2026.04.20 18:00:00;4797.59;-1238.0;13;LOSS;NEXT_SIGNAL;2026.04.20 18:15:00;4797.61;-1236.0;14;LOSS;REV;YES;;;;6.83;35;4796.80;4794.98;182.4;14.0;BEAR NOISE;SELL;OFF;0.97;18.34;28.54;15.81;4801.43;4816.80;4823.64;4830.47;4837.31;4844.14
2026.04.20 18:00:00;XAUUSD;PERIOD_M15;LIVE;VALID;SELL;4797.59;2026.04.20 20:45:00;4807.94;-1035.0;11;LOSS;NEXT_SIGNAL;2026.04.20 21:00:00;4808.32;-1073.0;12;LOSS;REV;YES;;;;13.48;35;4810.15;4810.69;-53.5;0.0;BEAR;SELL;OFF;0.78;23.36;18.00;22.37;4814.44;4784.11;4770.63;4757.15;4743.67;4730.19
2026.04.20 20:45:00;XAUUSD;PERIOD_M15;LIVE;VALID;BUY;4807.94;2026.04.21 03:45:00;4821.35;1341.0;24;WIN;NEXT_SIGNAL;2026.04.21 04:00:00;4821.85;1391.0;25;WIN;REV;YES;;;;9.76;35;4807.15;4806.88;27.5;0.0;BEAR;SELL;OFF;0.64;22.09;15.99;9.96;4795.73;4817.70;4827.47;4837.23;4847.00;4856.76
2026.04.21 03:45:00;XAUUSD;PERIOD_M15;LIVE;VALID;SELL;4821.35;2026.04.21 11:30:00;4792.04;2931.0;31;WIN;NEXT_SIGNAL;2026.04.21 11:45:00;4792.37;2898.0;32;WIN;REV;YES;;;;6.36;39;4823.00;4823.28;-28.4;0.0;BEAR;SELL;OFF;0.91;19.61;17.81;18.12;4829.30;4814.99;4808.64;4802.28;4795.92;4789.56
2026.04.21 11:30:00;XAUUSD;PERIOD_M15;LIVE;VALID;BUY;4792.04;2026.04.21 14:15:00;4783.67;-837.0;11;LOSS;NEXT_SIGNAL;2026.04.21 14:30:00;4783.68;-836.0;12;LOSS;REV;YES;;;;9.83;34;4785.22;4784.84;37.5;14.0;BEAR;SELL;OFF;0.97;32.29;17.94;14.64;4779.75;4801.87;4811.70;4821.53;4831.36;4841.19
2026.04.21 14:15:00;XAUUSD;PERIOD_M15;LIVE;VALID;SELL;4783.67;2026.04.21 14:30:00;4792.63;-896.0;1;LOSS;NEXT_SIGNAL;2026.04.21 14:45:00;4793.01;-934.0;2;LOSS;REV;YES;;;;7.37;35;4784.75;4784.79;-4.3;0.0;BEAR;SELL;OFF;0.89;16.77;16.56;18.25;4792.89;4776.30;4768.92;4761.55;4754.18;4746.80
2026.04.21 14:30:00;XAUUSD;PERIOD_M15;LIVE;VALID;BUY;4792.63;2026.04.21 15:30:00;4779.62;-1301.0;4;LOSS;NEXT_SIGNAL;2026.04.21 15:45:00;4779.66;-1297.0;5;LOSS;REV;YES;;;;7.26;35;4786.50;4785.59;90.6;14.0;BEAR;SELL;OFF;0.87;17.99;26.91;15.82;4783.56;4799.89;4807.15;4814.41;4821.67;4828.93
2026.04.21 15:30:00;XAUUSD;PERIOD_M15;LIVE;VALID;SELL;4779.62;2026.04.22 11:00:00;4756.82;2280.0;74;WIN;NEXT_SIGNAL;2026.04.22 01:00:00;4722.58;5704.0;34;WIN;REV;YES;;;;8.48;35;4784.95;4785.74;-79.0;0.0;BEAR;SELL;OFF;0.85;19.22;19.46;27.33;4790.22;4771.14;4762.66;4754.19;4745.71;4737.23
2026.04.22 11:00:00;XAUUSD;PERIOD_M15;LIVE;VALID;SELL;4756.82;2026.04.22 20:45:00;4737.10;1972.0;39;WIN;NEXT_SIGNAL;2026.04.22 21:00:00;4737.50;1932.0;40;WIN;REV;NO;POSITION_ACTIVE;;;6.42;35;4761.96;4762.42;-46.1;0.0;BEAR;SELL;OFF;0.89;23.50;13.54;23.45;4764.84;4750.40;4743.99;4737.57;4731.15;4724.74
2026.04.22 20:45:00;XAUUSD;PERIOD_M15;LIVE;VALID;BUY;4737.10;2026.04.23 01:15:00;4732.81;-429.0;14;LOSS;NEXT_SIGNAL;2026.04.23 01:30:00;4732.89;-421.0;15;LOSS;REV;YES;;;;7.39;34;4734.16;4734.04;11.7;0.0;BEAR;SELL;OFF;0.84;24.45;13.65;12.14;4727.86;4744.49;4751.89;4759.28;4766.68;4774.07
2026.04.23 01:15:00;XAUUSD;PERIOD_M15;LIVE;VALID;SELL;4732.81;2026.04.23 03:45:00;4747.82;-1501.0;10;LOSS;NEXT_SIGNAL;2026.04.23 04:00:00;4748.02;-1521.0;11;LOSS;REV;YES;;;;6.19;36;4736.76;4737.40;-64.6;-14.0;BEAR;SELL;OFF;0.87;18.34;21.93;18.31;4740.55;4726.62;4720.43;4714.24;4708.06;4701.87
2026.04.23 03:45:00;XAUUSD;PERIOD_M15;LIVE;VALID;BUY;4747.82;2026.04.23 05:00:00;4707.29;-4053.0;5;LOSS;NEXT_SIGNAL;2026.04.23 05:15:00;4707.23;-4059.0;6;LOSS;REV;YES;;;;10.82;36;4734.46;4732.19;226.7;14.0;BEAR NOISE;SELL;OFF;0.78;20.04;24.29;21.07;4734.30;4758.64;4769.45;4780.27;4791.09;4801.91
2026.04.23 05:00:00;XAUUSD;PERIOD_M15;LIVE;VALID;SELL;4707.29;2026.04.23 08:45:00;4713.33;-604.0;15;LOSS;NEXT_SIGNAL;2026.04.23 09:00:00;4713.67;-638.0;16;LOSS;REV;YES;;;;13.60;36;4725.88;4728.76;-288.6;-26.6;BEAR;SELL;OFF;0.63;26.97;11.88;36.81;4724.30;4693.69;4680.08;4666.48;4652.87;4639.27
2026.04.23 08:45:00;XAUUSD;PERIOD_M15;LIVE;VALID;BUY;4713.33;2026.04.23 11:45:00;4703.15;-1018.0;12;LOSS;NEXT_SIGNAL;2026.04.23 12:00:00;4702.77;-1056.0;13;LOSS;REV;YES;;;;8.13;36;4706.74;4706.33;41.3;0.0;BEAR NOISE;SELL;OFF;0.87;30.57;18.61;22.35;4703.17;4721.46;4729.59;4737.72;4745.85;4753.98
2026.04.23 11:45:00;XAUUSD;PERIOD_M15;LIVE;VALID;SELL;4703.15;2026.04.23 14:45:00;4720.25;-1710.0;12;LOSS;NEXT_SIGNAL;2026.04.23 15:00:00;4720.66;-1751.0;13;LOSS;REV;YES;;;;9.21;34;4709.88;4710.67;-79.0;0.0;BEAR;SELL;OFF;0.87;18.19;19.83;28.33;4714.67;4693.94;4684.72;4675.51;4666.29;4657.08
2026.04.23 14:45:00;XAUUSD;PERIOD_M15;LIVE;VALID;BUY;4720.25;2026.04.23 18:45:00;4721.13;88.0;16;WIN;NEXT_SIGNAL;2026.04.23 19:00:00;4721.14;89.0;17;WIN;REV;YES;;;;9.20;36;4703.56;4701.23;233.3;0.0;BULL NOISE;BUY;OFF;0.74;29.10;31.91;13.08;4708.76;4729.44;4738.64;4747.84;4757.03;4766.23
2026.04.23 18:45:00;XAUUSD;PERIOD_M15;LIVE;VALID;SELL;4721.13;2026.04.24 02:45:00;4696.51;2462.0;28;WIN;NEXT_SIGNAL;2026.04.24 03:00:00;4696.88;2425.0;29;WIN;REV;YES;;;;10.68;34;4727.86;4728.69;-83.1;-14.0;BULL;BUY;OFF;0.81;34.40;20.05;24.58;4734.48;4710.45;4699.76;4689.08;4678.40;4667.72
2026.04.24 02:45:00;XAUUSD;PERIOD_M15;LIVE;VALID;BUY;4696.51;2026.04.24 05:00:00;4692.75;-376.0;9;LOSS;NEXT_SIGNAL;2026.04.24 05:15:00;4692.73;-378.0;10;LOSS;REV;YES;;;;6.75;36;4694.82;4694.65;16.6;0.0;BEAR;SELL;OFF;0.94;20.83;19.47;19.16;4688.07;4703.26;4710.01;4716.76;4723.52;4730.27
2026.04.24 05:00:00;XAUUSD;PERIOD_M15;LIVE;VALID;SELL;4692.75;2026.04.24 08:45:00;4685.15;760.0;15;WIN;NEXT_SIGNAL;2026.04.24 09:00:00;4685.49;726.0;16;WIN;REV;YES;;;;9.05;35;4697.94;4698.16;-22.7;0.0;BEAR;SELL;OFF;0.78;15.02;12.76;15.61;4704.06;4683.70;4674.65;4665.60;4656.56;4647.51
2026.04.24 08:45:00;XAUUSD;PERIOD_M15;LIVE;BLOCKED;BUY;4685.15;2026.04.24 13:00:00;4682.30;-285.0;17;LOSS;NEXT_SIGNAL;;;;;;;NO;MARKET;SPREAD;;8.61;51;4677.70;4676.53;116.5;0.0;BEAR NOISE;SELL;OFF;0.83;36.39;22.11;14.72;4674.39;4693.76;4702.37;4710.98;4719.59;4728.20
2026.04.24 13:00:00;XAUUSD;PERIOD_M15;LIVE;VALID;SELL;4682.30;2026.04.24 14:15:00;4714.75;-3245.0;5;LOSS;NEXT_SIGNAL;2026.04.24 14:30:00;4714.87;-3257.0;6;LOSS;REV;YES;;;;7.82;34;4685.29;4685.43;-14.2;-14.0;BEAR;SELL;OFF;0.83;28.31;17.14;12.93;4692.07;4674.48;4666.67;4658.85;4651.04;4643.22
2026.04.24 14:15:00;XAUUSD;PERIOD_M15;LIVE;VALID;BUY;4714.75;2026.04.24 20:45:00;4723.89;914.0;26;WIN;NEXT_SIGNAL;2026.04.24 21:00:00;4723.88;913.0;27;WIN;REV;YES;;;;9.77;35;4691.87;4688.40;346.7;14.0;BULL;BUY;OFF;0.78;25.33;28.15;12.84;4702.54;4724.52;4734.29;4744.06;4753.83;4763.60
2026.04.24 20:45:00;XAUUSD;PERIOD_M15;LIVE;VALID;SELL;4723.89;2026.04.27 04:15:00;4698.07;2582.0;26;WIN;NEXT_SIGNAL;2026.04.27 04:30:00;4698.40;2549.0;27;WIN;REV;YES;;;;8.29;34;4724.14;4724.33;-18.6;0.0;BULL;BUY;OFF;0.98;13.26;15.50;16.86;4734.25;4715.60;4707.31;4699.02;4690.74;4682.45
2026.04.27 04:15:00;XAUUSD;PERIOD_M15;LIVE;VALID;BUY;4698.07;2026.04.27 08:45:00;4711.46;1339.0;18;WIN;NEXT_SIGNAL;2026.04.27 09:00:00;4711.47;1340.0;19;WIN;REV;YES;;;;9.33;36;4689.81;4688.07;173.6;14.0;BEAR NOISE;SELL;OFF;0.90;32.96;22.91;16.95;4686.41;4707.40;4716.73;4726.06;4735.38;4744.71
2026.04.27 08:45:00;XAUUSD;PERIOD_M15;LIVE;VALID;SELL;4711.46;2026.04.27 15:00:00;4708.74;272.0;25;WIN;NEXT_SIGNAL;2026.04.27 15:15:00;4709.03;243.0;26;WIN;REV;YES;;;;6.49;36;4716.92;4717.98;-106.3;0.0;BEAR;SELL;OFF;0.84;37.78;12.51;31.17;4719.57;4704.97;4698.48;4692.00;4685.51;4679.02
2026.04.27 15:00:00;XAUUSD;PERIOD_M15;LIVE;VALID;BUY;4708.74;2026.04.27 15:30:00;4698.52;-1022.0;2;LOSS;NEXT_SIGNAL;2026.04.27 15:45:00;4698.48;-1026.0;3;LOSS;REV;YES;;;;6.01;35;4706.11;4705.94;16.8;0.0;BEAR;SELL;OFF;0.79;23.87;16.87;16.82;4701.23;4714.75;4720.75;4726.76;4732.76;4738.77
2026.04.27 15:30:00;XAUUSD;PERIOD_M15;LIVE;VALID;SELL;4698.52;2026.04.27 21:00:00;4681.15;1737.0;22;WIN;NEXT_SIGNAL;2026.04.27 21:15:01;4681.50;1702.0;23;WIN;REV;YES;;;;6.49;34;4704.36;4705.02;-65.7;-14.0;BEAR;SELL;OFF;0.82;20.23;16.39;18.50;4706.63;4692.03;4685.55;4679.06;4672.57;4666.08
2026.04.27 21:00:00;XAUUSD;PERIOD_M15;LIVE;VALID;BUY;4681.15;2026.04.27 23:30:00;4680.10;-105.0;10;LOSS;NEXT_SIGNAL;2026.04.27 23:45:01;4680.26;-89.0;11;LOSS;REV;YES;;;;7.63;34;4679.95;4679.43;52.2;0.0;BEAR;SELL;OFF;0.86;22.91;16.79;22.16;4671.62;4688.78;4696.40;4704.03;4711.65;4719.28
2026.04.27 23:30:00;XAUUSD;PERIOD_M15;LIVE;VALID;SELL;4680.10;2026.04.28 04:30:00;4687.39;-729.0;16;LOSS;NEXT_SIGNAL;2026.04.28 01:00:00;4685.12;-502.0;2;LOSS;REV;YES;;;;4.28;45;4680.35;4680.38;-2.9;0.0;BEAR;SELL;OFF;0.83;23.67;9.32;17.72;4685.46;4675.82;4671.53;4667.25;4662.96;4658.68
2026.04.28 04:30:00;XAUUSD;PERIOD_M15;LIVE;VALID;SELL;4687.39;2026.04.28 18:45:00;4586.38;10101.0;57;WIN;NEXT_SIGNAL;2026.04.28 19:00:00;4586.77;10062.0;58;WIN;REV;NO;POSITION_ACTIVE;;;4.60;36;4689.63;4690.03;-40.0;0.0;BEAR;SELL;OFF;0.91;30.57;15.72;18.70;4693.14;4682.79;4678.20;4673.60;4669.00;4664.40
2026.04.28 18:45:00;XAUUSD;PERIOD_M15;LIVE;VALID;BUY;4586.38;2026.04.28 23:30:00;4593.35;697.0;19;WIN;NEXT_SIGNAL;2026.04.28 23:45:00;4593.31;693.0;20;WIN;REV;YES;;;;15.51;35;4577.94;4577.30;63.9;14.0;BEAR;SELL;OFF;0.97;21.95;22.37;15.09;4566.99;4601.89;4617.40;4632.91;4648.42;4663.93
2026.04.28 23:30:00;XAUUSD;PERIOD_M15;LIVE;VALID;SELL;4593.35;2026.04.29 03:00:00;4607.30;-1395.0;10;LOSS;NEXT_SIGNAL;2026.04.29 03:15:00;4607.65;-1430.0;11;LOSS;REV;YES;;;;5.76;45;4594.93;4595.13;-19.5;0.0;BEAR;SELL;OFF;0.87;20.18;10.28;13.42;4600.55;4587.59;4581.83;4576.07;4570.31;4564.55
2026.04.29 03:00:00;XAUUSD;PERIOD_M15;LIVE;VALID;BUY;4607.30;2026.04.29 04:00:00;4582.53;-2477.0;4;LOSS;NEXT_SIGNAL;2026.04.29 04:15:00;4582.25;-2505.0;5;LOSS;REV;YES;;;;5.41;36;4596.48;4595.40;107.9;14.0;BULL NOISE;BUY;OFF;0.93;22.77;23.05;16.13;4600.54;4612.71;4618.11;4623.52;4628.92;4634.33
2026.04.29 04:00:00;XAUUSD;PERIOD_M15;LIVE;VALID;SELL;4582.53;2026.04.29 05:30:00;4596.79;-1426.0;6;LOSS;NEXT_SIGNAL;2026.04.29 05:45:00;4597.18;-1465.0;7;LOSS;REV;YES;;;;7.33;36;4595.35;4595.67;-31.5;0.0;BULL NOISE;BUY;OFF;0.90;20.67;13.01;24.89;4591.69;4575.20;4567.87;4560.54;4553.21;4545.88
2026.04.29 05:30:00;XAUUSD;PERIOD_M15;LIVE;VALID;BUY;4596.79;2026.04.29 08:45:00;4590.83;-596.0;13;LOSS;NEXT_SIGNAL;2026.04.29 09:00:00;4590.84;-595.0;14;LOSS;REV;YES;;;;9.87;36;4594.59;4594.23;36.1;0.0;BULL;BUY;OFF;0.89;18.13;18.20;15.98;4584.45;4606.66;4616.53;4626.40;4636.27;4646.14
2026.04.29 08:45:00;XAUUSD;PERIOD_M15;LIVE;VALID;SELL;4590.83;2026.04.29 18:30:00;4553.13;3770.0;39;WIN;NEXT_SIGNAL;2026.04.29 18:45:00;4553.45;3738.0;40;WIN;REV;YES;;;;6.69;36;4598.01;4598.16;-15.2;0.0;BULL NOISE;BUY;OFF;0.87;19.62;16.28;21.35;4599.19;4584.14;4577.45;4570.76;4564.07;4557.38
2026.04.29 18:30:00;XAUUSD;PERIOD_M15;LIVE;VALID;BUY;4553.13;2026.04.29 21:00:00;4525.53;-2760.0;10;LOSS;NEXT_SIGNAL;2026.04.29 21:15:00;4525.44;-2769.0;11;LOSS;REV;YES;;;;13.44;35;4541.78;4541.58;20.0;14.0;BEAR NOISE;SELL;OFF;0.79;28.65;24.22;13.10;4536.33;4566.57;4580.02;4593.46;4606.90;4620.35
2026.04.29 21:00:00;XAUUSD;PERIOD_M15;LIVE;VALID;SELL;4525.53;2026.04.29 23:00:00;4546.01;-2048.0;8;LOSS;NEXT_SIGNAL;2026.04.29 23:15:00;4546.57;-2104.0;9;LOSS;REV;YES;;;;11.89;34;4542.74;4544.53;-178.8;-14.0;BEAR;SELL;OFF;0.89;23.40;10.70;25.08;4540.39;4513.64;4501.75;4489.86;4477.97;4466.08
2026.04.29 23:00:00;XAUUSD;PERIOD_M15;LIVE;VALID;BUY;4546.01;2026.04.30 06:15:00;4563.18;1717.0;25;WIN;NEXT_SIGNAL;2026.04.30 06:30:00;4563.43;1742.0;26;WIN;REV;YES;;;;12.60;45;4542.37;4542.11;26.7;0.0;BEAR;SELL;OFF;0.77;21.47;18.69;14.83;4530.26;4558.61;4571.21;4583.81;4596.41;4609.01
2026.04.30 06:15:00;XAUUSD;PERIOD_M15;LIVE;VALID;SELL;4563.18;2026.04.30 09:00:00;4566.08;-290.0;11;LOSS;NEXT_SIGNAL;2026.04.30 09:15:00;4566.49;-331.0;12;LOSS;REV;YES;;;;8.42;36;4567.14;4567.93;-78.4;0.0;BULL;BUY;OFF;0.89;39.92;19.68;12.74;4573.70;4554.77;4546.35;4537.93;4529.52;4521.10
2026.04.30 09:00:00;XAUUSD;PERIOD_M15;LIVE;VALID;BUY;4566.08;2026.04.30 16:30:00;4625.46;5938.0;30;WIN;NEXT_SIGNAL;2026.04.30 16:45:00;4625.35;5927.0;31;WIN;REV;YES;;;;7.58;34;4559.15;4558.50;64.5;0.0;BULL;BUY;OFF;0.88;28.58;25.54;19.96;4556.61;4573.66;4581.24;4588.82;4596.39;4603.97
2026.04.30 16:30:00;XAUUSD;PERIOD_M15;LIVE;VALID;SELL;4625.46;2026.04.30 21:00:00;4620.61;485.0;18;WIN;NEXT_SIGNAL;2026.04.30 21:15:00;4620.97;449.0;19;WIN;REV;YES;;;;11.29;35;4632.21;4632.71;-50.3;0.0;BULL;BUY;OFF;0.83;42.30;17.47;18.60;4639.57;4614.17;4602.88;4591.59;4580.30;4569.01
2026.04.30 21:00:00;XAUUSD;PERIOD_M15;LIVE;VALID;BUY;4620.61;2026.04.30 23:30:00;4617.27;-334.0;10;LOSS;NEXT_SIGNAL;2026.04.30 23:45:00;4617.26;-335.0;11;LOSS;REV;YES;;;;8.17;34;4616.64;4615.90;74.2;0.0;BULL;BUY;OFF;0.95;27.94;16.81;9.73;4610.39;4628.78;4636.96;4645.13;4653.30;4661.47
2026.04.30 23:30:00;XAUUSD;PERIOD_M15;LIVE;VALID;SELL;4617.27;2026.05.01 03:30:00;4620.74;-347.0;12;LOSS;NEXT_SIGNAL;2026.05.01 01:00:02;4635.11;-1784.0;2;LOSS;REV;YES;;;;5.86;45;4618.06;4618.20;-13.9;0.0;BULL;BUY;OFF;0.65;16.50;8.95;11.09;4624.59;4611.41;4605.56;4599.70;4593.84;4587.98
2026.05.01 03:30:00;XAUUSD;PERIOD_M15;LIVE;VALID;SELL;4620.74;2026.05.01 05:15:00;4629.42;-868.0;7;LOSS;NEXT_SIGNAL;2026.05.01 05:30:00;4629.78;-904.0;8;LOSS;REV;NO;POSITION_ACTIVE;;;5.62;34;4625.05;4625.63;-57.8;0.0;BULL;BUY;OFF;0.88;24.46;11.76;19.88;4627.76;4615.12;4609.50;4603.89;4598.27;4592.65
2026.05.01 05:15:00;XAUUSD;PERIOD_M15;LIVE;VALID;BUY;4629.42;2026.05.01 05:45:00;4619.03;-1039.0;2;LOSS;NEXT_SIGNAL;2026.05.01 06:00:00;4618.91;-1051.0;3;LOSS;REV;YES;;;;6.31;34;4624.54;4624.42;12.1;14.0;BULL;BUY;OFF;0.82;26.01;21.84;14.66;4621.53;4635.73;4642.05;4648.36;4654.67;4660.98
2026.05.01 05:45:00;XAUUSD;PERIOD_M15;LIVE;VALID;SELL;4619.03;2026.05.01 06:15:00;4626.17;-714.0;2;LOSS;NEXT_SIGNAL;2026.05.01 06:30:00;4626.71;-768.0;3;LOSS;REV;YES;;;;6.94;34;4623.26;4623.70;-43.8;-14.0;BULL;BUY;OFF;0.88;24.29;16.40;30.95;4627.70;4612.09;4605.16;4598.22;4591.29;4584.35
2026.05.01 06:15:00;XAUUSD;PERIOD_M15;LIVE;VALID;BUY;4626.17;2026.05.01 07:15:00;4617.54;-863.0;4;LOSS;NEXT_SIGNAL;2026.05.01 07:30:00;4617.55;-862.0;5;LOSS;REV;YES;;;;6.89;36;4623.44;4623.35;8.8;0.0;BULL;BUY;OFF;0.91;22.05;24.13;23.24;4617.56;4633.06;4639.95;4646.84;4653.73;4660.62
2026.05.01 07:15:00;XAUUSD;PERIOD_M15;LIVE;VALID;SELL;4617.54;2026.05.01 14:30:00;4575.55;4199.0;29;WIN;NEXT_SIGNAL;2026.05.01 14:45:00;4575.84;4170.0;30;WIN;REV;YES;;;;6.51;36;4622.52;4622.86;-34.3;0.0;BULL NOISE;BUY;OFF;0.88;18.32;20.45;26.55;4625.67;4611.03;4604.53;4598.02;4591.52;4585.01
2026.05.01 14:30:00;XAUUSD;PERIOD_M15;LIVE;VALID;BUY;4575.55;2026.05.01 20:30:00;4627.96;5241.0;24;WIN;NEXT_SIGNAL;2026.05.01 20:45:00;4627.97;5242.0;25;WIN;REV;YES;;;;7.42;35;4570.73;4570.47;26.0;0.0;BEAR;SELL;OFF;0.80;32.78;20.66;18.34;4566.28;4582.97;4590.39;4597.81;4605.23;4612.65
2026.05.01 20:30:00;XAUUSD;PERIOD_M15;LIVE;VALID;SELL;4627.96;2026.05.04 01:30:00;4628.06;-10.0;16;LOSS;NEXT_SIGNAL;2026.05.04 01:45:00;4628.39;-43.0;17;LOSS;REV;YES;;;;10.02;34;4634.73;4635.58;-84.9;0.0;BULL;BUY;OFF;0.78;26.09;15.57;28.62;4640.49;4617.94;4607.91;4597.89;4587.87;4577.85
2026.05.04 01:30:00;XAUUSD;PERIOD_M15;LIVE;VALID;BUY;4628.06;2026.05.04 02:30:00;4613.50;-1456.0;4;LOSS;NEXT_SIGNAL;2026.05.04 02:45:00;4613.51;-1455.0;5;LOSS;REV;YES;;;;8.44;36;4620.36;4619.62;73.9;0.0;BULL;BUY;OFF;0.85;21.98;29.68;17.60;4617.52;4636.50;4644.93;4653.37;4661.80;4670.24
2026.05.04 02:30:00;XAUUSD;PERIOD_M15;LIVE;VALID;SELL;4613.50;2026.05.04 06:15:00;4609.73;377.0;15;WIN;NEXT_SIGNAL;2026.05.04 06:30:00;4609.93;357.0;16;WIN;REV;YES;;;;8.46;36;4617.36;4617.76;-39.1;0.0;BULL;BUY;OFF;0.88;15.29;18.67;18.49;4624.08;4605.04;4596.58;4588.12;4579.66;4571.20
2026.05.04 06:15:00;XAUUSD;PERIOD_M15;LIVE;VALID;BUY;4609.73;2026.05.04 08:15:00;4596.44;-1329.0;8;LOSS;NEXT_SIGNAL;2026.05.04 08:30:00;4596.67;-1306.0;9;LOSS;REV;YES;;;;10.88;36;4606.48;4606.37;10.3;0.0;BULL;BUY;OFF;0.87;17.95;19.34;13.38;4596.13;4620.61;4631.50;4642.38;4653.26;4664.14
2026.05.04 08:15:00;XAUUSD;PERIOD_M15;LIVE;VALID;SELL;4596.44;2026.05.04 15:30:00;4569.96;2648.0;29;WIN;NEXT_SIGNAL;2026.05.04 15:45:00;4570.45;2599.0;30;WIN;REV;YES;;;;9.72;36;4604.71;4605.88;-117.0;-14.0;BULL;BUY;OFF;0.81;18.54;8.86;20.30;4608.60;4586.72;4576.99;4567.27;4557.54;4547.82
2026.05.04 15:30:00;XAUUSD;PERIOD_M15;LIVE;VALID;BUY;4569.96;2026.05.04 18:00:00;4548.46;-2150.0;10;LOSS;NEXT_SIGNAL;2026.05.04 18:15:00;4548.47;-2149.0;11;LOSS;REV;YES;;;;12.61;34;4564.66;4564.53;13.5;0.0;BEAR;SELL;OFF;0.85;24.50;23.52;19.09;4554.20;4582.57;4595.18;4607.79;4620.40;4633.01
2026.05.04 18:00:00;XAUUSD;PERIOD_M15;LIVE;VALID;SELL;4548.46;2026.05.04 22:30:00;4521.15;2731.0;18;WIN;NEXT_SIGNAL;2026.05.04 22:45:00;4521.47;2699.0;19;WIN;REV;YES;;;;13.16;35;4562.09;4563.53;-144.1;0.0;BEAR;SELL;OFF;0.80;17.27;14.38;26.87;4564.91;4535.30;4522.14;4508.99;4495.83;4482.67
2026.05.04 22:30:00;XAUUSD;PERIOD_M15;LIVE;VALID;BUY;4521.15;2026.05.04 23:00:00;4514.68;-647.0;2;LOSS;NEXT_SIGNAL;2026.05.04 23:15:00;4514.57;-658.0;3;LOSS;REV;YES;;;;8.86;34;4519.53;4519.35;18.0;0.0;BEAR;SELL;OFF;0.89;24.85;19.39;14.42;4510.08;4530.01;4538.86;4547.72;4556.58;4565.44
2026.05.04 23:00:00;XAUUSD;PERIOD_M15;LIVE;VALID;SELL;4514.68;2026.05.05 07:15:00;4529.47;-1479.0;29;LOSS;NEXT_SIGNAL;2026.05.05 01:00:01;4525.39;-1071.0;4;LOSS;REV;YES;;;;8.07;35;4518.14;4518.19;-5.3;0.0;BEAR;SELL;OFF;0.88;23.63;14.56;25.69;4524.76;4506.61;4498.55;4490.48;4482.41;4474.34
2026.05.05 07:15:00;XAUUSD;PERIOD_M15;LIVE;VALID;SELL;4529.47;2026.05.05 08:30:00;4545.93;-1646.0;5;LOSS;NEXT_SIGNAL;2026.05.05 08:45:00;4546.28;-1681.0;6;LOSS;REV;NO;POSITION_ACTIVE;;;5.96;45;4534.78;4535.91;-113.0;0.0;BEAR;SELL;OFF;0.83;29.54;11.24;26.90;4536.92;4523.51;4517.55;4511.59;4505.63;4499.67
2026.05.05 08:30:00;XAUUSD;PERIOD_M15;LIVE;VALID;BUY;4545.93;2026.05.05 13:30:00;4544.98;-95.0;20;LOSS;NEXT_SIGNAL;2026.05.05 13:45:00;4545.11;-82.0;21;LOSS;REV;YES;;;;6.30;36;4538.47;4537.58;89.4;0.0;BEAR NOISE;SELL;OFF;0.91;24.81;28.95;15.07;4538.06;4552.23;4558.52;4564.82;4571.11;4577.41
2026.05.05 13:30:00;XAUUSD;PERIOD_M15;LIVE;VALID;SELL;4544.98;2026.05.05 14:30:00;4563.32;-1834.0;4;LOSS;NEXT_SIGNAL;2026.05.05 14:45:00;4563.64;-1866.0;5;LOSS;REV;YES;;;;7.39;34;4550.68;4551.32;-63.8;0.0;BEAR;SELL;OFF;0.86;23.77;9.59;19.75;4554.22;4537.59;4530.20;4522.81;4515.42;4508.03
2026.05.05 14:30:00;XAUUSD;PERIOD_M15;LIVE;VALID;BUY;4563.32;2026.05.05 18:45:00;4568.50;518.0;17;WIN;NEXT_SIGNAL;2026.05.05 19:00:00;4568.46;514.0;18;WIN;REV;YES;;;;7.60;34;4553.92;4552.70;122.3;14.0;BEAR NOISE;SELL;OFF;0.90;23.31;27.48;17.44;4553.82;4570.92;4578.53;4586.13;4593.73;4601.33
2026.05.05 18:45:00;XAUUSD;PERIOD_M15;LIVE;VALID;SELL;4568.50;2026.05.06 01:45:00;4573.36;-486.0;24;LOSS;NEXT_SIGNAL;2026.05.06 02:00:00;4573.66;-516.0;25;LOSS;REV;YES;;;;9.86;35;4575.38;4575.43;-4.4;0.0;BEAR;SELL;OFF;0.87;20.21;8.84;25.13;4580.82;4558.64;4548.79;4538.93;4529.07;4519.21
2026.05.06 01:45:00;XAUUSD;PERIOD_M15;LIVE;VALID;BUY;4573.36;2026.05.06 15:00:00;4672.76;9940.0;53;WIN;NEXT_SIGNAL;2026.05.06 15:15:00;4673.08;9972.0;54;WIN;REV;YES;;;;6.80;36;4557.26;4556.93;33.5;14.0;BULL;BUY;OFF;0.92;34.26;18.09;21.35;4564.86;4580.16;4586.95;4593.75;4600.55;4607.34
2026.05.06 15:00:00;XAUUSD;PERIOD_M15;LIVE;VALID;SELL;4672.76;2026.05.06 17:00:00;4712.05;-3929.0;8;LOSS;NEXT_SIGNAL;2026.05.06 17:15:06;4712.26;-3950.0;9;LOSS;REV;YES;;;;13.81;35;4695.14;4697.86;-271.7;-14.0;BULL NOISE;BUY;OFF;0.88;40.18;15.28;30.78;4690.02;4658.95;4645.14;4631.33;4617.51;4603.70
2026.05.06 17:00:00;XAUUSD;PERIOD_M15;LIVE;VALID;BUY;4712.05;2026.05.06 19:00:00;4683.71;-2834.0;8;LOSS;NEXT_SIGNAL;2026.05.06 19:15:06;4683.64;-2841.0;9;LOSS;REV;YES;;;;15.21;34;4696.36;4694.87;148.5;14.0;BULL;BUY;OFF;0.90;32.80;19.93;15.18;4693.03;4727.26;4742.47;4757.69;4772.90;4788.11
2026.05.06 19:00:00;XAUUSD;PERIOD_M15;LIVE;VALID;SELL;4683.71;2026.05.06 22:00:00;4694.93;-1122.0;12;LOSS;NEXT_SIGNAL;2026.05.06 22:15:08;4695.36;-1165.0;13;LOSS;REV;YES;;;;12.20;34;4693.38;4694.97;-159.1;0.0;BULL;BUY;OFF;0.87;32.24;8.26;31.88;4698.96;4671.51;4659.30;4647.10;4634.90;4622.69
2026.05.06 22:00:00;XAUUSD;PERIOD_M15;LIVE;VALID;BUY;4694.93;2026.05.07 03:30:00;4688.27;-666.0;18;LOSS;NEXT_SIGNAL;2026.05.07 03:45:03;4688.17;-676.0;19;LOSS;REV;YES;;;;6.25;34;4688.14;4687.68;45.7;14.0;BULL;BUY;OFF;0.90;27.48;25.74;12.91;4687.11;4701.19;4707.44;4713.69;4719.95;4726.20
2026.05.07 03:30:00;XAUUSD;PERIOD_M15;LIVE;VALID;SELL;4688.27;2026.05.07 04:00:00;4709.62;-2135.0;2;LOSS;NEXT_SIGNAL;2026.05.07 04:15:03;4709.95;-2168.0;3;LOSS;REV;YES;;;;6.52;34;4693.93;4694.57;-64.1;0.0;BULL;BUY;OFF;0.77;16.87;14.28;23.51;4696.41;4681.76;4675.24;4668.73;4662.21;4655.69
2026.05.07 04:00:00;XAUUSD;PERIOD_M15;LIVE;VALID;BUY;4709.62;2026.05.07 07:00:00;4696.63;-1299.0;12;LOSS;NEXT_SIGNAL;2026.05.07 07:15:04;4696.62;-1300.0;13;LOSS;REV;YES;;;;7.98;36;4696.46;4695.45;101.4;14.0;BULL;BUY;OFF;0.81;16.51;20.78;18.64;4699.65;4717.60;4725.57;4733.55;4741.53;4749.50
2026.05.07 07:00:00;XAUUSD;PERIOD_M15;LIVE;VALID;SELL;4696.63;2026.05.07 09:00:00;4707.92;-1129.0;8;LOSS;NEXT_SIGNAL;2026.05.07 09:15:05;4708.37;-1174.0;9;LOSS;REV;YES;;;;8.87;36;4701.87;4702.81;-93.8;0.0;BULL;BUY;OFF;0.91;21.20;11.45;30.96;4707.72;4687.76;4678.89;4670.01;4661.14;4652.27
2026.05.07 09:00:00;XAUUSD;PERIOD_M15;LIVE;VALID;BUY;4707.92;2026.05.07 12:45:00;4728.88;2096.0;15;WIN;NEXT_SIGNAL;2026.05.07 13:00:08;4728.92;2100.0;16;WIN;REV;YES;;;;5.76;34;4701.74;4701.38;35.9;0.0;BULL;BUY;OFF;0.78;26.41;18.50;16.72;4700.72;4713.68;4719.44;4725.19;4730.95;4736.71
2026.05.07 12:45:00;XAUUSD;PERIOD_M15;LIVE;VALID;SELL;4728.88;2026.05.07 14:45:00;4742.71;-1383.0;8;LOSS;NEXT_SIGNAL;2026.05.07 15:00:10;4743.33;-1445.0;9;LOSS;REV;YES;;;;11.81;35;4734.24;4734.53;-28.5;0.0;BULL;BUY;OFF;0.80;23.19;14.44;25.02;4743.65;4717.07;4705.26;4693.44;4681.63;4669.82
2026.05.07 14:45:00;XAUUSD;PERIOD_M15;LIVE;VALID;BUY;4742.71;2026.05.07 18:45:00;4729.14;-1357.0;16;LOSS;NEXT_SIGNAL;2026.05.07 19:00:00;4729.15;-1356.0;17;LOSS;REV;YES;;;;8.68;34;4736.25;4735.76;49.4;0.0;BULL;BUY;OFF;0.77;19.80;18.02;16.05;4731.86;4751.39;4760.06;4768.74;4777.42;4786.10
2026.05.07 18:45:00;XAUUSD;PERIOD_M15;LIVE;VALID;SELL;4729.14;2026.05.07 23:15:00;4712.87;1627.0;18;WIN;NEXT_SIGNAL;2026.05.07 23:30:00;4713.31;1583.0;19;WIN;REV;YES;;;;13.46;35;4743.34;4745.93;-258.3;0.0;BULL NOISE;BUY;OFF;0.86;18.98;13.85;28.24;4745.97;4715.68;4702.22;4688.75;4675.29;4661.83
2026.05.07 23:15:00;XAUUSD;PERIOD_M15;LIVE;VALID;BUY;4712.87;2026.05.07 23:30:00;4703.76;-911.0;1;LOSS;NEXT_SIGNAL;2026.05.07 23:45:00;4703.68;-919.0;2;LOSS;REV;YES;;;;12.00;45;4709.61;4709.28;32.9;0.0;BULL;BUY;OFF;0.95;24.90;12.84;13.66;4697.87;4724.87;4736.87;4748.87;4760.86;4772.86
2026.05.07 23:30:00;XAUUSD;PERIOD_M15;LIVE;VALID;SELL;4703.76;2026.05.08 03:00:00;4702.58;118.0;10;WIN;NEXT_SIGNAL;2026.05.08 03:15:00;4703.03;73.0;11;WIN;REV;YES;;;;12.80;45;4708.31;4708.48;-17.5;0.0;BULL;BUY;OFF;0.94;25.58;11.13;20.67;4719.76;4690.96;4678.16;4665.36;4652.56;4639.76
2026.05.08 03:00:00;XAUUSD;PERIOD_M15;LIVE;VALID;BUY;4702.58;2026.05.08 07:45:00;4710.96;838.0;19;WIN;NEXT_SIGNAL;2026.05.08 08:00:00;4710.97;839.0;20;WIN;REV;YES;;;;10.58;36;4698.25;4698.13;11.4;0.0;BULL;BUY;OFF;0.86;29.75;31.01;14.92;4689.36;4713.16;4723.74;4734.32;4744.90;4755.48
2026.05.08 07:45:00;XAUUSD;PERIOD_M15;LIVE;VALID;SELL;4710.96;2026.05.08 08:30:00;4724.56;-1360.0;3;LOSS;NEXT_SIGNAL;2026.05.08 08:45:00;4724.88;-1392.0;4;LOSS;REV;YES;;;;9.32;36;4715.16;4716.01;-84.8;0.0;BULL;BUY;OFF;0.78;16.88;15.77;20.97;4722.61;4701.64;4692.33;4683.01;4673.69;4664.38
2026.05.08 08:30:00;XAUUSD;PERIOD_M15;LIVE;VALID;BUY;4724.56;2026.05.08 10:15:00;4706.53;-1803.0;7;LOSS;NEXT_SIGNAL;2026.05.08 10:30:00;4706.39;-1817.0;8;LOSS;REV;YES;;;;8.48;36;4717.58;4717.24;34.1;0.0;BULL;BUY;OFF;0.77;17.18;26.89;13.88;4713.96;4733.04;4741.53;4750.01;4758.49;4766.97
2026.05.08 10:15:00;XAUUSD;PERIOD_M15;LIVE;VALID;SELL;4706.53;2026.05.08 13:15:00;4720.41;-1388.0;12;LOSS;NEXT_SIGNAL;2026.05.08 13:30:00;4720.73;-1420.0;13;LOSS;REV;YES;;;;10.13;34;4719.12;4720.02;-90.3;-14.0;BULL NOISE;BUY;OFF;0.85;20.70;15.21;31.97;4719.19;4696.40;4686.27;4676.14;4666.02;4655.89
2026.05.08 13:15:00;XAUUSD;PERIOD_M15;LIVE;VALID;BUY;4720.41;2026.05.08 15:00:00;4704.53;-1588.0;7;LOSS;NEXT_SIGNAL;2026.05.08 15:15:00;4704.08;-1633.0;8;LOSS;REV;YES;;;;8.63;34;4716.76;4716.31;44.9;0.0;BULL;BUY;OFF;0.83;16.01;29.32;19.69;4709.62;4729.04;4737.68;4746.31;4754.94;4763.57
2026.05.08 15:00:00;XAUUSD;PERIOD_M15;LIVE;VALID;SELL;4704.53;2026.05.08 15:45:00;4724.33;-1980.0;3;LOSS;NEXT_SIGNAL;2026.05.08 16:00:00;4724.69;-2016.0;4;LOSS;REV;YES;;;;7.58;35;4716.52;4717.39;-86.9;-14.0;BULL NOISE;BUY;OFF;0.80;19.29;16.29;30.08;4714.00;4696.95;4689.38;4681.80;4674.22;4666.65
2026.05.08 15:45:00;XAUUSD;PERIOD_M15;LIVE;VALID;BUY;4724.33;2026.05.08 18:00:00;4707.46;-1687.0;9;LOSS;NEXT_SIGNAL;2026.05.08 18:15:00;4707.48;-1685.0;10;LOSS;REV;YES;;;;9.82;35;4718.68;4718.31;36.9;14.0;BULL;BUY;OFF;0.85;16.53;20.23;20.81;4712.05;4734.15;4743.97;4753.79;4763.62;4773.44
2026.05.08 18:00:00;XAUUSD;PERIOD_M15;LIVE;VALID;SELL;4707.46;2026.05.08 20:30:00;4720.66;-1320.0;10;LOSS;NEXT_SIGNAL;2026.05.08 20:45:00;4721.02;-1356.0;11;LOSS;REV;YES;;;;14.71;35;4720.49;4722.65;-215.5;-14.0;BULL NOISE;BUY;OFF;0.88;15.84;12.78;22.33;4725.85;4692.75;4678.04;4663.33;4648.62;4633.91
2026.05.08 20:30:00;XAUUSD;PERIOD_M15;LIVE;VALID;BUY;4720.66;2026.05.08 23:15:00;4717.25;-341.0;11;LOSS;NEXT_SIGNAL;2026.05.08 23:30:00;4717.22;-344.0;12;LOSS;REV;YES;;;;8.54;34;4716.65;4716.62;2.2;0.0;BULL;BUY;OFF;0.74;23.12;22.85;10.62;4709.99;4729.20;4737.74;4746.28;4754.81;4763.35
2026.05.08 23:15:00;XAUUSD;PERIOD_M15;LIVE;VALID;SELL;4717.25;2026.05.11 10:15:00;4675.79;4146.0;40;WIN;NEXT_SIGNAL;2026.05.11 10:30:00;4676.09;4116.0;41;WIN;REV;YES;;;;4.46;45;4721.14;4721.21;-6.3;0.0;BULL;BUY;OFF;0.92;27.33;12.97;22.81;4722.83;4712.79;4708.33;4703.86;4699.40;4694.94
2026.05.11 10:15:00;XAUUSD;PERIOD_M15;LIVE;VALID;BUY;4675.79;2026.05.11 12:00:00;4667.48;-831.0;7;LOSS;NEXT_SIGNAL;2026.05.11 12:15:00;4667.47;-832.0;8;LOSS;REV;YES;;;;8.71;34;4672.95;4672.22;73.0;0.0;BEAR;SELL;OFF;0.86;27.68;18.84;19.21;4664.90;4684.50;4693.22;4701.93;4710.64;4719.35
2026.05.11 12:00:00;XAUUSD;PERIOD_M15;LIVE;VALID;SELL;4667.48;2026.05.11 14:15:00;4670.80;-332.0;9;LOSS;NEXT_SIGNAL;2026.05.11 14:32:03;4671.13;-365.0;10;LOSS;REV;YES;;;;8.22;35;4669.83;4670.20;-37.3;0.0;BEAR;SELL;OFF;0.90;23.24;13.87;27.88;4677.75;4659.26;4651.05;4642.83;4634.62;4626.40
2026.05.11 14:15:00;XAUUSD;PERIOD_M15;LIVE;VALID;BUY;4670.80;2026.05.11 19:30:00;4711.28;4048.0;21;WIN;NEXT_SIGNAL;2026.05.11 19:45:00;4711.14;4034.0;22;WIN;REV;YES;;;;7.19;35;4666.18;4666.00;17.6;0.0;BEAR;SELL;OFF;0.96;24.41;17.88;13.39;4661.81;4677.99;4685.18;4692.37;4699.55;4706.74
2026.05.11 19:30:00;XAUUSD;PERIOD_M15;LIVE;VALID;SELL;4711.28;2026.05.11 21:30:00;4726.81;-1553.0;8;LOSS;NEXT_SIGNAL;2026.05.11 21:45:00;4727.18;-1590.0;9;LOSS;REV;YES;;;;12.09;35;4723.45;4724.78;-133.0;0.0;BULL;BUY;OFF;0.76;28.28;13.63;28.91;4726.40;4699.19;4687.09;4675.00;4662.91;4650.81
2026.05.11 21:30:00;XAUUSD;PERIOD_M15;LIVE;VALID;BUY;4726.81;2026.05.12 04:15:00;4735.09;828.0;23;WIN;NEXT_SIGNAL;2026.05.12 04:30:00;4735.00;819.0;24;WIN;REV;YES;;;;6.97;34;4724.02;4723.86;16.0;0.0;BULL;BUY;OFF;0.78;27.42;26.18;11.01;4718.10;4733.78;4740.75;4747.72;4754.70;4761.67
2026.05.12 04:15:00;XAUUSD;PERIOD_M15;LIVE;VALID;SELL;4735.09;2026.05.12 13:00:00;4704.94;3015.0;35;WIN;NEXT_SIGNAL;2026.05.12 13:15:00;4705.14;2995.0;36;WIN;REV;YES;;;;10.43;36;4749.20;4750.23;-102.8;-14.0;BULL NOISE;BUY;OFF;0.90;45.45;16.71;22.22;4748.13;4724.66;4714.23;4703.80;4693.37;4682.94
2026.05.12 13:00:00;XAUUSD;PERIOD_M15;LIVE;VALID;BUY;4704.94;2026.05.12 13:30:00;4690.58;-1436.0;2;LOSS;NEXT_SIGNAL;2026.05.12 13:45:00;4691.02;-1392.0;3;LOSS;REV;YES;;;;7.55;34;4700.59;4700.32;26.8;0.0;BULL;BUY;OFF;0.92;19.58;17.35;12.32;4695.51;4712.49;4720.04;4727.58;4735.13;4742.68
2026.05.12 13:30:00;XAUUSD;PERIOD_M15;LIVE;VALID;SELL;4690.58;2026.05.12 14:30:00;4704.15;-1357.0;4;LOSS;NEXT_SIGNAL;2026.05.12 14:45:00;4704.51;-1393.0;5;LOSS;REV;YES;;;;7.62;34;4698.27;4699.11;-83.1;0.0;BULL NOISE;BUY;OFF;0.86;19.91;13.03;21.40;4700.10;4682.97;4675.35;4667.73;4660.12;4652.51
2026.05.12 14:30:00;XAUUSD;PERIOD_M15;LIVE;VALID;BUY;4704.15;2026.05.12 16:00:00;4688.89;-1526.0;6;LOSS;NEXT_SIGNAL;2026.05.12 16:15:00;4688.88;-1527.0;7;LOSS;REV;YES;;;;8.04;35;4698.55;4698.52;3.6;0.0;BULL;BUY;OFF;0.79;18.77;23.09;12.07;4694.10;4712.19;4720.22;4728.26;4736.30;4744.33
2026.05.12 16:00:00;XAUUSD;PERIOD_M15;LIVE;VALID;SELL;4688.89;2026.05.12 20:30:00;4679.64;925.0;18;WIN;NEXT_SIGNAL;2026.05.12 20:45:01;4679.97;892.0;19;WIN;REV;YES;;;;10.83;35;4699.11;4699.43;-32.0;0.0;BULL NOISE;BUY;OFF;0.84;16.45;15.96;21.38;4702.43;4678.06;4667.23;4656.39;4645.56;4634.73
2026.05.12 20:30:00;XAUUSD;PERIOD_M15;LIVE;VALID;BUY;4679.64;2026.05.13 04:00:00;4709.57;2993.0;26;WIN;NEXT_SIGNAL;2026.05.13 04:15:00;4709.75;3011.0;27;WIN;REV;YES;;;;10.99;34;4675.07;4674.13;93.9;0.0;BULL;BUY;OFF;0.90;27.57;22.69;13.48;4665.90;4690.63;4701.62;4712.62;4723.61;4734.60
2026.05.13 04:00:00;XAUUSD;PERIOD_M15;LIVE;VALID;SELL;4709.57;2026.05.13 08:00:00;4705.29;428.0;16;WIN;NEXT_SIGNAL;2026.05.13 08:15:00;4705.56;401.0;17;WIN;REV;YES;;;;7.18;36;4716.17;4716.93;-76.3;0.0;BULL NOISE;BUY;OFF;0.75;58.74;12.56;19.91;4718.55;4702.39;4695.21;4688.03;4680.85;4673.67
2026.05.13 08:00:00;XAUUSD;PERIOD_M15;LIVE;VALID;BUY;4705.29;2026.05.13 11:00:00;4700.17;-512.0;12;LOSS;NEXT_SIGNAL;2026.05.13 11:15:00;4700.14;-515.0;13;LOSS;REV;YES;;;;6.99;36;4700.73;4700.36;37.6;0.0;BULL;BUY;OFF;0.75;30.28;25.25;13.64;4696.55;4712.28;4719.28;4726.27;4733.26;4740.25
2026.05.13 11:00:00;XAUUSD;PERIOD_M15;LIVE;VALID;SELL;4700.17;2026.05.13 14:30:00;4703.32;-315.0;14;LOSS;NEXT_SIGNAL;2026.05.13 14:45:00;4703.65;-348.0;15;LOSS;REV;YES;;;;7.43;34;4703.31;4703.45;-13.4;0.0;BULL;BUY;OFF;0.85;20.63;14.97;23.15;4709.46;4692.74;4685.31;4677.87;4670.44;4663.01
2026.05.13 14:30:00;XAUUSD;PERIOD_M15;LIVE;VALID;BUY;4703.32;2026.05.13 15:00:00;4693.89;-943.0;2;LOSS;NEXT_SIGNAL;2026.05.13 15:15:00;4693.75;-957.0;3;LOSS;REV;YES;;;;7.16;34;4698.97;4698.30;67.1;0.0;BULL;BUY;OFF;0.79;18.61;27.37;15.16;4694.37;4710.48;4717.65;4724.81;4731.97;4739.13
2026.05.13 15:00:00;XAUUSD;PERIOD_M15;LIVE;VALID;SELL;4693.89;2026.05.13 18:30:00;4699.18;-529.0;14;LOSS;NEXT_SIGNAL;2026.05.13 18:45:00;4699.54;-565.0;15;LOSS;REV;YES;;;;7.48;35;4697.56;4697.66;-10.1;0.0;BULL;BUY;OFF;0.81;17.39;20.56;18.78;4703.24;4686.41;4678.93;4671.45;4663.97;4656.49
2026.05.13 18:30:00;XAUUSD;PERIOD_M15;LIVE;VALID;BUY;4699.18;2026.05.13 21:00:00;4692.36;-682.0;10;LOSS;NEXT_SIGNAL;2026.05.13 21:15:00;4692.35;-683.0;11;LOSS;REV;YES;;;;10.44;34;4688.78;4687.18;160.1;14.0;BULL;BUY;OFF;0.76;15.57;28.23;17.06;4686.12;4709.63;4720.07;4730.52;4740.96;4751.40
2026.05.13 21:00:00;XAUUSD;PERIOD_M15;LIVE;VALID;SELL;4692.36;2026.05.14 01:15:00;4697.05;-469.0;13;LOSS;NEXT_SIGNAL;2026.05.14 01:30:00;4697.25;-489.0;14;LOSS;REV;YES;;;;8.09;34;4693.42;4693.71;-28.3;0.0;BULL;BUY;OFF;0.82;23.97;12.05;23.52;4702.47;4684.27;4676.19;4668.10;4660.02;4651.93
2026.05.14 01:15:00;XAUUSD;PERIOD_M15;LIVE;VALID;BUY;4697.05;2026.05.14 04:15:00;4692.60;-445.0;12;LOSS;NEXT_SIGNAL;2026.05.14 04:30:00;4692.67;-438.0;13;LOSS;REV;YES;;;;5.52;36;4691.53;4690.45;108.0;0.0;BULL;BUY;OFF;0.86;19.39;25.87;17.11;4690.15;4702.57;4708.09;4713.61;4719.12;4724.64
2026.05.14 04:15:00;XAUUSD;PERIOD_M15;LIVE;VALID;SELL;4692.60;2026.05.14 07:30:00;4704.79;-1219.0;13;LOSS;NEXT_SIGNAL;2026.05.14 07:45:00;4705.18;-1258.0;14;LOSS;REV;YES;;;;7.23;36;4696.19;4696.52;-32.4;0.0;BULL;BUY;OFF;0.88;15.34;19.04;24.69;4701.63;4685.37;4678.15;4670.92;4663.70;4656.47
2026.05.14 07:30:00;XAUUSD;PERIOD_M15;LIVE;VALID;BUY;4704.79;2026.05.14 11:45:00;4693.24;-1155.0;17;LOSS;NEXT_SIGNAL;2026.05.14 12:00:00;4693.35;-1144.0;18;LOSS;REV;YES;;;;11.37;34;4691.56;4689.93;162.6;14.0;BULL;BUY;OFF;0.86;18.99;24.51;18.82;4690.58;4716.16;4727.52;4738.89;4750.26;4761.63
2026.05.14 11:45:00;XAUUSD;PERIOD_M15;LIVE;VALID;SELL;4693.24;2026.05.14 15:00:00;4703.73;-1049.0;13;LOSS;NEXT_SIGNAL;2026.05.14 15:15:00;4704.13;-1089.0;14;LOSS;REV;YES;;;;9.99;34;4697.70;4697.82;-11.5;0.0;BULL;BUY;OFF;0.69;18.03;19.52;21.25;4705.72;4683.25;4673.26;4663.28;4653.29;4643.30
2026.05.14 15:00:00;XAUUSD;PERIOD_M15;LIVE;VALID;BUY;4703.73;2026.05.14 16:30:00;4676.74;-2699.0;6;LOSS;NEXT_SIGNAL;2026.05.14 16:45:00;4676.77;-2696.0;7;LOSS;REV;YES;;;;7.35;35;4697.08;4696.50;58.4;14.0;BULL;BUY;OFF;0.83;13.68;16.71;15.86;4694.54;4711.08;4718.44;4725.79;4733.14;4740.49
2026.05.14 16:30:00;XAUUSD;PERIOD_M15;LIVE;VALID;SELL;4676.74;2026.05.15 02:15:00;4663.75;1299.0;35;WIN;NEXT_SIGNAL;2026.05.15 02:30:00;4664.32;1242.0;36;WIN;REV;YES;;;;10.10;35;4693.22;4695.74;-251.4;-26.6;BULL NOISE;BUY;OFF;0.81;17.74;12.71;26.66;4689.36;4666.64;4656.55;4646.45;4636.35;4626.26
2026.05.15 02:15:00;XAUUSD;PERIOD_M15;LIVE;VALID;BUY;4663.75;2026.05.15 02:45:00;4652.05;-1170.0;2;LOSS;NEXT_SIGNAL;2026.05.15 03:00:00;4652.00;-1175.0;3;LOSS;REV;YES;;;;6.12;36;4659.78;4659.06;71.9;0.0;BULL;BUY;OFF;0.82;42.12;13.15;23.24;4656.11;4669.87;4675.98;4682.10;4688.21;4694.33
2026.05.15 02:45:00;XAUUSD;PERIOD_M15;LIVE;VALID;SELL;4652.05;2026.05.15 14:00:00;4566.23;8582.0;45;WIN;NEXT_SIGNAL;2026.05.15 14:15:00;4566.56;8549.0;46;WIN;REV;YES;;;;7.32;36;4657.62;4657.68;-5.3;-14.0;BULL;BUY;OFF;0.74;41.54;9.88;22.93;4661.20;4644.73;4637.41;4630.09;4622.76;4615.44
2026.05.15 14:00:00;XAUUSD;PERIOD_M15;LIVE;VALID;BUY;4566.23;2026.05.15 14:45:00;4551.90;-1433.0;3;LOSS;NEXT_SIGNAL;2026.05.15 15:00:00;4551.05;-1518.0;4;LOSS;REV;YES;;;;13.32;35;4559.21;4558.93;28.0;0.0;BEAR;SELL;OFF;0.87;35.19;19.61;19.57;4549.58;4579.55;4592.87;4606.19;4619.51;4632.83
2026.05.15 14:45:00;XAUUSD;PERIOD_M15;LIVE;VALID;SELL;4551.90;2026.05.15 17:45:00;4562.70;-1080.0;12;LOSS;NEXT_SIGNAL;2026.05.15 18:00:00;4563.20;-1130.0;13;LOSS;REV;YES;;;;12.79;34;4556.65;4556.93;-28.1;0.0;BEAR;SELL;OFF;0.85;31.09;12.76;24.46;4567.89;4539.11;4526.32;4513.53;4500.74;4487.95
2026.05.15 17:45:00;XAUUSD;PERIOD_M15;LIVE;VALID;BUY;4562.70;2026.05.15 18:45:00;4539.60;-2310.0;4;LOSS;NEXT_SIGNAL;2026.05.15 19:00:00;4539.84;-2286.0;5;LOSS;REV;YES;;;;16.90;35;4550.73;4548.93;180.2;14.0;BEAR;SELL;OFF;0.89;23.57;18.34;15.25;4541.57;4579.60;4596.50;4613.40;4630.30;4647.20
2026.05.15 18:45:00;XAUUSD;PERIOD_M15;LIVE;VALID;SELL;4539.60;2026.05.15 20:00:00;4557.00;-1740.0;5;LOSS;NEXT_SIGNAL;2026.05.15 20:15:00;4557.47;-1787.0;6;LOSS;REV;YES;;;;16.87;34;4546.29;4546.81;-52.1;-14.0;BEAR;SELL;OFF;0.85;25.75;10.35;27.76;4560.68;4522.73;4505.87;4489.00;4472.13;4455.27
2026.05.15 20:00:00;XAUUSD;PERIOD_M15;LIVE;VALID;BUY;4557.00;2026.05.15 22:45:00;4545.77;-1123.0;11;LOSS;NEXT_SIGNAL;2026.05.15 23:00:00;4545.76;-1124.0;12;LOSS;REV;YES;;;;14.59;34;4546.75;4545.84;90.8;14.0;BEAR;SELL;OFF;0.89;25.73;22.06;16.15;4538.77;4571.59;4586.17;4600.76;4615.34;4629.93
2026.05.15 22:45:00;XAUUSD;PERIOD_M15;LIVE;VALID;SELL;4545.77;2026.05.18 05:15:00;4533.44;1233.0;22;WIN;NEXT_SIGNAL;2026.05.18 05:30:00;4533.76;1201.0;23;WIN;REV;YES;;;;7.71;34;4552.24;4552.89;-64.9;0.0;BEAR;SELL;OFF;0.81;15.98;16.71;21.89;4555.41;4538.06;4530.35;4522.64;4514.93;4507.22
2026.05.18 05:15:00;XAUUSD;PERIOD_M15;LIVE;VALID;BUY;4533.44;2026.05.18 09:15:00;4537.78;434.0;16;WIN;NEXT_SIGNAL;2026.05.18 09:30:00;4537.73;429.0;17;WIN;REV;YES;;;;18.33;36;4523.01;4522.71;30.6;0.0;BEAR;SELL;OFF;0.89;29.80;19.93;13.59;4510.53;4551.77;4570.10;4588.43;4606.76;4625.09
2026.05.18 09:15:00;XAUUSD;PERIOD_M15;LIVE;VALID;SELL;4537.78;2026.05.18 09:45:00;4546.72;-894.0;2;LOSS;NEXT_SIGNAL;2026.05.18 10:00:00;4547.16;-938.0;3;LOSS;REV;YES;;;;12.54;34;4537.93;4538.26;-32.9;14.0;BEAR;SELL;OFF;0.87;15.02;17.65;13.38;4553.45;4525.24;4512.70;4500.16;4487.62;4475.08
2026.05.18 09:45:00;XAUUSD;PERIOD_M15;LIVE;VALID;BUY;4546.72;2026.05.18 12:45:00;4542.87;-385.0;12;LOSS;NEXT_SIGNAL;2026.05.18 13:00:00;4542.86;-386.0;13;LOSS;REV;YES;;;;12.76;34;4540.36;4539.58;77.3;0.0;BEAR;SELL;OFF;0.87;15.21;14.34;10.05;4530.77;4559.48;4572.24;4585.00;4597.76;4610.52
2026.05.18 12:45:00;XAUUSD;PERIOD_M15;LIVE;VALID;SELL;4542.87;2026.05.18 14:30:00;4562.04;-1917.0;7;LOSS;NEXT_SIGNAL;2026.05.18 14:45:00;4562.61;-1974.0;8;LOSS;REV;YES;;;;8.74;34;4545.04;4545.23;-19.6;0.0;BEAR;SELL;OFF;0.90;16.89;12.31;19.97;4553.79;4534.14;4525.40;4516.66;4507.93;4499.19
2026.05.18 14:30:00;XAUUSD;PERIOD_M15;LIVE;VALID;BUY;4562.04;2026.05.18 17:45:00;4546.51;-1553.0;13;LOSS;NEXT_SIGNAL;2026.05.18 18:00:00;4546.50;-1554.0;14;LOSS;REV;YES;;;;9.86;35;4545.28;4544.51;76.6;14.0;BEAR NOISE;SELL;OFF;0.77;27.38;18.75;19.58;4549.71;4571.90;4581.76;4591.63;4601.49;4611.35
2026.05.18 17:45:00;XAUUSD;PERIOD_M15;LIVE;VALID;SELL;4546.51;2026.05.18 20:45:00;4546.89;-38.0;12;LOSS;NEXT_SIGNAL;2026.05.18 21:00:00;4547.27;-76.0;13;LOSS;REV;YES;;;;16.03;34;4557.70;4559.02;-132.5;0.0;BEAR;SELL;OFF;0.83;24.62;11.31;18.71;4566.54;4530.48;4514.46;4498.43;4482.41;4466.38
2026.05.18 20:45:00;XAUUSD;PERIOD_M15;LIVE;VALID;BUY;4546.89;2026.05.18 21:15:00;4541.85;-504.0;2;LOSS;NEXT_SIGNAL;2026.05.18 21:30:00;4541.96;-493.0;3;LOSS;REV;YES;;;;10.81;34;4548.23;4548.04;18.9;0.0;BEAR;SELL;OFF;0.91;20.95;14.30;19.86;4533.38;4557.70;4568.51;4579.32;4590.13;4600.94
2026.05.18 21:15:00;XAUUSD;PERIOD_M15;LIVE;VALID;SELL;4541.85;2026.05.18 22:00:00;4554.39;-1254.0;3;LOSS;NEXT_SIGNAL;2026.05.18 22:15:00;4554.85;-1300.0;4;LOSS;REV;YES;;;;9.22;34;4546.28;4546.54;-25.4;0.0;BEAR;SELL;OFF;0.86;25.69;10.74;30.92;4553.37;4532.63;4523.42;4514.20;4504.98;4495.76
2026.05.18 22:00:00;XAUUSD;PERIOD_M15;LIVE;VALID;BUY;4554.39;2026.05.19 03:45:00;4563.24;885.0;19;WIN;NEXT_SIGNAL;2026.05.19 04:00:00;4562.87;848.0;20;WIN;REV;YES;;;;9.87;34;4545.60;4545.39;20.9;0.0;BEAR NOISE;SELL;OFF;0.86;31.18;16.73;26.14;4542.05;4564.26;4574.14;4584.01;4593.88;4603.75
2026.05.19 03:45:00;XAUUSD;PERIOD_M15;LIVE;VALID;SELL;4563.24;2026.05.19 09:30:00;4552.09;1115.0;23;WIN;NEXT_SIGNAL;2026.05.19 09:45:00;4552.43;1081.0;24;WIN;REV;YES;;;;7.81;36;4573.15;4573.91;-75.9;0.0;BEAR;SELL;OFF;0.94;38.72;17.84;20.22;4573.00;4555.43;4547.62;4539.81;4532.00;4524.19
2026.05.19 09:30:00;XAUUSD;PERIOD_M15;LIVE;VALID;BUY;4552.09;2026.05.19 11:30:00;4543.14;-895.0;8;LOSS;NEXT_SIGNAL;2026.05.19 11:45:00;4543.16;-893.0;9;LOSS;REV;YES;;;;8.27;35;4545.20;4544.47;73.2;0.0;BEAR NOISE;SELL;OFF;0.98;31.47;15.04;11.99;4541.75;4560.36;4568.63;4576.90;4585.16;4593.43
2026.05.19 11:30:00;XAUUSD;PERIOD_M15;LIVE;VALID;SELL;4543.14;2026.05.19 15:15:00;4543.39;-25.0;15;LOSS;NEXT_SIGNAL;2026.05.19 15:30:00;4543.55;-41.0;16;LOSS;REV;YES;;;;11.31;34;4545.15;4545.19;-4.5;0.0;BEAR;SELL;OFF;0.87;17.90;11.36;13.52;4557.28;4531.83;4520.52;4509.21;4497.90;4486.59
2026.05.19 15:15:00;XAUUSD;PERIOD_M15;LIVE;VALID;BUY;4543.39;2026.05.19 15:30:00;4537.29;-610.0;1;LOSS;NEXT_SIGNAL;2026.05.19 15:45:00;4537.28;-611.0;2;LOSS;REV;YES;;;;9.76;43;4539.81;4539.73;8.6;0.0;BEAR;SELL;OFF;0.93;14.37;9.99;12.81;4531.19;4553.15;4562.92;4572.68;4582.44;4592.20
2026.05.19 15:30:00;XAUUSD;PERIOD_M15;LIVE;VALID;SELL;4537.29;2026.05.19 19:30:00;4505.88;3141.0;16;WIN;NEXT_SIGNAL;2026.05.19 19:45:00;4506.20;3109.0;17;WIN;REV;YES;;;;10.09;34;4539.25;4539.38;-12.2;0.0;BEAR;SELL;OFF;0.93;13.16;12.33;11.10;4549.90;4527.20;4517.11;4507.02;4496.93;4486.84
2026.05.19 19:30:00;XAUUSD;PERIOD_M15;LIVE;VALID;BUY;4505.88;2026.05.19 21:15:00;4495.95;-993.0;7;LOSS;NEXT_SIGNAL;2026.05.19 21:30:00;4495.96;-992.0;8;LOSS;REV;YES;;;;16.91;34;4503.86;4502.98;88.1;0.0;BEAR;SELL;OFF;0.87;19.31;13.96;11.72;4484.74;4522.79;4539.70;4556.61;4573.53;4590.44
2026.05.19 21:15:00;XAUUSD;PERIOD_M15;LIVE;VALID;SELL;4495.95;2026.05.20 02:30:00;4492.31;364.0;17;WIN;NEXT_SIGNAL;2026.05.20 02:45:00;4492.65;330.0;18;WIN;REV;YES;;;;8.07;35;4502.09;4502.53;-44.6;0.0;BEAR;SELL;OFF;0.86;24.36;7.17;23.86;4506.04;4487.88;4479.81;4471.73;4463.66;4455.59
2026.05.20 02:30:00;XAUUSD;PERIOD_M15;LIVE;VALID;BUY;4492.31;2026.05.20 04:30:00;4466.71;-2560.0;8;LOSS;NEXT_SIGNAL;2026.05.20 04:45:00;4466.69;-2562.0;9;LOSS;REV;YES;;;;6.27;36;4486.54;4486.20;34.4;14.0;BEAR NOISE;SELL;OFF;0.76;39.63;22.74;11.34;4484.47;4498.58;4504.85;4511.12;4517.39;4523.66
2026.05.20 04:30:00;XAUUSD;PERIOD_M15;LIVE;VALID;SELL;4466.71;2026.05.20 08:30:00;4472.23;-552.0;16;LOSS;NEXT_SIGNAL;2026.05.20 08:45:00;4472.54;-583.0;17;LOSS;REV;YES;;;;11.45;36;4484.87;4487.45;-258.0;-14.0;BEAR;SELL;OFF;0.88;27.15;16.07;33.08;4481.02;4455.26;4443.82;4432.37;4420.92;4409.48
2026.05.20 08:30:00;XAUUSD;PERIOD_M15;LIVE;VALID;BUY;4472.23;2026.05.20 16:45:00;4483.03;1080.0;33;WIN;NEXT_SIGNAL;2026.05.20 17:00:00;4483.77;1154.0;34;WIN;REV;YES;;;;9.62;34;4467.72;4467.18;54.0;0.0;BEAR;SELL;OFF;0.96;21.48;23.55;15.46;4460.20;4481.85;4491.47;4501.09;4510.71;4520.33
2026.05.20 16:45:00;XAUUSD;PERIOD_M15;LIVE;VALID;SELL;4483.03;2026.05.20 17:30:00;4520.47;-3744.0;3;LOSS;NEXT_SIGNAL;2026.05.20 17:45:00;4521.33;-3830.0;4;LOSS;REV;YES;;;;8.57;34;4492.46;4494.13;-167.3;0.0;BEAR;SELL;OFF;0.78;30.40;13.94;19.83;4493.75;4474.46;4465.89;4457.31;4448.74;4440.17
2026.05.20 17:30:00;XAUUSD;PERIOD_M15;LIVE;VALID;BUY;4520.47;2026.05.21 01:45:00;4539.83;1936.0;29;WIN;NEXT_SIGNAL;2026.05.21 02:00:00;4539.88;1941.0;30;WIN;REV;YES;;;;12.60;34;4499.07;4496.73;234.1;14.0;BEAR NOISE;SELL;OFF;0.75;26.81;28.55;21.17;4504.72;4533.07;4545.67;4558.27;4570.87;4583.47
2026.05.21 01:45:00;XAUUSD;PERIOD_M15;LIVE;VALID;SELL;4539.83;2026.05.21 03:00:00;4544.84;-501.0;5;LOSS;NEXT_SIGNAL;2026.05.21 03:15:00;4545.17;-534.0;6;LOSS;REV;YES;;;;5.39;36;4541.43;4541.74;-30.7;0.0;BULL;BUY;OFF;0.94;30.31;17.49;17.47;4546.57;4534.44;4529.04;4523.65;4518.26;4512.87
2026.05.21 03:00:00;XAUUSD;PERIOD_M15;LIVE;VALID;BUY;4544.84;2026.05.21 05:30:00;4536.29;-855.0;10;LOSS;NEXT_SIGNAL;2026.05.21 05:45:00;4536.26;-858.0;11;LOSS;REV;YES;;;;5.78;36;4542.82;4542.59;22.2;0.0;BULL;BUY;OFF;0.86;20.05;18.61;16.08;4537.61;4550.62;4556.40;4562.18;4567.96;4573.74
2026.05.21 05:30:00;XAUUSD;PERIOD_M15;LIVE;VALID;SELL;4536.29;2026.05.21 11:15:00;4535.65;64.0;23;WIN;NEXT_SIGNAL;2026.05.21 11:30:00;4535.89;40.0;24;WIN;REV;YES;;;;10.17;34;4548.56;4549.07;-50.5;-14.0;BULL NOISE;BUY;OFF;0.80;30.16;17.78;30.64;4549.00;4526.12;4515.96;4505.79;4495.62;4485.45
2026.05.21 11:15:00;XAUUSD;PERIOD_M15;LIVE;VALID;BUY;4535.65;2026.05.21 13:30:00;4516.89;-1876.0;9;LOSS;NEXT_SIGNAL;2026.05.21 13:45:00;4516.91;-1874.0;10;LOSS;REV;YES;;;;9.73;35;4526.70;4526.43;27.3;14.0;BULL;BUY;OFF;0.93;23.47;23.62;16.74;4523.49;4545.38;4555.11;4564.83;4574.56;4584.29
2026.05.21 13:30:00;XAUUSD;PERIOD_M15;LIVE;VALID;SELL;4516.89;2026.05.21 18:45:00;4511.85;504.0;21;WIN;NEXT_SIGNAL;2026.05.21 19:00:00;4512.17;472.0;22;WIN;REV;YES;;;;10.19;34;4525.95;4527.45;-150.4;0.0;BULL NOISE;BUY;OFF;0.96;18.26;16.39;27.26;4529.62;4506.70;4496.52;4486.34;4476.15;4465.97
2026.05.21 18:45:00;XAUUSD;PERIOD_M15;LIVE;VALID;BUY;4511.85;2026.05.22 01:15:00;4540.98;2913.0;22;WIN;NEXT_SIGNAL;2026.05.22 01:30:00;4540.99;2914.0;23;WIN;REV;YES;;;;12.46;34;4507.94;4507.42;51.4;0.0;BULL;BUY;OFF;0.89;22.80;13.19;12.97;4496.27;4524.31;4536.77;4549.23;4561.70;4574.16
2026.05.22 01:15:00;XAUUSD;PERIOD_M15;LIVE;VALID;SELL;4540.98;2026.05.22 01:45:00;4543.16;-218.0;2;LOSS;NEXT_SIGNAL;2026.05.22 02:00:00;4543.49;-251.0;3;LOSS;REV;YES;;;;6.54;36;4541.16;4541.21;-4.3;14.0;BULL;BUY;OFF;0.82;31.98;20.35;9.45;4549.15;4534.44;4527.91;4521.37;4514.83;4508.30
2026.05.22 01:45:00;XAUUSD;PERIOD_M15;LIVE;VALID;BUY;4543.16;2026.05.22 02:30:00;4533.36;-980.0;3;LOSS;NEXT_SIGNAL;2026.05.22 02:45:00;4532.70;-1046.0;4;LOSS;REV;YES;;;;5.61;36;4541.85;4541.78;6.8;0.0;BULL;BUY;OFF;0.85;33.93;16.48;7.10;4536.15;4548.77;4554.38;4559.99;4565.60;4571.21
2026.05.22 02:30:00;XAUUSD;PERIOD_M15;LIVE;VALID;SELL;4533.36;2026.05.22 07:15:00;4532.19;117.0;19;WIN;NEXT_SIGNAL;2026.05.22 07:30:01;4532.52;84.0;20;WIN;REV;YES;;;;4.41;36;4539.96;4540.90;-94.0;0.0;BULL NOISE;BUY;OFF;0.86;31.10;18.07;21.70;4538.88;4528.95;4524.53;4520.12;4515.70;4511.29
2026.05.22 07:15:00;XAUUSD;PERIOD_M15;LIVE;VALID;BUY;4532.19;2026.05.22 08:45:00;4511.23;-2096.0;6;LOSS;NEXT_SIGNAL;2026.05.22 09:00:00;4511.25;-2094.0;7;LOSS;REV;YES;;;;6.34;36;4527.83;4527.06;77.4;0.0;BULL;BUY;OFF;0.86;27.28;25.80;13.19;4524.26;4538.53;4544.87;4551.21;4557.55;4563.89
2026.05.22 08:45:00;XAUUSD;PERIOD_M15;LIVE;VALID;SELL;4511.23;2026.05.22 12:45:00;4532.15;-2092.0;16;LOSS;NEXT_SIGNAL;2026.05.22 13:00:00;4532.61;-2138.0;17;LOSS;REV;YES;;;;6.95;36;4524.71;4525.79;-108.3;0.0;BULL NOISE;BUY;OFF;0.85;18.70;17.36;21.63;4519.92;4504.28;4497.33;4490.38;4483.43;4476.48
2026.05.22 12:45:00;XAUUSD;PERIOD_M15;LIVE;VALID;BUY;4532.15;2026.05.22 13:30:00;4512.43;-1972.0;3;LOSS;NEXT_SIGNAL;2026.05.22 13:45:00;4512.35;-1980.0;4;LOSS;REV;YES;;;;7.30;34;4524.22;4523.47;74.6;14.0;BULL;BUY;OFF;0.78;17.51;25.69;18.30;4523.02;4539.45;4546.75;4554.05;4561.36;4568.66
2026.05.22 13:30:00;XAUUSD;PERIOD_M15;LIVE;VALID;SELL;4512.43;2026.05.22 15:00:00;4529.26;-1683.0;6;LOSS;NEXT_SIGNAL;2026.05.22 15:15:00;4529.54;-1711.0;7;LOSS;REV;YES;;;;8.28;34;4522.97;4523.38;-41.3;0.0;BULL NOISE;BUY;OFF;0.81;16.88;17.93;30.39;4522.78;4504.15;4495.88;4487.60;4479.32;4471.05
2026.05.22 15:00:00;XAUUSD;PERIOD_M15;LIVE;VALID;BUY;4529.26;2026.05.22 15:30:00;4518.65;-1061.0;2;LOSS;NEXT_SIGNAL;2026.05.22 15:45:00;4518.60;-1066.0;3;LOSS;REV;YES;;;;7.80;35;4521.53;4521.41;12.4;14.0;BULL;BUY;OFF;0.81;16.12;29.11;19.92;4519.52;4537.06;4544.85;4552.65;4560.44;4568.24
2026.05.22 15:30:00;XAUUSD;PERIOD_M15;LIVE;VALID;SELL;4518.65;2026.05.22 15:45:00;4528.23;-958.0;1;LOSS;NEXT_SIGNAL;2026.05.22 16:00:00;4528.54;-989.0;2;LOSS;REV;YES;;;;8.65;34;4520.92;4521.08;-16.0;0.0;BULL;BUY;OFF;0.89;15.91;26.50;24.25;4529.46;4510.00;4501.35;4492.70;4484.05;4475.40
2026.05.22 15:45:00;XAUUSD;PERIOD_M15;LIVE;VALID;BUY;4528.23;2026.05.22 16:45:00;4513.90;-1433.0;4;LOSS;NEXT_SIGNAL;2026.05.22 17:00:00;4513.92;-1431.0;5;LOSS;REV;YES;;;;9.06;35;4522.54;4521.70;84.6;0.0;BULL;BUY;OFF;0.88;15.87;28.79;21.02;4516.91;4537.29;4546.34;4555.40;4564.45;4573.51
2026.05.22 16:45:00;XAUUSD;PERIOD_M15;LIVE;VALID;SELL;4513.90;2026.05.22 18:45:00;4520.00;-610.0;8;LOSS;NEXT_SIGNAL;2026.05.22 19:00:00;4520.28;-638.0;9;LOSS;REV;YES;;;;9.60;34;4520.29;4521.09;-80.1;-14.0;BULL;BUY;OFF;0.86;14.09;20.03;20.37;4525.90;4504.30;4494.71;4485.11;4475.51;4465.92
2026.05.22 18:45:00;XAUUSD;PERIOD_M15;LIVE;VALID;BUY;4520.00;2026.05.22 21:45:00;4514.81;-519.0;12;LOSS;NEXT_SIGNAL;2026.05.22 22:00:00;4515.05;-495.0;13;LOSS;REV;YES;;;;10.45;34;4514.18;4514.08;10.5;0.0;BULL;BUY;OFF;0.79;23.27;31.35;15.59;4506.93;4530.45;4540.90;4551.36;4561.81;4572.26
2026.05.22 21:45:00;XAUUSD;PERIOD_M15;LIVE;VALID;SELL;4514.81;2026.05.25 01:00:00;4554.55;-3974.0;9;LOSS;NEXT_SIGNAL;2026.05.25 01:15:00;4555.03;-4022.0;10;LOSS;REV;YES;;;;6.79;34;4516.50;4516.92;-42.0;0.0;BULL;BUY;OFF;0.84;21.12;17.50;18.03;4523.30;4508.02;4501.22;4494.43;4487.63;4480.84
2026.05.25 01:00:00;XAUUSD;PERIOD_M15;LIVE;VALID;BUY;4554.55;2026.05.25 05:00:00;4561.98;743.0;16;WIN;NEXT_SIGNAL;2026.05.25 05:15:00;4562.13;758.0;17;WIN;REV;YES;;;;8.22;45;4519.25;4515.31;393.8;36.9;BULL;BUY;OFF;0.92;28.70;20.73;18.76;4544.27;4562.78;4571.00;4579.23;4587.45;4595.68
2026.05.25 05:00:00;XAUUSD;PERIOD_M15;LIVE;VALID;SELL;4561.98;2026.05.25 10:45:00;4564.74;-276.0;23;LOSS;NEXT_SIGNAL;2026.05.25 11:00:00;4565.09;-311.0;24;LOSS;REV;YES;;;;9.24;36;4565.35;4565.88;-52.8;0.0;BULL;BUY;OFF;0.75;21.40;10.98;14.45;4573.53;4552.74;4543.50;4534.26;4525.02;4515.78
2026.05.25 10:45:00;XAUUSD;PERIOD_M15;LIVE;VALID;BUY;4564.74;2026.05.25 11:30:00;4554.57;-1017.0;3;LOSS;NEXT_SIGNAL;2026.05.25 11:45:00;4554.59;-1015.0;4;LOSS;REV;YES;;;;5.98;36;4559.58;4558.89;69.1;14.0;BULL;BUY;OFF;0.82;19.52;22.14;17.02;4557.27;4570.72;4576.69;4582.67;4588.65;4594.63
2026.05.25 11:30:00;XAUUSD;PERIOD_M15;LIVE;VALID;SELL;4554.57;2026.05.25 12:30:00;4565.74;-1117.0;4;LOSS;NEXT_SIGNAL;2026.05.25 12:45:00;4566.11;-1154.0;5;LOSS;REV;YES;;;;6.38;35;4557.87;4558.20;-32.9;0.0;BULL;BUY;OFF;0.75;18.44;14.41;21.19;4562.55;4548.19;4541.80;4535.42;4529.03;4522.65
2026.05.25 12:30:00;XAUUSD;PERIOD_M15;LIVE;VALID;BUY;4565.74;2026.05.25 15:15:00;4560.43;-531.0;11;LOSS;NEXT_SIGNAL;2026.05.25 15:30:00;4560.42;-532.0;12;LOSS;REV;YES;;;;5.59;36;4559.27;4558.39;88.1;0.0;BULL;BUY;OFF;0.72;19.17;27.21;12.03;4558.75;4571.33;4576.92;4582.51;4588.10;4593.69
2026.05.25 15:15:00;XAUUSD;PERIOD_M15;LIVE;VALID;SELL;4560.43;2026.05.25 17:45:00;4566.71;-628.0;10;LOSS;NEXT_SIGNAL;2026.05.25 18:00:00;4567.01;-658.0;11;LOSS;REV;YES;;;;5.77;36;4565.41;4565.98;-56.7;0.0;BEAR;SELL;OFF;0.70;33.69;17.24;24.77;4567.64;4554.66;4548.90;4543.13;4537.36;4531.59
2026.05.25 17:45:00;XAUUSD;PERIOD_M15;LIVE;VALID;BUY;4566.71;2026.05.25 20:45:00;4565.02;-169.0;12;LOSS;NEXT_SIGNAL;2026.05.25 21:00:00;4565.09;-162.0;13;LOSS;REV;YES;;;;6.39;34;4566.19;4566.10;9.1;0.0;BEAR;SELL;OFF;0.84;17.83;19.37;17.30;4558.72;4573.10;4579.49;4585.88;4592.28;4598.67
2026.05.25 20:45:00;XAUUSD;PERIOD_M15;LIVE;VALID;SELL;4565.02;2026.05.26 01:00:00;4573.35;-833.0;4;LOSS;NEXT_SIGNAL;2026.05.26 01:15:00;4573.81;-879.0;5;LOSS;REV;YES;;;;4.42;36;4569.14;4569.48;-34.9;0.0;BEAR;SELL;OFF;0.82;23.40;19.04;33.26;4570.55;4560.60;4556.17;4551.75;4547.33;4542.90
2026.05.26 01:00:00;XAUUSD;PERIOD_M15;LIVE;VALID;BUY;4573.35;2026.05.26 02:30:00;4556.67;-1668.0;6;LOSS;NEXT_SIGNAL;2026.05.26 02:45:00;4556.73;-1662.0;7;LOSS;REV;YES;;;;4.11;45;4570.58;4570.30;27.6;0.0;BEAR NOISE;SELL;OFF;0.82;16.52;23.21;18.76;4568.21;4577.46;4581.58;4585.69;4589.80;4593.92
2026.05.26 02:30:00;XAUUSD;PERIOD_M15;LIVE;VALID;SELL;4556.67;2026.05.26 10:45:00;4538.12;1855.0;33;WIN;NEXT_SIGNAL;2026.05.26 11:00:00;4538.51;1816.0;34;WIN;REV;YES;;;;5.48;36;4569.10;4570.47;-136.3;-14.0;BEAR;SELL;OFF;0.76;16.65;22.52;30.23;4563.53;4551.19;4545.70;4540.22;4534.73;4529.25
2026.05.26 10:45:00;XAUUSD;PERIOD_M15;LIVE;VALID;BUY;4538.12;2026.05.26 11:00:00;4527.48;-1064.0;1;LOSS;NEXT_SIGNAL;2026.05.26 11:15:00;4527.49;-1063.0;2;LOSS;REV;YES;;;;7.25;34;4531.46;4531.09;36.6;0.0;BEAR NOISE;SELL;OFF;0.84;18.17;18.78;17.37;4529.06;4545.37;4552.62;4559.87;4567.12;4574.37
2026.05.26 11:00:00;XAUUSD;PERIOD_M15;LIVE;VALID;SELL;4527.48;2026.05.26 13:30:00;4533.10;-562.0;10;LOSS;NEXT_SIGNAL;2026.05.26 13:45:00;4533.55;-607.0;11;LOSS;REV;YES;;;;7.52;36;4530.57;4530.61;-3.7;0.0;BEAR;SELL;OFF;0.85;16.27;16.28;15.05;4536.89;4519.96;4512.43;4504.91;4497.38;4489.86
2026.05.26 13:30:00;XAUUSD;PERIOD_M15;LIVE;VALID;BUY;4533.10;2026.05.26 14:30:00;4510.05;-2305.0;4;LOSS;NEXT_SIGNAL;2026.05.26 14:45:00;4510.03;-2307.0;5;LOSS;REV;YES;;;;9.33;35;4527.73;4526.73;99.2;0.0;BEAR;SELL;OFF;0.90;21.73;23.71;10.81;4521.44;4542.43;4551.75;4561.08;4570.40;4579.73
2026.05.26 14:30:00;XAUUSD;PERIOD_M15;LIVE;VALID;SELL;4510.05;2026.05.26 16:30:00;4527.23;-1718.0;8;LOSS;NEXT_SIGNAL;2026.05.26 16:45:00;4527.79;-1774.0;9;LOSS;REV;YES;;;;9.19;35;4524.33;4525.65;-132.0;-14.0;BEAR;SELL;OFF;0.85;24.68;15.35;32.39;4521.54;4500.86;4491.66;4482.47;4473.28;4464.08
2026.05.26 16:30:00;XAUUSD;PERIOD_M15;LIVE;VALID;BUY;4527.23;2026.05.26 16:45:00;4513.97;-1326.0;1;LOSS;NEXT_SIGNAL;2026.05.26 17:00:00;4514.02;-1321.0;2;LOSS;REV;YES;;;;10.14;35;4519.87;4519.75;12.0;0.0;BEAR NOISE;SELL;OFF;0.75;23.72;23.78;12.73;4514.55;4537.37;4547.52;4557.66;4567.80;4577.94
2026.05.26 16:45:00;XAUUSD;PERIOD_M15;LIVE;VALID;SELL;4513.97;2026.05.26 22:30:00;4504.82;915.0;23;WIN;NEXT_SIGNAL;2026.05.26 22:45:00;4505.15;882.0;24;WIN;REV;YES;;;;10.80;34;4518.56;4519.06;-50.3;0.0;BEAR;SELL;OFF;0.75;21.46;20.61;17.99;4527.47;4503.17;4492.38;4481.58;4470.78;4459.99
2026.05.26 22:30:00;XAUUSD;PERIOD_M15;LIVE;VALID;BUY;4504.82;2026.05.27 04:45:00;4507.74;292.0;21;WIN;NEXT_SIGNAL;2026.05.27 05:00:00;4507.85;303.0;22;WIN;REV;YES;;;;6.24;34;4500.15;4499.93;22.5;0.0;BEAR NOISE;SELL;OFF;0.82;30.00;27.91;17.80;4497.02;4511.06;4517.30;4523.54;4529.78;4536.02
2026.05.27 04:45:00;XAUUSD;PERIOD_M15;LIVE;BLOCKED;SELL;4507.74;2026.05.27 08:00:00;4508.90;-116.0;13;LOSS;NEXT_SIGNAL;;;;;;;NO;MARKET;SPREAD;;8.15;53;4513.55;4514.11;-56.2;0.0;BULL;BUY;OFF;0.89;25.30;8.23;27.85;4517.93;4499.59;4491.43;4483.28;4475.12;4466.97
2026.05.27 08:00:00;XAUUSD;PERIOD_M15;LIVE;VALID;BUY;4508.90;2026.05.27 08:30:00;4493.27;-1563.0;2;LOSS;NEXT_SIGNAL;2026.05.27 08:45:00;4493.30;-1560.0;3;LOSS;REV;YES;;;;6.86;36;4506.40;4506.18;22.6;0.0;BULL;BUY;OFF;0.86;31.79;22.37;16.20;4500.32;4515.76;4522.62;4529.48;4536.34;4543.20
2026.05.27 08:30:00;XAUUSD;PERIOD_M15;LIVE;VALID;SELL;4493.27;2026.05.27 11:45:00;4497.76;-449.0;13;LOSS;NEXT_SIGNAL;2026.05.27 12:00:00;4498.11;-484.0;14;LOSS;REV;YES;;;;7.64;36;4503.63;4504.68;-105.2;-14.0;BULL NOISE;BUY;OFF;0.79;29.52;16.80;31.69;4502.83;4485.63;4477.98;4470.34;4462.69;4455.05
2026.05.27 11:45:00;XAUUSD;PERIOD_M15;LIVE;VALID;BUY;4497.76;2026.05.27 13:15:00;4476.95;-2081.0;6;LOSS;NEXT_SIGNAL;2026.05.27 13:30:00;4476.91;-2085.0;7;LOSS;REV;YES;;;;8.85;34;4490.99;4490.64;35.0;0.0;BULL;BUY;OFF;0.81;29.31;23.94;16.20;4486.70;4506.61;4515.45;4524.30;4533.15;4542.00
2026.05.27 13:15:00;XAUUSD;PERIOD_M15;LIVE;VALID;SELL;4476.95;2026.05.27 17:30:00;4443.03;3392.0;17;WIN;NEXT_SIGNAL;2026.05.27 17:45:00;4443.47;3348.0;18;WIN;REV;YES;;;;7.58;35;4486.50;4487.71;-121.2;-14.0;BULL NOISE;BUY;OFF;0.80;23.66;12.13;31.55;4486.42;4469.37;4461.79;4454.22;4446.64;4439.06
2026.05.27 17:30:00;XAUUSD;PERIOD_M15;LIVE;VALID;BUY;4443.03;2026.05.28 02:15:00;4450.70;767.0;31;WIN;NEXT_SIGNAL;2026.05.28 02:30:00;4450.68;765.0;32;WIN;REV;YES;;;;18.59;34;4437.32;4437.18;13.3;0.0;BEAR;SELL;OFF;0.80;38.03;17.22;24.56;4419.80;4461.62;4480.20;4498.79;4517.38;4535.97
2026.05.28 02:15:00;XAUUSD;PERIOD_M15;LIVE;VALID;SELL;4450.70;2026.05.28 09:45:00;4383.41;6729.0;30;WIN;NEXT_SIGNAL;2026.05.28 10:00:00;4383.76;6694.0;31;WIN;REV;YES;;;;5.33;34;4454.76;4454.78;-2.7;0.0;BEAR;SELL;OFF;0.91;18.73;14.89;21.71;4457.37;4445.37;4440.03;4434.70;4429.36;4424.03
2026.05.28 09:45:00;XAUUSD;PERIOD_M15;LIVE;VALID;BUY;4383.41;2026.05.28 14:00:00;4386.97;356.0;17;WIN;NEXT_SIGNAL;2026.05.28 14:15:00;4386.92;351.0;18;WIN;REV;YES;;;;10.66;34;4381.41;4380.70;71.2;0.0;BEAR;SELL;OFF;0.98;32.00;12.06;15.77;4370.09;4394.07;4404.73;4415.39;4426.04;4436.70
2026.05.28 14:00:00;XAUUSD;PERIOD_M15;LIVE;VALID;SELL;4386.97;2026.05.28 15:30:00;4402.07;-1510.0;6;LOSS;NEXT_SIGNAL;2026.05.28 15:45:00;4402.44;-1547.0;7;LOSS;REV;YES;;;;8.79;34;4390.25;4390.94;-69.7;0.0;BEAR;SELL;OFF;0.86;31.22;13.06;18.08;4397.96;4378.18;4369.38;4360.59;4351.80;4343.01
2026.05.28 15:30:00;XAUUSD;PERIOD_M15;LIVE;VALID;BUY;4402.07;2026.05.28 22:30:00;4499.25;9718.0;28;WIN;NEXT_SIGNAL;2026.05.28 22:45:00;4499.18;9711.0;29;WIN;REV;YES;;;;9.97;35;4391.48;4390.81;67.5;14.0;BEAR NOISE;SELL;OFF;0.96;21.43;23.18;17.59;4389.61;4412.04;4422.00;4431.97;4441.94;4451.91
2026.05.28 22:30:00;XAUUSD;PERIOD_M15;LIVE;VALID;SELL;4499.25;2026.05.29 03:15:00;4499.96;-71.0;15;LOSS;NEXT_SIGNAL;2026.05.29 03:30:00;4500.19;-94.0;16;LOSS;REV;YES;;;;7.15;35;4500.66;4500.75;-8.8;0.0;BULL;BUY;OFF;0.75;37.60;15.87;15.73;4508.19;4492.10;4484.94;4477.79;4470.64;4463.49
2026.05.29 03:15:00;XAUUSD;PERIOD_M15;LIVE;VALID;BUY;4499.96;2026.05.29 06:15:00;4496.76;-320.0;12;LOSS;NEXT_SIGNAL;2026.05.29 06:30:00;4496.83;-313.0;13;LOSS;REV;YES;;;;4.91;34;4495.78;4495.48;29.5;0.0;BULL;BUY;OFF;0.87;29.60;17.34;12.70;4493.82;4504.87;4509.79;4514.70;4519.61;4524.52
2026.05.29 06:15:00;XAUUSD;PERIOD_M15;LIVE;VALID;SELL;4496.76;2026.05.29 07:15:00;4509.17;-1241.0;4;LOSS;NEXT_SIGNAL;2026.05.29 07:30:00;4509.52;-1276.0;5;LOSS;REV;YES;;;;8.22;36;4500.84;4501.47;-63.2;0.0;BULL;BUY;OFF;0.79;21.06;10.95;22.87;4507.03;4488.54;4480.32;4472.11;4463.89;4455.67
2026.05.29 07:15:00;XAUUSD;PERIOD_M15;LIVE;VALID;BUY;4509.17;2026.05.29 15:15:00;4522.24;1307.0;32;WIN;NEXT_SIGNAL;2026.05.29 15:30:00;4522.33;1316.0;33;WIN;REV;YES;;;;8.26;34;4502.71;4502.47;24.1;0.0;BULL;BUY;OFF;0.76;23.73;29.83;13.48;4498.85;4517.43;4525.69;4533.95;4542.21;4550.47
2026.05.29 15:15:00;XAUUSD;PERIOD_M15;LIVE;VALID;SELL;4522.24;2026.05.29 16:45:00;4536.76;-1452.0;6;LOSS;NEXT_SIGNAL;2026.05.29 17:00:00;4537.28;-1504.0;7;LOSS;REV;YES;;;;9.41;43;4529.51;4529.65;-13.5;-14.0;BULL;BUY;OFF;0.89;13.56;17.37;23.14;4534.00;4512.84;4503.43;4494.02;4484.62;4475.21
2026.05.29 16:45:00;XAUUSD;PERIOD_M15;LIVE;VALID;BUY;4536.76;2026.05.29 20:45:00;4553.37;1661.0;16;WIN;NEXT_SIGNAL;2026.05.29 21:00:00;4553.38;1662.0;17;WIN;REV;YES;;;;10.00;35;4529.30;4528.98;31.4;0.0;BULL;BUY;OFF;0.92;17.07;25.05;14.21;4524.26;4546.76;4556.77;4566.77;4576.77;4586.78
2026.05.29 20:45:00;XAUUSD;PERIOD_M15;LIVE;VALID;SELL;4553.37;;;;;OPEN;TEST_END;;;;;;;YES;;;;13.95;34;4559.89;4561.01;-111.9;0.0;BULL;BUY;OFF;0.89;23.80;11.43;25.04;4570.80;4539.42;4525.48;4511.53;4497.59;4483.64
