event_time;symbol;timeframe;origin;signal_class;direction;signal_entry_price;signal_exit_time;signal_exit_price;signal_move_pts;signal_duration_bars;signal_result;signal_exit_reason;position_exit_time;position_exit_price;position_move_pts;position_duration_bars;position_result;position_exit_reason;executed;skip_reason;block_reason;bre_reason;atr;spread;ema_fast;slow_ma;ma_gap_pts;slow_angle_deg;vline_state;vline_dir;sw_state;sw_score;adx;di_plus;di_minus;sl;tp1;tp2;tp3;tp4;tp5
2025.12.31 20:00:00;XAUUSD;PERIOD_M30;LIVE;VALID;SELL;4325.74;2026.01.02 01:00:00;4340.99;-1525.0;1;LOSS;NEXT_SIGNAL;;;;;;;YES;;;;14.15;43;4326.24;4326.53;-29.3;0.0;NO_DATA;NONE;OFF;0.87;15.58;10.62;12.21;4343.43;4311.59;4297.44;4283.29;4269.15;4255.00
2026.01.02 01:00:00;XAUUSD;PERIOD_M30;LIVE;VALID;BUY;4340.99;2026.01.02 15:30:00;4365.85;2486.0;29;WIN;NEXT_SIGNAL;2026.01.02 16:00:00;4365.84;2485.0;30;WIN;REV;YES;;;;14.83;34;4329.51;4328.18;133.7;14.0;BEAR;SELL;OFF;0.87;17.99;21.32;10.58;4322.45;4355.82;4370.65;4385.48;4400.30;4415.13
2026.01.02 15:30:00;XAUUSD;PERIOD_M30;LIVE;VALID;SELL;4365.85;2026.01.05 01:00:00;4366.75;-90.0;17;LOSS;NEXT_SIGNAL;2026.01.05 01:30:00;4367.04;-119.0;18;LOSS;REV;YES;;;;10.00;34;4382.51;4384.86;-234.7;-14.0;BEAR;SELL;OFF;0.88;39.61;16.46;27.93;4378.35;4355.85;4345.86;4335.86;4325.86;4315.86
2026.01.05 01:00:00;XAUUSD;PERIOD_M30;LIVE;VALID;BUY;4366.75;2026.01.05 14:00:00;4415.67;4892.0;26;WIN;NEXT_SIGNAL;2026.01.05 14:30:00;4415.66;4891.0;27;WIN;REV;YES;;;;12.70;34;4336.93;4332.37;456.2;14.0;BULL NOISE;BUY;OFF;0.86;30.20;29.36;11.60;4350.88;4379.45;4392.14;4404.84;4417.53;4430.23
2026.01.05 14:00:00;XAUUSD;PERIOD_M30;LIVE;VALID;SELL;4415.67;2026.01.05 17:00:00;4444.57;-2890.0;6;LOSS;NEXT_SIGNAL;2026.01.05 17:30:00;4444.78;-2911.0;7;LOSS;REV;YES;;;;10.42;34;4422.91;4423.14;-22.4;0.0;BULL;BUY;OFF;0.92;49.89;18.42;12.81;4428.70;4405.25;4394.83;4384.41;4373.99;4363.57
2026.01.05 17:00:00;XAUUSD;PERIOD_M30;LIVE;VALID;BUY;4444.57;2026.01.06 02:00:00;4440.67;-390.0;16;LOSS;NEXT_SIGNAL;2026.01.06 02:30:01;4440.63;-394.0;17;LOSS;REV;YES;;;;13.84;34;4426.42;4424.02;240.1;14.0;BULL;BUY;OFF;0.82;36.08;32.56;13.56;4427.28;4458.40;4472.24;4486.07;4499.91;4513.74
2026.01.06 02:00:00;XAUUSD;PERIOD_M30;LIVE;VALID;SELL;4440.67;2026.01.06 04:00:00;4460.20;-1953.0;4;LOSS;NEXT_SIGNAL;2026.01.06 04:30:00;4460.46;-1979.0;5;LOSS;REV;YES;;;;9.54;34;4443.62;4443.73;-10.8;0.0;BULL;BUY;OFF;0.67;23.51;20.73;16.02;4452.59;4431.13;4421.60;4412.06;4402.52;4392.99
2026.01.06 04:00:00;XAUUSD;PERIOD_M30;LIVE;VALID;BUY;4460.20;2026.01.06 11:30:00;4446.27;-1393.0;15;LOSS;NEXT_SIGNAL;2026.01.06 12:00:00;4446.36;-1384.0;16;LOSS;REV;YES;;;;10.45;34;4446.56;4444.86;169.9;14.0;BULL;BUY;OFF;0.80;19.30;25.85;14.31;4447.13;4470.65;4481.11;4491.56;4502.02;4512.47
2026.01.06 11:30:00;XAUUSD;PERIOD_M30;LIVE;VALID;SELL;4446.27;2026.01.06 14:30:00;4463.56;-1729.0;6;LOSS;NEXT_SIGNAL;2026.01.06 15:00:00;4463.91;-1764.0;7;LOSS;REV;YES;;;;10.76;34;4459.16;4460.75;-158.3;-14.0;BULL NOISE;BUY;OFF;0.84;24.37;17.18;25.31;4459.72;4435.51;4424.76;4414.00;4403.24;4392.48
2026.01.06 14:30:00;XAUUSD;PERIOD_M30;LIVE;VALID;BUY;4463.56;2026.01.07 03:00:00;4477.07;1351.0;23;WIN;NEXT_SIGNAL;2026.01.07 03:30:00;4477.12;1356.0;24;WIN;REV;YES;;;;9.80;34;4460.03;4459.96;6.9;0.0;BULL;BUY;OFF;0.88;21.05;23.10;16.98;4451.31;4473.36;4483.15;4492.95;4502.75;4512.54
2026.01.07 03:00:00;XAUUSD;PERIOD_M30;LIVE;VALID;SELL;4477.07;2026.01.07 12:30:00;4464.36;1271.0;19;WIN;NEXT_SIGNAL;2026.01.07 13:00:00;4464.69;1238.0;20;WIN;REV;YES;;;;9.16;34;4488.38;4488.85;-47.2;-14.0;BULL NOISE;BUY;OFF;0.78;28.92;19.45;26.05;4488.53;4467.91;4458.74;4449.58;4440.41;4431.25
2026.01.07 12:30:00;XAUUSD;PERIOD_M30;LIVE;VALID;BUY;4464.36;2026.01.07 13:00:00;4458.99;-537.0;1;LOSS;NEXT_SIGNAL;2026.01.07 13:30:00;4459.03;-533.0;2;LOSS;REV;YES;;;;10.49;34;4462.51;4462.31;20.5;0.0;BULL;BUY;OFF;0.63;21.36;15.55;17.23;4451.25;4474.85;4485.33;4495.82;4506.31;4516.79
2026.01.07 13:00:00;XAUUSD;PERIOD_M30;LIVE;VALID;SELL;4458.99;2026.01.07 18:30:00;4464.11;-512.0;11;LOSS;NEXT_SIGNAL;2026.01.07 19:00:00;4464.24;-525.0;12;LOSS;REV;YES;;;;10.45;34;4461.73;4461.77;-3.7;0.0;BULL;BUY;OFF;0.64;21.09;13.47;19.92;4472.05;4448.54;4438.09;4427.64;4417.20;4406.75
2026.01.07 18:30:00;XAUUSD;PERIOD_M30;LIVE;VALID;BUY;4464.11;2026.01.08 03:30:00;4448.33;-1578.0;16;LOSS;NEXT_SIGNAL;2026.01.08 04:00:00;4448.24;-1587.0;17;LOSS;REV;YES;;;;13.49;34;4452.76;4452.20;55.5;14.0;BULL;BUY;OFF;0.89;26.65;27.67;20.29;4447.24;4477.60;4491.10;4504.59;4518.09;4531.58
2026.01.08 03:30:00;XAUUSD;PERIOD_M30;LIVE;VALID;SELL;4448.33;2026.01.08 16:30:00;4432.88;1545.0;26;WIN;NEXT_SIGNAL;2026.01.08 17:00:00;4433.24;1509.0;27;WIN;REV;YES;;;;9.15;34;4453.99;4454.87;-87.5;-14.0;BULL NOISE;BUY;OFF;0.95;15.59;15.13;21.78;4459.77;4439.18;4430.03;4420.88;4411.72;4402.57
2026.01.08 16:30:00;XAUUSD;PERIOD_M30;LIVE;VALID;BUY;4432.88;2026.01.09 05:00:00;4463.40;3052.0;23;WIN;NEXT_SIGNAL;2026.01.09 05:30:00;4463.39;3051.0;24;WIN;REV;YES;;;;11.35;34;4428.65;4428.40;25.2;0.0;BULL;BUY;OFF;0.84;29.47;18.21;19.02;4418.69;4444.23;4455.58;4466.93;4478.28;4489.63
2026.01.09 05:00:00;XAUUSD;PERIOD_M30;LIVE;VALID;SELL;4463.40;2026.01.09 08:00:00;4473.46;-1006.0;6;LOSS;NEXT_SIGNAL;2026.01.09 08:30:00;4473.85;-1045.0;7;LOSS;REV;YES;;;;9.74;34;4466.87;4466.90;-3.0;0.0;BULL;BUY;OFF;0.87;18.89;20.70;26.70;4475.58;4453.65;4443.91;4434.16;4424.42;4414.68
2026.01.09 08:00:00;XAUUSD;PERIOD_M30;LIVE;VALID;BUY;4473.46;2026.01.09 14:30:00;4466.00;-746.0;13;LOSS;NEXT_SIGNAL;2026.01.09 15:00:00;4466.11;-735.0;14;LOSS;REV;YES;;;;8.43;34;4467.46;4467.37;9.1;0.0;BULL;BUY;OFF;0.89;15.65;21.95;15.78;4462.93;4481.89;4490.32;4498.74;4507.17;4515.60
2026.01.09 14:30:00;XAUUSD;PERIOD_M30;LIVE;VALID;SELL;4466.00;2026.01.09 15:30:00;4482.68;-1668.0;2;LOSS;NEXT_SIGNAL;2026.01.09 16:00:00;4483.07;-1707.0;3;LOSS;REV;YES;;;;7.25;34;4469.81;4470.23;-41.5;0.0;BULL;BUY;OFF;0.88;15.61;17.72;20.45;4475.07;4458.74;4451.49;4444.24;4436.98;4429.73
2026.01.09 15:30:00;XAUUSD;PERIOD_M30;LIVE;VALID;BUY;4482.68;2026.01.12 22:30:00;4593.88;11120.0;60;WIN;NEXT_SIGNAL;2026.01.12 23:00:00;4593.89;11121.0;61;WIN;REV;YES;;;;9.60;34;4473.24;4471.85;139.1;14.0;BULL;BUY;OFF;0.85;16.29;25.84;15.36;4470.68;4492.28;4501.88;4511.49;4521.09;4530.69
2026.01.12 22:30:00;XAUUSD;PERIOD_M30;LIVE;VALID;SELL;4593.88;2026.01.13 06:00:00;4597.24;-336.0;13;LOSS;NEXT_SIGNAL;2026.01.13 06:30:00;4597.57;-369.0;14;LOSS;REV;YES;;;;14.46;34;4606.37;4608.65;-228.4;-14.0;BULL;BUY;OFF;0.67;20.00;17.17;26.68;4611.96;4579.42;4564.96;4550.50;4536.03;4521.57
2026.01.13 06:00:00;XAUUSD;PERIOD_M30;LIVE;VALID;BUY;4597.24;2026.01.13 08:30:00;4581.48;-1576.0;5;LOSS;NEXT_SIGNAL;2026.01.13 09:00:00;4581.50;-1574.0;6;LOSS;REV;YES;;;;11.77;34;4592.56;4592.50;5.9;0.0;BULL;BUY;OFF;0.83;23.17;19.65;11.92;4582.53;4609.01;4620.78;4632.55;4644.33;4656.10
2026.01.13 08:30:00;XAUUSD;PERIOD_M30;LIVE;VALID;SELL;4581.48;2026.01.13 15:00:00;4601.25;-1977.0;13;LOSS;NEXT_SIGNAL;2026.01.13 15:30:00;4601.85;-2037.0;14;LOSS;REV;YES;;;;10.34;34;4589.96;4590.71;-75.6;0.0;BULL;BUY;OFF;0.90;23.70;9.61;25.22;4594.40;4571.14;4560.80;4550.47;4540.13;4529.79
2026.01.13 15:00:00;XAUUSD;PERIOD_M30;LIVE;BLOCKED;BUY;4601.25;2026.01.13 20:00:00;4591.70;-955.0;10;LOSS;NEXT_SIGNAL;;;;;;;NO;MARKET;SPREAD;;9.65;63;4590.52;4588.75;176.9;14.0;BULL;BUY;OFF;0.97;17.22;25.31;17.05;4589.19;4610.90;4620.55;4630.20;4639.85;4649.50
2026.01.13 20:00:00;XAUUSD;PERIOD_M30;LIVE;VALID;SELL;4591.70;2026.01.14 02:00:00;4609.61;-1791.0;10;LOSS;NEXT_SIGNAL;2026.01.14 02:30:00;4610.22;-1852.0;11;LOSS;REV;YES;;;;17.66;34;4601.83;4602.79;-96.8;0.0;BULL;BUY;OFF;0.89;22.17;13.99;23.89;4613.78;4574.04;4556.37;4538.71;4521.04;4503.38
2026.01.14 02:00:00;XAUUSD;PERIOD_M30;LIVE;VALID;BUY;4609.61;2026.01.14 16:30:00;4617.45;784.0;29;WIN;NEXT_SIGNAL;2026.01.14 17:00:00;4617.02;741.0;30;WIN;REV;YES;;;;12.35;34;4597.04;4596.94;9.5;0.0;BULL;BUY;OFF;0.83;20.45;27.26;15.19;4594.17;4621.96;4634.31;4646.66;4659.02;4671.37
2026.01.14 16:30:00;XAUUSD;PERIOD_M30;LIVE;VALID;SELL;4617.45;2026.01.14 21:00:00;4634.86;-1741.0;9;LOSS;NEXT_SIGNAL;2026.01.14 21:30:00;4635.25;-1780.0;10;LOSS;REV;YES;;;;11.21;34;4630.48;4632.13;-164.5;0.0;BULL NOISE;BUY;OFF;0.87;15.58;14.06;25.62;4631.46;4606.24;4595.04;4583.83;4572.62;4561.41
2026.01.14 21:00:00;XAUUSD;PERIOD_M30;LIVE;VALID;BUY;4634.86;2026.01.15 01:00:00;4609.04;-2582.0;6;LOSS;NEXT_SIGNAL;2026.01.15 01:30:00;4608.97;-2589.0;7;LOSS;REV;YES;;;;14.53;34;4626.40;4625.40;100.4;0.0;BULL;BUY;OFF;0.83;25.03;30.39;15.12;4616.69;4649.39;4663.93;4678.46;4692.99;4707.52
2026.01.15 01:00:00;XAUUSD;PERIOD_M30;LIVE;VALID;SELL;4609.04;2026.01.15 09:00:00;4610.16;-112.0;16;LOSS;NEXT_SIGNAL;2026.01.15 09:30:00;4610.49;-145.0;17;LOSS;REV;YES;;;;13.15;34;4623.77;4625.06;-129.2;-14.0;BULL NOISE;BUY;OFF;0.78;21.10;12.88;24.43;4625.48;4595.89;4582.74;4569.58;4556.43;4543.28
2026.01.15 09:00:00;XAUUSD;PERIOD_M30;LIVE;VALID;BUY;4610.16;2026.01.15 15:30:00;4588.31;-2185.0;13;LOSS;NEXT_SIGNAL;2026.01.15 16:00:00;4588.32;-2184.0;14;LOSS;REV;YES;;;;14.90;34;4602.93;4601.91;101.7;0.0;BULL;BUY;OFF;0.67;28.98;17.81;14.64;4591.53;4625.06;4639.96;4654.86;4669.77;4684.67
2026.01.15 15:30:00;XAUUSD;PERIOD_M30;LIVE;VALID;SELL;4588.31;2026.01.15 17:30:00;4615.39;-2708.0;4;LOSS;NEXT_SIGNAL;2026.01.15 18:00:00;4615.67;-2736.0;5;LOSS;REV;YES;;;;9.26;34;4606.80;4608.49;-169.0;-14.0;BEAR NOISE;SELL;OFF;0.97;28.15;12.87;30.43;4599.88;4579.05;4569.79;4560.53;4551.28;4542.02
2026.01.15 17:30:00;XAUUSD;PERIOD_M30;LIVE;VALID;BUY;4615.39;2026.01.15 18:30:00;4605.58;-981.0;2;LOSS;NEXT_SIGNAL;2026.01.15 19:00:00;4605.68;-971.0;3;LOSS;REV;YES;;;;11.02;32;4610.50;4610.17;33.2;0.0;BEAR;SELL;OFF;0.94;21.29;15.95;17.17;4601.62;4626.41;4637.42;4648.44;4659.46;4670.47
2026.01.15 18:30:00;XAUUSD;PERIOD_M30;LIVE;VALID;SELL;4605.58;2026.01.15 19:30:00;4616.46;-1088.0;2;LOSS;NEXT_SIGNAL;2026.01.15 20:00:00;4616.89;-1131.0;3;LOSS;REV;YES;;;;11.96;34;4609.59;4609.97;-38.2;0.0;BEAR;SELL;OFF;0.97;18.95;17.11;20.90;4620.54;4593.61;4581.65;4569.69;4557.72;4545.76
2026.01.15 19:30:00;XAUUSD;PERIOD_M30;LIVE;VALID;BUY;4616.46;2026.01.15 22:30:00;4605.65;-1081.0;6;LOSS;NEXT_SIGNAL;2026.01.15 23:00:00;4605.61;-1085.0;7;LOSS;REV;YES;;;;11.83;34;4611.31;4610.73;57.9;14.0;BEAR;SELL;OFF;0.87;16.68;19.41;15.70;4601.67;4628.29;4640.12;4651.95;4663.78;4675.61
2026.01.15 22:30:00;XAUUSD;PERIOD_M30;LIVE;VALID;SELL;4605.65;2026.01.16 01:00:00;4608.93;-328.0;3;LOSS;NEXT_SIGNAL;2026.01.16 01:00:02;4618.18;-1253.0;3;LOSS;REV;YES;;;;10.43;34;4611.25;4611.69;-44.5;-14.0;BEAR;SELL;OFF;0.82;18.00;17.83;26.39;4618.69;4595.22;4584.79;4574.36;4563.93;4553.50
2026.01.16 01:00:00;XAUUSD;PERIOD_M30;LIVE;VALID;SELL;4608.93;2026.01.16 08:00:00;4604.49;444.0;14;WIN;NEXT_SIGNAL;2026.01.16 08:30:00;4604.60;433.0;15;WIN;REV;NO;POSITION_ACTIVE;;;8.55;34;4611.94;4612.15;-20.8;0.0;BEAR;SELL;OFF;0.75;13.38;20.69;22.56;4619.61;4600.38;4591.84;4583.29;4574.74;4566.19
2026.01.16 08:00:00;XAUUSD;PERIOD_M30;LIVE;VALID;BUY;4604.49;2026.01.16 08:30:00;4598.12;-637.0;1;LOSS;NEXT_SIGNAL;2026.01.16 09:00:00;4598.14;-635.0;2;LOSS;REV;YES;;;;8.34;34;4603.13;4602.71;42.0;0.0;BEAR;SELL;OFF;0.88;25.49;18.55;17.19;4594.07;4612.83;4621.16;4629.50;4637.83;4646.17
2026.01.16 08:30:00;XAUUSD;PERIOD_M30;LIVE;VALID;SELL;4598.12;2026.01.16 09:00:00;4605.87;-775.0;1;LOSS;NEXT_SIGNAL;2026.01.16 09:30:00;4606.31;-819.0;2;LOSS;REV;YES;;;;8.99;34;4602.02;4602.09;-7.1;-14.0;BEAR;SELL;OFF;0.90;24.72;16.08;24.00;4609.36;4589.13;4580.14;4571.15;4562.16;4553.17
2026.01.16 09:00:00;XAUUSD;PERIOD_M30;LIVE;VALID;BUY;4605.87;2026.01.16 15:00:00;4586.77;-1910.0;12;LOSS;NEXT_SIGNAL;2026.01.16 15:30:00;4586.78;-1909.0;13;LOSS;REV;YES;;;;9.50;34;4602.87;4602.29;58.5;0.0;BEAR;SELL;OFF;0.88;22.60;17.45;20.80;4593.99;4615.37;4624.87;4634.37;4643.87;4653.37
2026.01.16 15:00:00;XAUUSD;PERIOD_M30;LIVE;VALID;SELL;4586.77;2026.01.16 23:00:00;4592.34;-557.0;16;LOSS;NEXT_SIGNAL;2026.01.16 23:30:00;4592.68;-591.0;17;LOSS;REV;YES;;;;10.53;34;4601.30;4603.30;-200.2;-14.0;BEAR;SELL;OFF;0.96;19.83;14.45;31.23;4599.94;4576.24;4565.70;4555.17;4544.64;4534.11
2026.01.16 23:00:00;XAUUSD;PERIOD_M30;LIVE;VALID;BUY;4592.34;2026.01.19 10:30:00;4663.60;7126.0;21;WIN;NEXT_SIGNAL;2026.01.19 11:00:00;4663.52;7118.0;22;WIN;REV;YES;;;;18.51;40;4587.28;4587.07;21.4;0.0;BEAR;SELL;OFF;0.77;15.33;26.42;18.75;4569.20;4610.85;4629.36;4647.87;4666.38;4684.89
2026.01.19 10:30:00;XAUUSD;PERIOD_M30;LIVE;VALID;SELL;4663.60;2026.01.19 11:00:00;4666.60;-300.0;1;LOSS;NEXT_SIGNAL;2026.01.19 11:30:00;4666.79;-319.0;2;LOSS;REV;YES;;;;9.08;34;4666.69;4666.73;-4.3;0.0;BULL;BUY;OFF;0.92;25.28;19.93;13.57;4674.96;4654.52;4645.43;4636.35;4627.26;4618.18
2026.01.19 11:00:00;XAUUSD;PERIOD_M30;LIVE;VALID;BUY;4666.60;2026.01.19 12:00:00;4665.77;-83.0;2;LOSS;NEXT_SIGNAL;2026.01.19 12:30:00;4665.66;-94.0;3;LOSS;REV;YES;;;;8.98;34;4666.67;4666.66;0.6;0.0;BULL;BUY;OFF;0.91;25.20;19.46;11.76;4655.38;4675.58;4684.56;4693.54;4702.52;4711.50
2026.01.19 12:00:00;XAUUSD;PERIOD_M30;LIVE;VALID;SELL;4665.77;2026.01.19 14:30:00;4671.91;-614.0;5;LOSS;NEXT_SIGNAL;2026.01.19 15:00:00;4672.27;-650.0;6;LOSS;REV;YES;;;;8.57;34;4666.75;4666.75;-0.0;0.0;BULL;BUY;OFF;0.93;25.74;16.29;8.83;4676.48;4657.20;4648.64;4640.07;4631.51;4622.94
2026.01.19 14:30:00;XAUUSD;PERIOD_M30;LIVE;VALID;BUY;4671.91;2026.01.19 17:00:00;4666.63;-528.0;5;LOSS;NEXT_SIGNAL;2026.01.19 17:30:00;4666.64;-527.0;6;LOSS;REV;YES;;;;8.27;34;4667.54;4667.24;30.5;0.0;BULL;BUY;OFF;0.93;18.35;16.53;12.25;4661.57;4680.18;4688.45;4696.72;4704.99;4713.26
2026.01.19 17:00:00;XAUUSD;PERIOD_M30;LIVE;VALID;SELL;4666.63;2026.01.19 17:30:00;4674.14;-751.0;1;LOSS;NEXT_SIGNAL;2026.01.19 18:00:00;4674.49;-786.0;2;LOSS;REV;YES;;;;7.29;34;4667.38;4667.39;-1.3;0.0;BULL;BUY;OFF;0.89;15.61;12.49;13.95;4675.75;4659.34;4652.04;4644.75;4637.46;4630.17
2026.01.19 17:30:00;XAUUSD;PERIOD_M30;LIVE;VALID;BUY;4674.14;2026.01.20 01:00:00;4666.19;-795.0;9;LOSS;NEXT_SIGNAL;2026.01.20 01:30:00;4666.71;-743.0;10;LOSS;REV;YES;;;;7.35;34;4668.88;4668.00;88.7;0.0;BULL;BUY;OFF;0.89;16.01;17.61;12.09;4664.96;4681.49;4688.83;4696.18;4703.53;4710.88
2026.01.20 01:00:00;XAUUSD;PERIOD_M30;LIVE;VALID;SELL;4666.19;2026.01.20 05:00:00;4673.16;-697.0;8;LOSS;NEXT_SIGNAL;2026.01.20 05:30:00;4673.52;-733.0;9;LOSS;REV;YES;;;;6.61;34;4671.17;4671.26;-8.5;0.0;BULL;BUY;OFF;0.87;17.87;18.43;13.77;4674.46;4659.58;4652.96;4646.35;4639.74;4633.12
2026.01.20 05:00:00;XAUUSD;PERIOD_M30;LIVE;VALID;BUY;4673.16;2026.01.21 16:30:00;4851.93;17877.0;69;WIN;NEXT_SIGNAL;2026.01.21 17:00:00;4851.49;17833.0;70;WIN;REV;YES;;;;7.76;34;4669.62;4669.48;13.7;0.0;BULL;BUY;OFF;0.88;17.08;13.89;9.79;4663.47;4680.92;4688.67;4696.43;4704.18;4711.94
2026.01.21 16:30:00;XAUUSD;PERIOD_M30;LIVE;VALID;SELL;4851.93;2026.01.22 07:30:00;4821.33;3060.0;28;WIN;NEXT_SIGNAL;2026.01.22 08:00:00;4821.66;3027.0;29;WIN;REV;YES;;;;16.52;34;4863.16;4863.85;-69.3;0.0;BULL;BUY;OFF;0.75;40.07;17.77;12.60;4872.57;4835.41;4818.90;4802.38;4785.87;4769.35
2026.01.22 07:30:00;XAUUSD;PERIOD_M30;LIVE;VALID;BUY;4821.33;2026.01.22 15:30:00;4822.25;92.0;16;WIN;NEXT_SIGNAL;2026.01.22 16:00:00;4821.82;49.0;17;WIN;REV;YES;;;;17.80;34;4801.40;4798.62;277.4;14.0;BULL;BUY;OFF;0.77;18.05;28.08;12.89;4799.09;4839.13;4856.92;4874.72;4892.51;4910.31
2026.01.22 15:30:00;XAUUSD;PERIOD_M30;LIVE;VALID;SELL;4822.25;2026.01.22 16:30:00;4835.18;-1293.0;2;LOSS;NEXT_SIGNAL;2026.01.22 17:00:00;4835.29;-1304.0;3;LOSS;REV;YES;;;;11.65;32;4825.59;4826.33;-73.8;0.0;BULL;BUY;OFF;0.92;18.95;13.65;17.93;4836.82;4810.60;4798.94;4787.29;4775.63;4763.98
2026.01.22 16:30:00;XAUUSD;PERIOD_M30;LIVE;VALID;BUY;4835.18;2026.01.23 09:30:00;4944.35;10917.0;32;WIN;NEXT_SIGNAL;2026.01.23 10:00:00;4944.12;10894.0;33;WIN;REV;YES;;;;12.30;44;4828.38;4827.98;40.8;14.0;BULL;BUY;OFF;0.92;18.45;25.43;13.47;4819.81;4847.48;4859.78;4872.08;4884.38;4896.68
2026.01.23 09:30:00;XAUUSD;PERIOD_M30;LIVE;VALID;SELL;4944.35;2026.01.23 15:30:00;4938.86;549.0;12;WIN;NEXT_SIGNAL;2026.01.23 16:00:00;4939.24;511.0;13;WIN;REV;YES;;;;12.29;34;4952.24;4952.98;-74.0;0.0;BULL;BUY;OFF;0.95;40.64;22.43;16.80;4959.71;4932.06;4919.77;4907.48;4895.19;4882.90
2026.01.23 15:30:00;XAUUSD;PERIOD_M30;LIVE;VALID;BUY;4938.86;2026.01.26 15:00:00;5072.30;13344.0;45;WIN;NEXT_SIGNAL;2026.01.26 15:30:00;5072.25;13339.0;46;WIN;REV;YES;;;;17.10;34;4932.35;4931.38;97.3;0.0;BEAR;SELL;OFF;0.96;17.54;17.96;15.84;4917.49;4955.96;4973.05;4990.15;5007.24;5024.34
2026.01.26 15:00:00;XAUUSD;PERIOD_M30;LIVE;VALID;SELL;5072.30;2026.01.26 17:30:00;5090.76;-1846.0;5;LOSS;NEXT_SIGNAL;2026.01.26 18:00:00;5091.07;-1877.0;6;LOSS;REV;YES;;;;15.65;32;5083.28;5085.08;-180.4;-14.0;BULL;BUY;OFF;0.89;20.97;11.82;25.59;5091.87;5056.65;5040.99;5025.34;5009.68;4994.03
2026.01.26 17:30:00;XAUUSD;PERIOD_M30;LIVE;VALID;BUY;5090.76;2026.01.26 18:00:00;5075.21;-1555.0;1;LOSS;NEXT_SIGNAL;2026.01.26 18:30:00;5075.38;-1538.0;2;LOSS;REV;YES;;;;16.10;36;5086.13;5085.73;40.2;14.0;BULL;BUY;OFF;0.88;20.86;14.99;22.96;5070.63;5106.86;5122.97;5139.07;5155.18;5171.28
2026.01.26 18:00:00;XAUUSD;PERIOD_M30;LIVE;VALID;SELL;5075.21;2026.01.26 19:00:00;5088.35;-1314.0;2;LOSS;NEXT_SIGNAL;2026.01.26 19:30:00;5088.48;-1327.0;3;LOSS;REV;YES;;;;17.53;36;5083.70;5084.70;-99.5;-14.0;BULL;BUY;OFF;0.89;19.20;16.82;19.90;5097.12;5057.68;5040.15;5022.62;5005.10;4987.57
2026.01.26 19:00:00;XAUUSD;PERIOD_M30;LIVE;VALID;BUY;5088.35;2026.01.26 20:30:00;5068.73;-1962.0;3;LOSS;NEXT_SIGNAL;2026.01.26 21:00:00;5068.76;-1959.0;4;LOSS;REV;YES;;;;18.30;36;5085.72;5085.19;53.2;0.0;BULL;BUY;OFF;0.92;17.03;14.85;17.02;5065.48;5106.65;5124.94;5143.24;5161.54;5179.83
2026.01.26 20:30:00;XAUUSD;PERIOD_M30;LIVE;VALID;SELL;5068.73;2026.01.27 04:00:00;5067.90;83.0;13;WIN;NEXT_SIGNAL;2026.01.27 04:30:00;5068.33;40.0;14;WIN;REV;YES;;;;21.53;34;5083.88;5084.75;-86.7;-14.0;BULL NOISE;BUY;OFF;0.92;15.69;13.05;22.57;5095.64;5047.20;5025.68;5004.15;4982.62;4961.10
2026.01.27 04:00:00;XAUUSD;PERIOD_M30;LIVE;VALID;BUY;5067.90;2026.01.27 14:00:00;5078.77;1087.0;20;WIN;NEXT_SIGNAL;2026.01.27 14:30:00;5078.64;1074.0;21;WIN;REV;YES;;;;32.50;36;5053.63;5050.64;299.5;14.0;BULL;BUY;OFF;0.90;16.89;16.64;22.03;5027.27;5100.40;5132.90;5165.41;5197.91;5230.41
2026.01.27 14:00:00;XAUUSD;PERIOD_M30;LIVE;VALID;SELL;5078.77;2026.01.27 18:00:00;5098.60;-1983.0;8;LOSS;NEXT_SIGNAL;2026.01.27 18:30:00;5098.93;-2016.0;9;LOSS;REV;YES;;;;13.44;36;5082.85;5083.03;-17.9;0.0;BULL;BUY;OFF;0.75;15.60;14.78;23.32;5095.57;5065.33;5051.89;5038.44;5025.00;5011.56
2026.01.27 18:00:00;XAUUSD;PERIOD_M30;LIVE;VALID;BUY;5098.60;2026.01.28 13:30:00;5261.47;16287.0;37;WIN;NEXT_SIGNAL;2026.01.28 14:00:00;5261.94;16334.0;38;WIN;REV;YES;;;;18.00;34;5080.64;5079.97;66.6;0.0;BULL;BUY;OFF;0.80;16.88;24.89;17.45;5076.10;5116.60;5134.60;5152.59;5170.59;5188.59
2026.01.28 13:30:00;XAUUSD;PERIOD_M30;LIVE;VALID;SELL;5261.47;2026.01.28 18:00:00;5287.34;-2587.0;9;LOSS;NEXT_SIGNAL;2026.01.28 18:30:00;5287.76;-2629.0;10;LOSS;REV;YES;;;;19.40;38;5269.24;5270.30;-106.0;0.0;BULL;BUY;OFF;0.96;46.61;19.96;20.24;5285.72;5242.07;5222.67;5203.27;5183.87;5164.47
2026.01.28 18:00:00;XAUUSD;PERIOD_M30;LIVE;VALID;BUY;5287.34;2026.01.29 10:30:00;5509.64;22230.0;31;WIN;NEXT_SIGNAL;2026.01.29 11:00:00;5510.43;22309.0;32;WIN;REV;YES;;;;23.72;40;5276.35;5274.60;174.8;0.0;BULL;BUY;OFF;0.91;23.32;22.04;13.36;5257.68;5311.06;5334.79;5358.51;5382.24;5405.96
2026.01.29 10:30:00;XAUUSD;PERIOD_M30;LIVE;VALID;SELL;5509.64;2026.01.29 16:00:00;5543.93;-3429.0;11;LOSS;NEXT_SIGNAL;2026.01.29 16:30:00;5544.18;-3454.0;12;LOSS;REV;YES;;;;32.75;42;5537.40;5541.77;-436.5;0.0;BULL NOISE;BUY;OFF;0.75;31.16;16.14;30.01;5550.57;5476.89;5444.14;5411.40;5378.65;5345.90
2026.01.29 16:00:00;XAUUSD;PERIOD_M30;LIVE;VALID;BUY;5543.93;2026.01.29 16:30:00;5496.79;-4714.0;1;LOSS;NEXT_SIGNAL;2026.01.29 17:00:00;5496.42;-4751.0;2;LOSS;REV;YES;;;;29.09;42;5525.93;5525.48;45.1;14.0;BULL;BUY;OFF;0.88;18.07;20.01;20.99;5507.57;5573.02;5602.10;5631.19;5660.28;5689.37
2026.01.29 16:30:00;XAUUSD;PERIOD_M30;LIVE;VALID;SELL;5496.79;2026.01.29 23:00:00;5411.22;8557.0;13;WIN;NEXT_SIGNAL;2026.01.29 23:30:00;5411.98;8481.0;14;WIN;REV;YES;;;;31.85;42;5519.45;5522.07;-261.6;-14.0;BULL;BUY;OFF;0.89;17.50;17.34;22.92;5536.61;5464.94;5433.08;5401.23;5369.37;5337.52
2026.01.29 23:00:00;XAUUSD;PERIOD_M30;LIVE;VALID;BUY;5411.22;2026.01.30 04:00:00;5171.99;-23923.0;8;LOSS;NEXT_SIGNAL;2026.01.30 04:30:00;5172.09;-23913.0;9;LOSS;REV;YES;;;;90.71;45;5357.22;5350.87;635.1;0.0;BEAR;SELL;OFF;0.90;17.29;23.32;16.06;5297.83;5501.93;5592.64;5683.35;5774.05;5864.76
2026.01.30 04:00:00;XAUUSD;PERIOD_M30;LIVE;VALID;SELL;5171.99;2026.02.02 11:30:00;4719.39;45260.0;61;WIN;NEXT_SIGNAL;2026.02.02 12:00:00;4719.04;45295.0;62;WIN;REV;YES;;;;65.92;42;5325.90;5349.45;-2355.1;-26.6;BEAR;SELL;OFF;0.93;24.39;10.83;34.11;5254.40;5106.07;5040.14;4974.22;4908.29;4842.37
2026.02.02 11:30:00;XAUUSD;PERIOD_M30;LIVE;VALID;BUY;4719.39;2026.02.02 17:30:00;4619.97;-9942.0;12;LOSS;NEXT_SIGNAL;2026.02.02 18:00:00;4620.03;-9936.0;13;LOSS;REV;YES;;;;86.97;38;4647.94;4634.63;1330.8;14.0;BEAR;SELL;OFF;0.87;33.06;27.00;13.85;4610.67;4806.36;4893.34;4980.31;5067.28;5154.25
2026.02.02 17:30:00;XAUUSD;PERIOD_M30;LIVE;VALID;SELL;4619.97;2026.02.03 01:00:00;4738.17;-11820.0;13;LOSS;NEXT_SIGNAL;2026.02.03 01:30:00;4738.42;-11845.0;14;LOSS;REV;YES;;;;64.92;39;4694.73;4704.77;-1004.0;-14.0;BEAR;SELL;OFF;0.84;24.50;20.60;25.72;4701.12;4555.05;4490.13;4425.21;4360.30;4295.38
2026.02.03 01:00:00;XAUUSD;PERIOD_M30;LIVE;VALID;BUY;4738.17;2026.02.03 20:30:00;4908.35;17018.0;39;WIN;NEXT_SIGNAL;2026.02.03 21:00:00;4908.40;17023.0;40;WIN;REV;YES;;;;58.09;39;4681.89;4673.94;795.2;0.0;BEAR;SELL;OFF;0.95;14.61;18.91;9.54;4665.55;4796.26;4854.36;4912.45;4970.54;5028.63
2026.02.03 20:30:00;XAUUSD;PERIOD_M30;LIVE;VALID;SELL;4908.35;2026.02.03 22:30:00;4944.42;-3607.0;4;LOSS;NEXT_SIGNAL;2026.02.03 23:00:00;4944.52;-3617.0;5;LOSS;REV;YES;;;;40.02;36;4926.52;4928.06;-153.4;0.0;BEAR;SELL;OFF;0.75;24.61;16.48;21.55;4958.38;4868.33;4828.30;4788.28;4748.26;4708.24
2026.02.03 22:30:00;XAUUSD;PERIOD_M30;LIVE;VALID;BUY;4944.42;2026.02.04 11:30:00;5059.71;11529.0;24;WIN;NEXT_SIGNAL;2026.02.04 12:00:00;5059.92;11550.0;25;WIN;REV;YES;;;;41.32;36;4933.17;4932.15;102.0;0.0;BEAR;SELL;OFF;0.66;18.29;24.71;16.42;4892.77;4985.74;5027.07;5068.39;5109.71;5151.04
2026.02.04 11:30:00;XAUUSD;PERIOD_M30;LIVE;VALID;SELL;5059.71;2026.02.05 04:30:00;4811.77;24794.0;32;WIN;NEXT_SIGNAL;2026.02.05 01:00:08;4975.46;8425.0;25;WIN;REV;YES;;;;22.11;36;5069.68;5069.74;-6.2;0.0;BEAR;SELL;OFF;0.89;30.30;12.14;21.15;5087.35;5037.60;5015.48;4993.37;4971.25;4949.14
2026.02.05 04:30:00;XAUUSD;PERIOD_M30;LIVE;VALID;SELL;4811.77;2026.02.05 10:00:00;4921.39;-10962.0;11;LOSS;NEXT_SIGNAL;2026.02.05 10:30:00;4921.64;-10987.0;12;LOSS;REV;NO;POSITION_ACTIVE;;;42.44;36;4932.23;4949.48;-1725.0;-26.6;BEAR;SELL;OFF;0.91;30.76;12.58;33.79;4864.83;4769.33;4726.88;4684.44;4641.99;4599.55
2026.02.05 10:00:00;XAUUSD;PERIOD_M30;LIVE;VALID;BUY;4921.39;2026.02.05 11:30:00;4854.90;-6649.0;3;LOSS;NEXT_SIGNAL;2026.02.05 12:00:00;4854.87;-6652.0;4;LOSS;REV;YES;;;;52.63;36;4913.55;4910.63;292.0;-14.0;BEAR;SELL;OFF;0.83;21.63;16.73;15.87;4855.60;4974.02;5026.65;5079.28;5131.91;5184.54
2026.02.05 11:30:00;XAUUSD;PERIOD_M30;LIVE;VALID;SELL;4854.90;2026.02.05 19:00:00;4867.02;-1212.0;15;LOSS;NEXT_SIGNAL;2026.02.05 19:30:00;4867.41;-1251.0;16;LOSS;REV;YES;;;;45.47;36;4893.46;4898.31;-485.1;-14.0;BEAR;SELL;OFF;0.85;24.89;10.89;24.81;4911.74;4809.43;4763.96;4718.49;4673.02;4627.55
2026.02.05 19:00:00;XAUUSD;PERIOD_M30;LIVE;VALID;BUY;4867.02;2026.02.05 21:30:00;4829.27;-3775.0;5;LOSS;NEXT_SIGNAL;2026.02.05 22:00:00;4829.21;-3781.0;6;LOSS;REV;YES;;;;44.47;37;4855.17;4854.22;94.8;0.0;BEAR;SELL;OFF;0.94;29.76;18.62;13.55;4811.43;4911.49;4955.97;5000.44;5044.91;5089.38
2026.02.05 21:30:00;XAUUSD;PERIOD_M30;LIVE;VALID;SELL;4829.27;2026.02.06 05:00:00;4811.57;1770.0;13;WIN;NEXT_SIGNAL;2026.02.06 05:30:00;4811.93;1734.0;14;WIN;REV;YES;;;;40.38;38;4851.70;4852.14;-44.7;-14.0;BEAR;SELL;OFF;0.87;24.10;9.10;22.41;4879.75;4788.89;4748.51;4708.13;4667.75;4627.37
2026.02.06 05:00:00;XAUUSD;PERIOD_M30;LIVE;VALID;BUY;4811.57;2026.02.09 09:30:00;5006.34;19477.0;55;WIN;NEXT_SIGNAL;2026.02.09 10:00:00;5006.30;19473.0;56;WIN;REV;YES;;;;49.63;37;4789.01;4786.71;230.4;0.0;BEAR;SELL;OFF;0.89;36.67;21.52;21.54;4749.53;4861.20;4910.83;4960.46;5010.09;5059.72
2026.02.09 09:30:00;XAUUSD;PERIOD_M30;LIVE;VALID;SELL;5006.34;2026.02.09 10:00:00;5025.73;-1939.0;1;LOSS;NEXT_SIGNAL;2026.02.09 10:30:00;5026.05;-1971.0;2;LOSS;REV;YES;;;;25.62;34;5017.14;5017.39;-25.0;0.0;BULL;BUY;OFF;0.97;23.44;14.97;16.30;5038.36;4980.72;4955.10;4929.48;4903.86;4878.24
2026.02.09 10:00:00;XAUUSD;PERIOD_M30;LIVE;VALID;BUY;5025.73;2026.02.09 11:30:00;5007.96;-1777.0;3;LOSS;NEXT_SIGNAL;2026.02.09 12:00:00;5007.98;-1775.0;4;LOSS;REV;YES;;;;25.10;34;5019.05;5018.64;40.9;0.0;BULL;BUY;OFF;0.97;22.72;20.34;14.13;4994.36;5050.82;5075.92;5101.01;5126.11;5151.20
2026.02.09 11:30:00;XAUUSD;PERIOD_M30;LIVE;VALID;SELL;5007.96;2026.02.09 16:30:00;5037.92;-2996.0;10;LOSS;NEXT_SIGNAL;2026.02.09 17:00:00;5037.89;-2993.0;11;LOSS;REV;YES;;;;21.61;34;5018.64;5019.13;-49.0;0.0;BULL;BUY;OFF;0.91;20.40;16.05;19.22;5034.97;4986.35;4964.74;4943.13;4921.52;4899.91
2026.02.09 16:30:00;XAUUSD;PERIOD_M30;LIVE;VALID;BUY;5037.92;2026.02.10 01:00:00;5023.48;-1444.0;15;LOSS;NEXT_SIGNAL;2026.02.10 01:30:00;5023.46;-1446.0;16;LOSS;REV;YES;;;;20.50;34;5017.19;5013.74;344.4;0.0;BULL;BUY;OFF;0.85;17.78;25.11;13.59;5012.30;5058.42;5078.92;5099.42;5119.92;5140.42
2026.02.10 01:00:00;XAUUSD;PERIOD_M30;LIVE;VALID;SELL;5023.48;2026.02.10 10:00:00;5035.51;-1203.0;18;LOSS;NEXT_SIGNAL;2026.02.10 10:30:00;5035.82;-1234.0;19;LOSS;REV;YES;;;;22.63;35;5055.40;5058.13;-272.8;0.0;BULL NOISE;BUY;OFF;0.91;31.59;22.64;22.26;5051.77;5000.85;4978.22;4955.59;4932.96;4910.33
2026.02.10 10:00:00;XAUUSD;PERIOD_M30;LIVE;VALID;BUY;5035.51;2026.02.10 17:00:00;5032.16;-335.0;14;LOSS;NEXT_SIGNAL;2026.02.10 17:30:00;5032.14;-337.0;15;LOSS;REV;YES;;;;18.03;35;5031.18;5030.31;87.3;0.0;BULL;BUY;OFF;0.92;13.90;16.85;13.71;5012.97;5053.54;5071.57;5089.60;5107.64;5125.67
2026.02.10 17:00:00;XAUUSD;PERIOD_M30;LIVE;VALID;SELL;5032.16;2026.02.11 01:00:00;5046.65;-1449.0;14;LOSS;NEXT_SIGNAL;2026.02.11 01:30:00;5046.96;-1480.0;15;LOSS;REV;YES;;;;21.15;36;5044.13;5044.48;-35.4;0.0;BULL;BUY;OFF;0.87;21.13;18.74;14.51;5058.60;5011.01;4989.86;4968.71;4947.56;4926.41
2026.02.11 01:00:00;XAUUSD;PERIOD_M30;LIVE;VALID;BUY;5046.65;2026.02.11 16:30:00;5059.55;1290.0;31;WIN;NEXT_SIGNAL;2026.02.11 17:00:00;5059.45;1280.0;32;WIN;REV;YES;;;;17.52;34;5030.25;5027.76;249.5;14.0;BULL;BUY;OFF;0.80;24.79;32.62;15.50;5024.76;5064.17;5081.68;5099.20;5116.71;5134.23
2026.02.11 16:30:00;XAUUSD;PERIOD_M30;LIVE;VALID;SELL;5059.55;2026.02.11 19:30:00;5091.61;-3206.0;6;LOSS;NEXT_SIGNAL;2026.02.11 20:00:00;5091.55;-3200.0;7;LOSS;REV;YES;;;;26.27;34;5074.44;5075.64;-120.2;0.0;BULL NOISE;BUY;OFF;0.77;26.83;13.83;26.86;5092.38;5033.28;5007.01;4980.75;4954.48;4928.21
2026.02.11 19:30:00;XAUUSD;PERIOD_M30;LIVE;VALID;BUY;5091.61;2026.02.12 01:30:00;5061.15;-3046.0;10;LOSS;NEXT_SIGNAL;2026.02.12 02:00:00;5061.12;-3049.0;11;LOSS;REV;YES;;;;30.07;34;5076.46;5075.58;88.2;0.0;BULL;BUY;OFF;0.76;25.27;25.86;12.73;5054.02;5121.68;5151.75;5181.82;5211.89;5241.96
2026.02.12 01:30:00;XAUUSD;PERIOD_M30;LIVE;VALID;SELL;5061.15;2026.02.12 07:30:00;5075.49;-1434.0;12;LOSS;NEXT_SIGNAL;2026.02.12 08:00:00;5075.86;-1471.0;13;LOSS;REV;YES;;;;18.73;35;5075.56;5077.26;-170.7;-14.0;BULL;BUY;OFF;0.88;13.36;14.17;13.01;5084.57;5042.41;5023.68;5004.94;4986.21;4967.48
2026.02.12 07:30:00;XAUUSD;PERIOD_M30;LIVE;VALID;BUY;5075.49;2026.02.12 08:00:00;5055.52;-1997.0;1;LOSS;NEXT_SIGNAL;2026.02.12 08:30:00;5055.57;-1992.0;2;LOSS;REV;YES;;;;15.67;34;5067.53;5066.65;87.4;0.0;BULL;BUY;OFF;0.73;16.41;22.56;14.35;5055.90;5091.16;5106.83;5122.50;5138.16;5153.83
2026.02.12 08:00:00;XAUUSD;PERIOD_M30;LIVE;VALID;SELL;5055.52;2026.02.12 10:30:00;5068.48;-1296.0;5;LOSS;NEXT_SIGNAL;2026.02.12 11:00:00;5068.68;-1316.0;6;LOSS;REV;YES;;;;13.93;34;5064.86;5065.24;-37.6;0.0;BULL;BUY;OFF;0.69;14.68;19.55;18.23;5072.93;5041.59;5027.66;5013.73;4999.81;4985.88
2026.02.12 10:30:00;XAUUSD;PERIOD_M30;LIVE;VALID;BUY;5068.48;2026.02.12 13:00:00;5062.61;-587.0;5;LOSS;NEXT_SIGNAL;2026.02.12 13:30:00;5062.59;-589.0;6;LOSS;REV;YES;;;;14.03;39;5064.14;5063.63;51.1;0.0;BULL;BUY;OFF;0.67;11.58;19.61;18.85;5050.94;5082.51;5096.55;5110.58;5124.62;5138.65
2026.02.12 13:00:00;XAUUSD;PERIOD_M30;LIVE;VALID;SELL;5062.61;2026.02.12 15:30:00;5075.41;-1280.0;5;LOSS;NEXT_SIGNAL;2026.02.12 16:00:00;5075.76;-1315.0;6;LOSS;REV;YES;;;;13.44;36;5064.57;5064.67;-10.0;0.0;BULL;BUY;OFF;0.83;12.79;15.34;19.67;5079.41;5049.17;5035.73;5022.29;5008.85;4995.41
2026.02.12 15:30:00;XAUUSD;PERIOD_M30;LIVE;VALID;BUY;5075.41;2026.02.12 16:00:00;5060.03;-1538.0;1;LOSS;NEXT_SIGNAL;2026.02.12 16:30:00;5060.01;-1540.0;2;LOSS;REV;YES;;;;13.90;36;5064.72;5064.37;35.0;14.0;BULL;BUY;OFF;0.83;12.41;18.81;17.81;5058.03;5089.31;5103.22;5117.12;5131.02;5144.93
2026.02.12 16:00:00;XAUUSD;PERIOD_M30;LIVE;VALID;SELL;5060.03;2026.02.13 03:00:00;4969.91;9012.0;20;WIN;NEXT_SIGNAL;2026.02.13 03:30:00;4970.25;8978.0;21;WIN;REV;YES;;;;14.51;34;5063.68;5063.94;-26.4;-14.0;BULL;BUY;OFF;0.85;11.73;16.30;18.86;5078.17;5045.52;5031.00;5016.49;5001.97;4987.46
2026.02.13 03:00:00;XAUUSD;PERIOD_M30;LIVE;VALID;BUY;4969.91;2026.02.13 11:30:00;4970.26;35.0;17;WIN;NEXT_SIGNAL;2026.02.13 12:00:00;4970.25;34.0;18;WIN;REV;YES;;;;27.43;39;4938.30;4936.11;219.2;0.0;BEAR NOISE;SELL;OFF;0.93;24.43;20.50;14.27;4935.62;4997.34;5024.77;5052.20;5079.64;5107.07
2026.02.13 11:30:00;XAUUSD;PERIOD_M30;LIVE;VALID;SELL;4970.26;2026.02.13 12:00:00;4977.24;-698.0;1;LOSS;NEXT_SIGNAL;2026.02.13 12:30:00;4977.68;-742.0;2;LOSS;REV;YES;;;;18.44;36;4971.50;4972.01;-51.0;0.0;BEAR;SELL;OFF;0.81;24.82;14.95;13.28;4993.31;4951.82;4933.39;4914.95;4896.51;4878.07
2026.02.13 12:00:00;XAUUSD;PERIOD_M30;LIVE;VALID;BUY;4977.24;2026.02.13 12:30:00;4950.14;-2710.0;1;LOSS;NEXT_SIGNAL;2026.02.13 13:00:00;4950.11;-2713.0;2;LOSS;REV;YES;;;;18.36;36;4972.77;4972.70;7.4;14.0;BEAR;SELL;OFF;0.77;23.88;16.47;11.51;4954.29;4995.60;5013.95;5032.31;5050.67;5069.02
2026.02.13 12:30:00;XAUUSD;PERIOD_M30;LIVE;VALID;SELL;4950.14;2026.02.13 15:30:00;4987.05;-3691.0;6;LOSS;NEXT_SIGNAL;2026.02.13 16:00:00;4987.09;-3695.0;7;LOSS;REV;YES;;;;19.93;36;4967.74;4970.62;-287.1;-14.0;BEAR;SELL;OFF;0.77;22.27;14.28;18.11;4975.05;4930.22;4910.29;4890.36;4870.44;4850.51
2026.02.13 15:30:00;XAUUSD;PERIOD_M30;LIVE;VALID;BUY;4987.05;2026.02.16 02:00:00;5012.24;2519.0;19;WIN;NEXT_SIGNAL;2026.02.16 02:30:00;5012.31;2526.0;20;WIN;REV;YES;;;;19.72;34;4969.55;4967.55;199.7;14.0;BEAR NOISE;SELL;OFF;0.79;18.62;24.47;15.89;4962.41;5006.77;5026.48;5046.20;5065.91;5085.63
2026.02.16 02:00:00;XAUUSD;PERIOD_M30;LIVE;VALID;SELL;5012.24;2026.02.16 10:00:00;5006.21;603.0;16;WIN;NEXT_SIGNAL;2026.02.16 10:30:00;5006.64;560.0;17;WIN;REV;YES;;;;17.29;36;5024.28;5024.30;-1.5;0.0;BEAR;SELL;OFF;0.86;26.12;15.76;18.46;5033.85;4994.95;4977.67;4960.38;4943.09;4925.81
2026.02.16 10:00:00;XAUUSD;PERIOD_M30;LIVE;VALID;BUY;5006.21;2026.02.16 15:00:00;4994.35;-1186.0;10;LOSS;NEXT_SIGNAL;2026.02.16 15:30:00;4994.34;-1187.0;11;LOSS;REV;YES;;;;13.99;34;4999.12;4998.57;54.9;0.0;BEAR;SELL;OFF;0.83;30.84;27.29;11.13;4988.72;5020.20;5034.19;5048.18;5062.16;5076.15
2026.02.16 15:00:00;XAUUSD;PERIOD_M30;LIVE;VALID;SELL;4994.35;2026.02.16 21:00:00;4993.54;81.0;12;WIN;NEXT_SIGNAL;2026.02.16 21:30:00;4993.66;69.0;13;WIN;REV;YES;;;;10.63;34;5001.03;5001.84;-80.9;0.0;BEAR;SELL;OFF;0.86;23.44;14.54;18.32;5007.64;4983.72;4973.08;4962.45;4951.82;4941.18
2026.02.16 21:00:00;XAUUSD;PERIOD_M30;LIVE;VALID;BUY;4993.54;2026.02.17 02:00:00;4973.39;-2015.0;4;LOSS;NEXT_SIGNAL;2026.02.17 02:30:00;4973.42;-2012.0;5;LOSS;REV;YES;;;;9.66;34;4992.36;4992.21;15.1;0.0;BEAR;SELL;OFF;0.93;20.92;14.97;13.47;4981.46;5003.20;5012.86;5022.53;5032.19;5041.85
2026.02.17 02:00:00;XAUUSD;PERIOD_M30;LIVE;VALID;SELL;4973.39;2026.02.17 13:00:00;4927.85;4554.0;22;WIN;NEXT_SIGNAL;2026.02.17 13:30:00;4928.20;4519.0;23;WIN;REV;YES;;;;9.79;34;4988.03;4989.75;-171.7;-14.0;BEAR;SELL;OFF;0.89;23.04;8.44;23.79;4985.63;4963.60;4953.81;4944.02;4934.23;4924.44
2026.02.17 13:00:00;XAUUSD;PERIOD_M30;LIVE;VALID;BUY;4927.85;2026.02.17 15:30:00;4870.67;-5718.0;5;LOSS;NEXT_SIGNAL;2026.02.17 16:00:00;4870.66;-5719.0;6;LOSS;REV;YES;;;;21.06;34;4921.94;4921.64;30.3;-14.0;BEAR;SELL;OFF;0.81;20.72;17.51;18.55;4901.52;4948.91;4969.98;4991.04;5012.10;5033.16
2026.02.17 15:30:00;XAUUSD;PERIOD_M30;LIVE;VALID;SELL;4870.67;2026.02.18 01:30:00;4859.07;1160.0;18;WIN;NEXT_SIGNAL;2026.02.18 01:00:02;4879.64;-897.0;17;LOSS;REV;YES;;;;18.16;34;4914.32;4918.02;-370.2;-26.6;BEAR;SELL;OFF;0.80;20.02;15.96;28.49;4893.37;4852.51;4834.36;4816.20;4798.04;4779.89
2026.02.18 01:30:00;XAUUSD;PERIOD_M30;LIVE;VALID;SELL;4859.07;2026.02.18 03:00:00;4887.12;-2805.0;3;LOSS;NEXT_SIGNAL;2026.02.18 03:30:03;4887.21;-2814.0;4;LOSS;REV;NO;POSITION_ACTIVE;;;17.93;34;4874.94;4876.88;-193.7;-14.0;BEAR;SELL;OFF;0.92;16.50;11.82;21.99;4881.48;4841.14;4823.21;4805.29;4787.36;4769.43
2026.02.18 03:00:00;XAUUSD;PERIOD_M30;LIVE;VALID;BUY;4887.12;2026.02.18 11:30:00;4917.27;3015.0;17;WIN;NEXT_SIGNAL;2026.02.18 12:00:00;4917.26;3014.0;18;WIN;REV;YES;;;;17.08;34;4876.99;4876.96;3.0;0.0;BEAR;SELL;OFF;0.88;17.37;22.84;14.31;4865.76;4904.20;4921.29;4938.38;4955.46;4972.55
2026.02.18 11:30:00;XAUUSD;PERIOD_M30;LIVE;VALID;SELL;4917.27;2026.02.18 14:30:00;4944.10;-2683.0;6;LOSS;NEXT_SIGNAL;2026.02.18 15:00:02;4944.41;-2714.0;7;LOSS;REV;YES;;;;9.96;34;4923.07;4923.80;-72.7;0.0;BEAR;SELL;OFF;0.91;32.20;16.13;22.99;4929.72;4907.31;4897.36;4887.40;4877.44;4867.48
2026.02.18 14:30:00;XAUUSD;PERIOD_M30;LIVE;VALID;BUY;4944.10;2026.02.18 22:30:00;4984.75;4065.0;16;WIN;NEXT_SIGNAL;2026.02.18 23:00:00;4984.79;4069.0;17;WIN;REV;YES;;;;11.42;34;4924.42;4924.39;2.4;14.0;BEAR NOISE;SELL;OFF;0.93;25.70;24.68;20.44;4929.83;4955.52;4966.94;4978.36;4989.78;5001.20
2026.02.18 22:30:00;XAUUSD;PERIOD_M30;LIVE;VALID;SELL;4984.75;2026.02.19 06:00:00;4979.69;506.0;13;WIN;NEXT_SIGNAL;2026.02.19 06:30:00;4980.00;475.0;14;WIN;REV;YES;;;;14.37;34;4983.69;4983.78;-9.4;14.0;BULL;BUY;OFF;0.85;23.79;14.47;14.65;5002.71;4970.38;4956.01;4941.64;4927.28;4912.91
2026.02.19 06:00:00;XAUUSD;PERIOD_M30;LIVE;VALID;BUY;4979.69;2026.02.19 12:30:00;4993.29;1360.0;13;WIN;NEXT_SIGNAL;2026.02.19 13:00:00;4993.28;1359.0;14;WIN;REV;YES;;;;11.37;36;4974.70;4974.41;28.3;0.0;BULL;BUY;OFF;0.89;24.60;20.30;10.78;4965.48;4991.06;5002.43;5013.80;5025.17;5036.54
2026.02.19 12:30:00;XAUUSD;PERIOD_M30;LIVE;VALID;SELL;4993.29;2026.02.19 17:00:00;5016.07;-2278.0;9;LOSS;NEXT_SIGNAL;2026.02.19 17:30:00;5016.37;-2308.0;10;LOSS;REV;YES;;;;11.24;34;4998.44;4998.52;-7.8;0.0;BULL;BUY;OFF;0.96;32.61;19.49;27.21;5007.34;4982.05;4970.82;4959.58;4948.34;4937.11
2026.02.19 17:00:00;XAUUSD;PERIOD_M30;LIVE;VALID;BUY;5016.07;2026.02.19 19:30:00;4984.86;-3121.0;5;LOSS;NEXT_SIGNAL;2026.02.19 20:00:00;4984.99;-3108.0;6;LOSS;REV;YES;;;;18.11;34;4997.37;4995.88;148.3;0.0;BULL;BUY;OFF;0.88;17.00;18.98;12.14;4993.44;5034.18;5052.28;5070.39;5088.50;5106.61
2026.02.19 19:30:00;XAUUSD;PERIOD_M30;LIVE;VALID;SELL;4984.86;2026.02.19 22:30:00;5001.71;-1685.0;6;LOSS;NEXT_SIGNAL;2026.02.19 23:00:00;5002.25;-1739.0;7;LOSS;REV;YES;;;;18.69;34;4995.08;4995.09;-1.0;-14.0;BULL;BUY;OFF;0.93;14.96;12.10;21.27;5008.23;4966.17;4947.48;4928.78;4910.09;4891.40
2026.02.19 22:30:00;XAUUSD;PERIOD_M30;LIVE;VALID;BUY;5001.71;2026.02.20 01:30:00;4987.64;-1407.0;4;LOSS;NEXT_SIGNAL;2026.02.20 02:00:00;4987.65;-1406.0;5;LOSS;REV;YES;;;;16.63;34;4992.89;4992.84;4.9;14.0;BULL;BUY;OFF;0.92;21.07;29.51;15.00;4980.92;5018.34;5034.97;5051.60;5068.23;5084.86
2026.02.20 01:30:00;XAUUSD;PERIOD_M30;LIVE;VALID;SELL;4987.64;2026.02.20 02:30:00;5006.36;-1872.0;2;LOSS;NEXT_SIGNAL;2026.02.20 03:00:00;5006.71;-1907.0;3;LOSS;REV;YES;;;;12.48;36;4993.01;4993.11;-10.2;0.0;BULL;BUY;OFF;0.90;22.20;23.04;17.17;5003.24;4975.16;4962.69;4950.21;4937.73;4925.25
2026.02.20 02:30:00;XAUUSD;PERIOD_M30;LIVE;VALID;BUY;5006.36;2026.02.20 05:30:00;4987.24;-1912.0;6;LOSS;NEXT_SIGNAL;2026.02.20 06:00:00;4988.02;-1834.0;7;LOSS;REV;YES;;;;11.73;36;4995.56;4993.98;158.0;0.0;BULL;BUY;OFF;0.90;22.35;24.43;13.04;4991.69;5018.09;5029.83;5041.56;5053.29;5065.02
2026.02.20 05:30:00;XAUUSD;PERIOD_M30;LIVE;VALID;SELL;4987.24;2026.02.20 06:30:00;4999.69;-1245.0;2;LOSS;NEXT_SIGNAL;2026.02.20 07:00:00;5000.19;-1295.0;3;LOSS;REV;YES;;;;12.52;36;4993.75;4994.28;-52.9;0.0;BULL;BUY;OFF;0.82;25.75;15.33;16.59;5002.89;4974.72;4962.20;4949.68;4937.17;4924.65
2026.02.20 06:30:00;XAUUSD;PERIOD_M30;LIVE;VALID;BUY;4999.69;2026.02.23 08:30:00;5145.63;14594.0;50;WIN;NEXT_SIGNAL;2026.02.23 09:00:00;5145.53;14584.0;51;WIN;REV;YES;;;;12.54;36;4995.18;4995.10;7.5;0.0;BULL;BUY;OFF;0.82;23.85;23.37;12.46;4984.02;5012.22;5024.76;5037.30;5049.83;5062.36
2026.02.23 08:30:00;XAUUSD;PERIOD_M30;LIVE;VALID;SELL;5145.63;2026.02.23 12:30:00;5162.82;-1719.0;8;LOSS;NEXT_SIGNAL;2026.02.23 13:00:00;5163.31;-1768.0;9;LOSS;REV;YES;;;;14.91;34;5154.38;5155.20;-82.1;14.0;BULL;BUY;OFF;0.78;33.45;13.39;19.21;5164.26;5130.72;5115.82;5100.91;5086.01;5071.10
2026.02.23 12:30:00;XAUUSD;PERIOD_M30;LIVE;VALID;BUY;5162.82;2026.02.24 03:00:00;5163.65;83.0;27;WIN;NEXT_SIGNAL;2026.02.24 03:30:01;5163.52;70.0;28;WIN;REV;YES;;;;13.06;34;5150.73;5150.25;48.3;0.0;BULL;BUY;OFF;0.76;29.94;24.79;10.58;5146.49;5175.88;5188.94;5202.00;5215.07;5228.13
2026.02.24 03:00:00;XAUUSD;PERIOD_M30;LIVE;VALID;SELL;5163.65;2026.02.24 19:30:00;5163.66;-1.0;33;LOSS;NEXT_SIGNAL;2026.02.24 20:00:00;5163.97;-32.0;34;LOSS;REV;YES;;;;17.88;36;5212.19;5217.07;-487.8;-26.6;BEAR;SELL;OFF;0.76;37.39;17.29;25.99;5186.00;5145.77;5127.89;5110.00;5092.12;5074.24
2026.02.24 19:30:00;XAUUSD;PERIOD_M30;LIVE;VALID;BUY;5163.66;2026.02.25 01:00:00;5130.84;-3282.0;9;LOSS;NEXT_SIGNAL;2026.02.25 01:30:01;5130.72;-3294.0;10;LOSS;REV;YES;;;;20.74;34;5150.31;5149.50;80.9;0.0;BEAR;SELL;OFF;0.81;18.60;17.21;17.11;5137.74;5184.40;5205.13;5225.87;5246.61;5267.34
2026.02.25 01:00:00;XAUUSD;PERIOD_M30;LIVE;VALID;SELL;5130.84;2026.02.25 03:00:00;5185.35;-5451.0;4;LOSS;NEXT_SIGNAL;2026.02.25 03:30:00;5185.66;-5482.0;5;LOSS;REV;YES;;;;15.40;36;5149.14;5150.67;-153.4;-14.0;BEAR;SELL;OFF;0.79;19.65;12.62;33.20;5150.10;5115.44;5100.03;5084.63;5069.22;5053.82
2026.02.25 03:00:00;XAUUSD;PERIOD_M30;LIVE;VALID;BUY;5185.35;2026.02.25 12:00:00;5175.17;-1018.0;18;LOSS;NEXT_SIGNAL;2026.02.25 12:30:00;5175.18;-1017.0;19;LOSS;REV;YES;;;;16.97;36;5156.19;5153.93;225.9;14.0;BULL NOISE;BUY;OFF;0.78;19.49;24.78;18.73;5164.14;5202.32;5219.29;5236.26;5253.23;5270.20
2026.02.25 12:00:00;XAUUSD;PERIOD_M30;LIVE;VALID;SELL;5175.17;2026.02.25 16:30:00;5191.25;-1608.0;9;LOSS;NEXT_SIGNAL;2026.02.25 17:00:00;5191.62;-1645.0;10;LOSS;REV;YES;;;;12.38;34;5186.03;5187.58;-155.0;0.0;BULL;BUY;OFF;0.83;12.83;21.11;23.98;5190.65;5162.79;5150.41;5138.03;5125.64;5113.26
2026.02.25 16:30:00;XAUUSD;PERIOD_M30;LIVE;VALID;BUY;5191.25;2026.02.25 17:00:00;5180.14;-1111.0;1;LOSS;NEXT_SIGNAL;2026.02.25 17:30:00;5179.40;-1185.0;2;LOSS;REV;YES;;;;14.37;34;5184.21;5183.90;31.1;0.0;BULL;BUY;OFF;0.87;12.21;15.95;23.05;5173.28;5205.62;5220.00;5234.37;5248.74;5263.12
2026.02.25 17:00:00;XAUUSD;PERIOD_M30;LIVE;BLOCKED;SELL;5180.14;2026.02.25 17:30:00;5194.49;-1435.0;1;LOSS;NEXT_SIGNAL;;;;;;;NO;MARKET;SPREAD;;15.75;46;5183.31;5183.33;-2.2;0.0;BULL;BUY;OFF;0.86;11.25;18.08;19.98;5199.82;5164.39;5148.65;5132.90;5117.15;5101.41
2026.02.25 17:30:00;XAUUSD;PERIOD_M30;LIVE;VALID;BUY;5194.49;2026.02.25 22:30:00;5151.84;-4265.0;10;LOSS;NEXT_SIGNAL;2026.02.25 23:00:00;5151.91;-4258.0;11;LOSS;REV;YES;;;;16.64;34;5185.79;5184.20;159.5;0.0;BULL;BUY;OFF;0.86;10.64;15.67;17.90;5173.69;5211.13;5227.78;5244.42;5261.06;5277.70
2026.02.25 22:30:00;XAUUSD;PERIOD_M30;LIVE;VALID;SELL;5151.84;2026.02.26 05:00:00;5188.25;-3641.0;11;LOSS;NEXT_SIGNAL;2026.02.26 05:30:00;5188.66;-3682.0;12;LOSS;REV;YES;;;;18.37;36;5188.51;5193.75;-523.9;-14.0;BEAR NOISE;SELL;OFF;0.94;27.82;10.17;37.36;5174.80;5133.47;5115.10;5096.73;5078.35;5059.98
2026.02.26 05:00:00;XAUUSD;PERIOD_M30;LIVE;VALID;BUY;5188.25;2026.02.26 10:00:00;5176.83;-1142.0;10;LOSS;NEXT_SIGNAL;2026.02.26 10:30:00;5176.85;-1140.0;11;LOSS;REV;YES;;;;18.89;36;5183.70;5182.52;117.5;0.0;BEAR;SELL;OFF;0.85;22.74;21.52;14.17;5164.64;5207.14;5226.03;5244.92;5263.81;5282.70
2026.02.26 10:00:00;XAUUSD;PERIOD_M30;LIVE;VALID;SELL;5176.83;2026.02.26 18:30:00;5179.62;-279.0;17;LOSS;NEXT_SIGNAL;2026.02.26 19:00:00;5180.37;-354.0;18;LOSS;REV;YES;;;;11.06;34;5187.22;5188.60;-137.8;0.0;BEAR;SELL;OFF;0.86;26.98;12.21;20.29;5190.65;5165.77;5154.71;5143.65;5132.60;5121.54
2026.02.26 18:30:00;XAUUSD;PERIOD_M30;LIVE;VALID;BUY;5179.62;2026.02.26 19:30:00;5167.19;-1243.0;2;LOSS;NEXT_SIGNAL;2026.02.26 20:00:00;5167.32;-1230.0;3;LOSS;REV;YES;;;;18.63;34;5173.77;5173.33;44.6;0.0;BEAR;SELL;OFF;0.82;31.87;10.87;20.46;5156.33;5198.25;5216.88;5235.51;5254.15;5272.78
2026.02.26 19:30:00;XAUUSD;PERIOD_M30;LIVE;VALID;SELL;5167.19;2026.02.26 20:00:00;5177.07;-988.0;1;LOSS;NEXT_SIGNAL;2026.02.26 20:30:00;5177.45;-1026.0;2;LOSS;REV;YES;;;;19.66;34;5172.40;5172.46;-5.9;0.0;BEAR;SELL;OFF;0.87;31.10;10.98;25.20;5191.76;5147.53;5127.88;5108.22;5088.56;5068.91
2026.02.26 20:00:00;XAUUSD;PERIOD_M30;LIVE;VALID;BUY;5177.07;2026.02.27 03:00:00;5174.79;-228.0;12;LOSS;NEXT_SIGNAL;2026.02.27 03:30:00;5174.76;-231.0;13;LOSS;REV;YES;;;;20.22;34;5173.44;5172.74;69.4;0.0;BEAR;SELL;OFF;0.87;31.90;10.01;21.84;5151.79;5197.29;5217.52;5237.74;5257.96;5278.19
2026.02.27 03:00:00;XAUUSD;PERIOD_M30;LIVE;VALID;SELL;5174.79;2026.02.27 03:30:00;5193.98;-1919.0;1;LOSS;NEXT_SIGNAL;2026.02.27 04:00:00;5194.32;-1953.0;2;LOSS;REV;YES;;;;13.81;35;5181.38;5182.47;-108.8;0.0;BEAR;SELL;OFF;0.87;19.28;11.77;19.66;5192.05;5160.98;5147.17;5133.36;5119.56;5105.75
2026.02.27 03:30:00;XAUUSD;PERIOD_M30;LIVE;VALID;BUY;5193.98;2026.02.27 04:30:00;5183.57;-1041.0;2;LOSS;NEXT_SIGNAL;2026.02.27 05:00:00;5183.50;-1048.0;3;LOSS;REV;YES;;;;14.20;36;5184.18;5183.85;33.1;0.0;BEAR;SELL;OFF;0.87;17.51;19.21;17.04;5176.23;5208.18;5222.38;5236.58;5250.78;5264.98
2026.02.27 04:30:00;XAUUSD;PERIOD_M30;LIVE;VALID;SELL;5183.57;2026.02.27 05:00:00;5186.94;-337.0;1;LOSS;NEXT_SIGNAL;2026.02.27 05:30:00;5187.29;-372.0;2;LOSS;REV;YES;;;;13.34;34;5184.07;5184.22;-14.8;0.0;BEAR;SELL;OFF;0.89;16.97;18.36;23.92;5200.24;5170.23;5156.90;5143.56;5130.22;5116.88
2026.02.27 05:00:00;XAUUSD;PERIOD_M30;LIVE;VALID;BUY;5186.94;2026.02.27 05:30:00;5184.02;-292.0;1;LOSS;NEXT_SIGNAL;2026.02.27 06:00:00;5183.99;-295.0;2;LOSS;REV;YES;;;;13.15;34;5184.71;5184.60;11.3;14.0;BEAR;SELL;OFF;0.89;15.15;19.40;20.73;5170.50;5200.09;5213.24;5226.39;5239.54;5252.69
2026.02.27 05:30:00;XAUUSD;PERIOD_M30;LIVE;VALID;SELL;5184.02;2026.02.27 06:00:00;5187.18;-316.0;1;LOSS;NEXT_SIGNAL;2026.02.27 06:30:00;5187.48;-346.0;2;LOSS;REV;YES;;;;12.90;36;5184.56;5184.66;-10.8;0.0;BEAR;SELL;OFF;0.82;14.31;21.47;17.97;5200.14;5171.12;5158.23;5145.33;5132.43;5119.53
2026.02.27 06:00:00;XAUUSD;PERIOD_M30;LIVE;VALID;BUY;5187.18;2026.02.27 06:30:00;5181.62;-556.0;1;LOSS;NEXT_SIGNAL;2026.02.27 07:00:00;5181.61;-557.0;2;LOSS;REV;YES;;;;12.61;34;5185.14;5185.01;12.6;0.0;BEAR;SELL;OFF;0.81;12.54;18.61;19.00;5171.42;5199.78;5212.39;5224.99;5237.60;5250.20
2026.02.27 06:30:00;XAUUSD;PERIOD_M30;LIVE;VALID;SELL;5181.62;2026.02.27 07:00:00;5194.58;-1296.0;1;LOSS;NEXT_SIGNAL;2026.02.27 07:30:00;5194.79;-1317.0;2;LOSS;REV;YES;;;;12.34;36;5184.36;5184.77;-41.3;0.0;BEAR;SELL;OFF;0.81;11.55;16.13;17.87;5197.05;5169.28;5156.93;5144.59;5132.25;5119.90
2026.02.27 07:00:00;XAUUSD;PERIOD_M30;LIVE;VALID;BUY;5194.58;2026.02.27 09:30:00;5175.98;-1860.0;5;LOSS;NEXT_SIGNAL;2026.02.27 10:00:00;5175.97;-1861.0;6;LOSS;REV;YES;;;;12.17;36;5186.63;5185.69;93.6;0.0;BEAR;SELL;OFF;0.82;11.72;20.03;15.49;5179.37;5206.75;5218.92;5231.09;5243.26;5255.43
2026.02.27 09:30:00;XAUUSD;PERIOD_M30;LIVE;VALID;SELL;5175.98;2026.02.27 14:30:00;5187.45;-1147.0;10;LOSS;NEXT_SIGNAL;2026.02.27 15:00:00;5187.96;-1198.0;11;LOSS;REV;YES;;;;10.89;34;5184.36;5185.58;-121.5;0.0;BEAR;SELL;OFF;0.79;16.57;14.01;24.55;5189.59;5165.09;5154.21;5143.32;5132.43;5121.55
2026.02.27 14:30:00;XAUUSD;PERIOD_M30;LIVE;VALID;BUY;5187.45;2026.03.02 16:00:00;5333.27;14582.0;49;WIN;NEXT_SIGNAL;2026.03.02 16:30:00;5333.28;14583.0;50;WIN;REV;YES;;;;8.36;34;5182.73;5181.88;85.7;14.0;BEAR;SELL;OFF;0.96;28.83;21.57;15.67;5177.01;5195.81;5204.16;5212.52;5220.87;5229.23
2026.03.02 16:00:00;XAUUSD;PERIOD_M30;LIVE;VALID;SELL;5333.27;2026.03.02 23:00:00;5332.45;82.0;14;WIN;NEXT_SIGNAL;2026.03.02 23:30:00;5332.88;39.0;15;WIN;REV;YES;;;;23.79;40;5380.50;5387.91;-740.9;-26.6;BEAR NOISE;SELL;OFF;0.97;24.87;15.61;20.07;5363.00;5309.48;5285.70;5261.91;5238.12;5214.33
2026.03.02 23:00:00;XAUUSD;PERIOD_M30;LIVE;VALID;BUY;5332.45;2026.03.03 07:30:00;5318.97;-1348.0;15;LOSS;NEXT_SIGNAL;2026.03.03 08:00:00;5318.99;-1346.0;16;LOSS;REV;YES;;;;26.75;45;5327.38;5326.01;137.3;0.0;BEAR;SELL;OFF;0.78;31.21;20.06;8.28;5299.01;5359.20;5385.95;5412.70;5439.45;5466.20
2026.03.03 07:30:00;XAUUSD;PERIOD_M30;LIVE;VALID;SELL;5318.97;2026.03.03 22:00:00;5122.99;19598.0;29;WIN;NEXT_SIGNAL;2026.03.03 22:30:00;5123.21;19576.0;30;WIN;REV;YES;;;;22.17;40;5351.66;5353.33;-166.7;-14.0;BEAR;SELL;OFF;0.90;31.40;18.34;25.91;5346.69;5296.80;5274.62;5252.45;5230.27;5208.10
2026.03.03 22:00:00;XAUUSD;PERIOD_M30;LIVE;VALID;BUY;5122.99;2026.03.03 22:30:00;5096.75;-2624.0;1;LOSS;NEXT_SIGNAL;2026.03.03 23:00:00;5097.02;-2597.0;2;LOSS;REV;YES;;;;46.93;40;5113.72;5113.09;63.3;0.0;BEAR;SELL;OFF;0.88;19.97;24.62;17.86;5064.33;5169.92;5216.85;5263.77;5310.70;5357.63
2026.03.03 22:30:00;XAUUSD;PERIOD_M30;LIVE;VALID;SELL;5096.75;2026.03.04 01:00:00;5126.10;-2935.0;3;LOSS;NEXT_SIGNAL;2026.03.04 01:30:00;5126.53;-2978.0;4;LOSS;REV;YES;;;;45.63;35;5109.95;5110.03;-7.8;-14.0;BEAR;SELL;OFF;0.87;18.11;21.34;24.08;5153.78;5051.12;5005.50;4959.87;4914.24;4868.61
2026.03.04 01:00:00;XAUUSD;PERIOD_M30;LIVE;VALID;BUY;5126.10;2026.03.04 16:00:00;5165.99;3989.0;30;WIN;NEXT_SIGNAL;2026.03.04 16:30:00;5166.02;3992.0;31;WIN;REV;YES;;;;33.06;38;5106.94;5104.87;207.1;0.0;BEAR;SELL;OFF;0.89;15.50;23.50;21.00;5084.78;5159.16;5192.21;5225.27;5258.32;5291.38
2026.03.04 16:00:00;XAUUSD;PERIOD_M30;LIVE;VALID;SELL;5165.99;2026.03.05 01:00:00;5154.53;1146.0;16;WIN;NEXT_SIGNAL;2026.03.05 01:30:00;5154.93;1106.0;17;WIN;REV;YES;;;;19.60;34;5176.23;5176.47;-24.0;0.0;BEAR;SELL;OFF;0.91;16.66;20.78;22.08;5190.48;5146.39;5126.80;5107.20;5087.61;5068.01
2026.03.05 01:00:00;XAUUSD;PERIOD_M30;LIVE;VALID;BUY;5154.53;2026.03.05 07:30:00;5148.43;-610.0;13;LOSS;NEXT_SIGNAL;2026.03.05 08:00:00;5148.52;-601.0;14;LOSS;REV;YES;;;;20.06;39;5142.03;5141.27;75.9;0.0;BEAR;SELL;OFF;0.90;24.42;21.32;12.20;5129.45;5174.59;5194.66;5214.72;5234.79;5254.85
2026.03.05 07:30:00;XAUUSD;PERIOD_M30;LIVE;VALID;SELL;5148.43;2026.03.05 14:00:00;5161.92;-1349.0;13;LOSS;NEXT_SIGNAL;2026.03.05 14:30:00;5162.23;-1380.0;14;LOSS;REV;YES;;;;15.07;39;5169.29;5170.03;-74.7;-14.0;BEAR;SELL;OFF;0.86;33.03;13.83;25.71;5167.26;5133.36;5118.29;5103.23;5088.16;5073.09
2026.03.05 14:00:00;XAUUSD;PERIOD_M30;LIVE;VALID;BUY;5161.92;2026.03.05 15:00:00;5122.87;-3905.0;2;LOSS;NEXT_SIGNAL;2026.03.05 15:30:00;5122.64;-3928.0;3;LOSS;REV;YES;;;;18.25;34;5162.38;5162.37;0.5;0.0;BEAR;SELL;OFF;0.83;21.95;21.32;22.80;5139.11;5180.17;5198.41;5216.66;5234.91;5253.16
2026.03.05 15:00:00;XAUUSD;PERIOD_M30;LIVE;BLOCKED;SELL;5122.87;2026.03.06 01:00:00;5091.30;3157.0;18;WIN;NEXT_SIGNAL;;;;;;;NO;MARKET;SPREAD;;20.09;65;5153.60;5158.10;-449.4;-26.6;BEAR;SELL;OFF;0.83;21.79;16.02;31.64;5147.99;5102.77;5082.68;5062.59;5042.49;5022.39
2026.03.06 01:00:00;XAUUSD;PERIOD_M30;LIVE;VALID;BUY;5091.30;2026.03.06 10:00:00;5100.49;919.0;18;WIN;NEXT_SIGNAL;2026.03.06 10:30:00;5100.46;916.0;19;WIN;REV;YES;;;;21.02;35;5081.20;5079.77;143.6;0.0;BEAR;SELL;OFF;0.85;26.09;23.28;13.92;5065.02;5112.32;5133.35;5154.37;5175.39;5196.41
2026.03.06 10:00:00;XAUUSD;PERIOD_M30;LIVE;VALID;SELL;5100.49;2026.03.06 16:30:00;5130.41;-2992.0;13;LOSS;NEXT_SIGNAL;2026.03.06 17:00:00;5130.71;-3022.0;14;LOSS;REV;YES;;;;15.69;39;5115.11;5117.88;-277.5;-14.0;BEAR;SELL;OFF;0.77;35.52;6.83;25.52;5120.10;5084.80;5069.11;5053.42;5037.73;5022.04
2026.03.06 16:30:00;XAUUSD;PERIOD_M30;LIVE;VALID;BUY;5130.41;2026.03.09 01:00:00;5104.61;-2580.0;15;LOSS;NEXT_SIGNAL;2026.03.09 01:30:00;5104.54;-2587.0;16;LOSS;REV;YES;;;;25.36;34;5100.11;5096.88;322.8;14.0;BEAR NOISE;SELL;OFF;0.84;43.90;16.34;16.69;5098.71;5155.77;5181.13;5206.49;5231.85;5257.21
2026.03.09 01:00:00;XAUUSD;PERIOD_M30;LIVE;VALID;SELL;5104.61;2026.03.09 07:30:00;5124.21;-1960.0;13;LOSS;NEXT_SIGNAL;2026.03.09 08:00:00;5124.58;-1997.0;14;LOSS;REV;YES;;;;21.03;36;5146.85;5147.43;-57.7;-14.0;BEAR;SELL;OFF;0.82;25.43;24.05;23.15;5130.89;5083.58;5062.56;5041.53;5020.50;4999.47
2026.03.09 07:30:00;XAUUSD;PERIOD_M30;LIVE;VALID;BUY;5124.21;2026.03.09 12:30:00;5087.14;-3707.0;10;LOSS;NEXT_SIGNAL;2026.03.09 13:00:00;5088.27;-3594.0;11;LOSS;REV;YES;;;;35.25;38;5097.64;5094.36;327.9;0.0;BEAR;SELL;OFF;0.85;17.45;25.33;11.44;5080.15;5159.46;5194.71;5229.96;5265.20;5300.45
2026.03.09 12:30:00;XAUUSD;PERIOD_M30;LIVE;VALID;SELL;5087.14;2026.03.09 18:00:00;5103.87;-1673.0;11;LOSS;NEXT_SIGNAL;2026.03.09 18:30:00;5104.43;-1729.0;12;LOSS;REV;YES;;;;21.58;34;5100.09;5100.65;-55.7;-14.0;BEAR;SELL;OFF;0.86;17.00;14.68;22.25;5114.11;5065.57;5043.99;5022.41;5000.84;4979.27
2026.03.09 18:00:00;XAUUSD;PERIOD_M30;LIVE;VALID;BUY;5103.87;2026.03.10 21:00:00;5200.80;9693.0;50;WIN;NEXT_SIGNAL;2026.03.10 21:30:00;5200.77;9690.0;51;WIN;REV;YES;;;;19.89;34;5095.83;5094.42;141.2;0.0;BEAR;SELL;OFF;0.88;18.70;20.23;13.34;5079.01;5123.76;5143.65;5163.54;5183.44;5203.33
2026.03.10 21:00:00;XAUUSD;PERIOD_M30;LIVE;VALID;SELL;5200.80;2026.03.11 03:30:00;5208.42;-762.0;9;LOSS;NEXT_SIGNAL;2026.03.11 04:00:00;5208.82;-802.0;10;LOSS;REV;YES;;;;21.95;34;5209.77;5210.92;-115.5;0.0;BULL;BUY;OFF;0.85;22.74;12.75;20.81;5228.24;5178.85;5156.89;5134.94;5112.99;5091.03
2026.03.11 03:30:00;XAUUSD;PERIOD_M30;LIVE;VALID;BUY;5208.42;2026.03.11 07:00:00;5200.42;-800.0;7;LOSS;NEXT_SIGNAL;2026.03.11 07:30:00;5200.53;-789.0;8;LOSS;REV;YES;;;;17.78;37;5207.52;5207.32;19.7;0.0;BULL;BUY;OFF;0.84;23.12;15.46;11.94;5186.20;5226.20;5243.98;5261.75;5279.53;5297.31
2026.03.11 07:00:00;XAUUSD;PERIOD_M30;LIVE;VALID;SELL;5200.42;2026.03.11 21:30:00;5183.21;1721.0;29;WIN;NEXT_SIGNAL;2026.03.11 22:00:00;5183.56;1686.0;30;WIN;REV;YES;;;;12.55;36;5205.15;5205.18;-3.6;0.0;BULL;BUY;OFF;0.88;19.52;9.50;16.67;5216.11;5187.87;5175.32;5162.76;5150.21;5137.66
2026.03.11 21:30:00;XAUUSD;PERIOD_M30;LIVE;VALID;BUY;5183.21;2026.03.12 01:00:00;5156.06;-2715.0;3;LOSS;NEXT_SIGNAL;2026.03.12 01:30:00;5155.95;-2726.0;4;LOSS;REV;YES;;;;14.70;34;5176.63;5176.29;34.1;14.0;BULL;BUY;OFF;0.82;18.53;23.60;15.15;5164.84;5197.91;5212.61;5227.31;5242.01;5256.71
2026.03.12 01:00:00;XAUUSD;PERIOD_M30;LIVE;VALID;SELL;5156.06;2026.03.12 08:30:00;5166.67;-1061.0;15;LOSS;NEXT_SIGNAL;2026.03.12 09:00:05;5167.02;-1096.0;16;LOSS;REV;YES;;;;13.20;37;5172.14;5174.09;-194.3;-14.0;BULL NOISE;BUY;OFF;0.83;18.51;15.37;24.20;5172.56;5142.86;5129.65;5116.45;5103.25;5090.04
2026.03.12 08:30:00;XAUUSD;PERIOD_M30;LIVE;VALID;BUY;5166.67;2026.03.12 15:30:00;5151.18;-1549.0;14;LOSS;NEXT_SIGNAL;2026.03.12 16:00:00;5151.13;-1554.0;15;LOSS;REV;YES;;;;13.88;34;5155.84;5155.34;50.0;0.0;BEAR;SELL;OFF;0.87;20.57;22.70;15.39;5149.32;5180.55;5194.43;5208.31;5222.19;5236.07
2026.03.12 15:30:00;XAUUSD;PERIOD_M30;LIVE;VALID;SELL;5151.18;2026.03.13 03:00:00;5119.05;3213.0;19;WIN;NEXT_SIGNAL;2026.03.13 03:30:00;5119.41;3177.0;20;WIN;REV;YES;;;;13.02;34;5170.65;5173.33;-267.6;0.0;BEAR;SELL;OFF;0.94;23.09;13.36;25.05;5167.46;5138.16;5125.13;5112.11;5099.08;5086.06
2026.03.13 03:00:00;XAUUSD;PERIOD_M30;LIVE;VALID;BUY;5119.05;2026.03.13 08:00:00;5095.81;-2324.0;10;LOSS;NEXT_SIGNAL;2026.03.13 08:30:00;5095.75;-2330.0;11;LOSS;REV;YES;;;;15.06;34;5105.09;5103.57;151.6;0.0;BEAR;SELL;OFF;0.82;44.10;34.95;19.50;5100.22;5134.11;5149.17;5164.24;5179.30;5194.36
2026.03.13 08:00:00;XAUUSD;PERIOD_M30;LIVE;VALID;SELL;5095.81;2026.03.13 13:30:00;5107.57;-1176.0;11;LOSS;NEXT_SIGNAL;2026.03.13 14:00:00;5107.94;-1213.0;12;LOSS;REV;YES;;;;11.01;34;5104.84;5106.36;-151.5;0.0;BEAR;SELL;OFF;0.90;21.46;13.42;24.53;5109.57;5084.80;5073.79;5062.78;5051.76;5040.75
2026.03.13 13:30:00;XAUUSD;PERIOD_M30;LIVE;VALID;BUY;5107.57;2026.03.13 16:30:00;5041.11;-6646.0;6;LOSS;NEXT_SIGNAL;2026.03.13 17:00:00;5041.21;-6636.0;7;LOSS;REV;YES;;;;14.80;36;5095.21;5093.73;147.3;0.0;BEAR NOISE;SELL;OFF;0.90;25.15;19.01;15.88;5089.07;5122.37;5137.17;5151.97;5166.78;5181.58
2026.03.13 16:30:00;XAUUSD;PERIOD_M30;LIVE;VALID;SELL;5041.11;2026.03.16 06:00:00;5021.43;1968.0;23;WIN;NEXT_SIGNAL;2026.03.16 06:30:00;5021.81;1930.0;24;WIN;REV;YES;;;;19.05;36;5087.36;5092.57;-521.3;-26.6;BEAR;SELL;OFF;0.90;25.30;14.74;29.69;5064.92;5022.06;5003.02;4983.97;4964.93;4945.88
2026.03.16 06:00:00;XAUUSD;PERIOD_M30;LIVE;VALID;BUY;5021.43;2026.03.16 09:30:00;4995.30;-2613.0;7;LOSS;NEXT_SIGNAL;2026.03.16 10:00:00;4995.51;-2592.0;8;LOSS;REV;YES;;;;22.52;36;5014.62;5014.46;16.1;0.0;BEAR;SELL;OFF;0.84;21.42;29.68;18.12;4993.28;5043.95;5066.47;5088.99;5111.50;5134.02
2026.03.16 09:30:00;XAUUSD;PERIOD_M30;LIVE;VALID;SELL;4995.30;2026.03.16 14:00:00;5022.64;-2734.0;9;LOSS;NEXT_SIGNAL;2026.03.16 14:30:00;5023.16;-2786.0;10;LOSS;REV;YES;;;;17.89;36;5009.11;5011.09;-198.3;0.0;BEAR;SELL;OFF;0.83;16.27;16.92;28.77;5017.66;4977.41;4959.52;4941.64;4923.75;4905.86
2026.03.16 14:00:00;XAUUSD;PERIOD_M30;LIVE;VALID;BUY;5022.64;2026.03.16 17:30:00;4987.03;-3561.0;7;LOSS;NEXT_SIGNAL;2026.03.16 18:00:00;4987.22;-3542.0;8;LOSS;REV;YES;;;;20.18;43;5004.21;5002.57;163.8;14.0;BEAR NOISE;SELL;OFF;0.88;21.48;19.15;17.30;4997.41;5042.82;5063.01;5083.19;5103.37;5123.55
2026.03.16 17:30:00;XAUUSD;PERIOD_M30;LIVE;VALID;SELL;4987.03;2026.03.16 21:00:00;5010.54;-2351.0;7;LOSS;NEXT_SIGNAL;2026.03.16 21:30:00;5010.69;-2366.0;8;LOSS;REV;YES;;;;21.00;36;5002.13;5004.08;-195.1;-14.0;BEAR;SELL;OFF;0.91;20.61;12.49;18.75;5013.28;4966.03;4945.03;4924.03;4903.03;4882.03
2026.03.16 21:00:00;XAUUSD;PERIOD_M30;LIVE;VALID;BUY;5010.54;2026.03.17 08:30:00;5009.97;-57.0;19;LOSS;NEXT_SIGNAL;2026.03.17 09:00:00;5009.85;-69.0;20;LOSS;REV;YES;;;;17.58;36;5002.89;5002.25;63.9;14.0;BEAR;SELL;OFF;0.78;21.87;29.05;14.49;4988.57;5028.12;5045.69;5063.27;5080.85;5098.42
2026.03.17 08:30:00;XAUUSD;PERIOD_M30;LIVE;VALID;SELL;5009.97;2026.03.18 02:30:00;5004.15;582.0;32;WIN;NEXT_SIGNAL;2026.03.18 03:00:00;5004.49;548.0;33;WIN;REV;YES;;;;12.22;36;5020.70;5021.47;-77.4;-14.0;BEAR;SELL;OFF;0.88;29.99;18.02;19.85;5025.25;4997.75;4985.53;4973.31;4961.09;4948.87
2026.03.18 02:30:00;XAUUSD;PERIOD_M30;LIVE;VALID;BUY;5004.15;2026.03.18 04:30:00;4991.89;-1226.0;4;LOSS;NEXT_SIGNAL;2026.03.18 05:00:00;4991.87;-1228.0;5;LOSS;REV;YES;;;;8.15;36;5003.02;5002.77;24.6;0.0;BEAR;SELL;OFF;0.91;14.90;19.32;12.41;4993.96;5012.30;5020.46;5028.61;5036.76;5044.92
2026.03.18 04:30:00;XAUUSD;PERIOD_M30;LIVE;VALID;SELL;4991.89;2026.03.18 08:30:00;5009.36;-1747.0;8;LOSS;NEXT_SIGNAL;2026.03.18 09:00:00;5010.15;-1826.0;9;LOSS;REV;YES;;;;9.59;36;5000.34;5001.67;-132.2;-14.0;BEAR;SELL;OFF;0.91;15.64;14.60;16.44;5003.88;4982.30;4972.70;4963.11;4953.51;4943.92
2026.03.18 08:30:00;XAUUSD;PERIOD_M30;LIVE;VALID;BUY;5009.36;2026.03.18 10:00:00;4988.89;-2047.0;3;LOSS;NEXT_SIGNAL;2026.03.18 10:30:00;4988.91;-2045.0;4;LOSS;REV;YES;;;;11.23;36;5000.12;4998.70;142.5;14.0;BEAR;SELL;OFF;0.83;21.00;29.73;13.68;4995.32;5020.59;5031.82;5043.06;5054.29;5065.52
2026.03.18 10:00:00;XAUUSD;PERIOD_M30;LIVE;VALID;SELL;4988.89;2026.03.19 04:30:00;4858.60;13029.0;33;WIN;NEXT_SIGNAL;2026.03.19 05:00:00;4858.99;12990.0;34;WIN;REV;YES;;;;11.51;36;4997.93;4998.06;-13.7;-14.0;BEAR;SELL;OFF;0.88;19.11;19.35;27.80;5003.27;4977.38;4965.88;4954.37;4942.86;4931.36
2026.03.19 04:30:00;XAUUSD;PERIOD_M30;LIVE;VALID;BUY;4858.60;2026.03.19 07:30:00;4827.46;-3114.0;6;LOSS;NEXT_SIGNAL;2026.03.19 08:00:00;4827.47;-3113.0;7;LOSS;REV;YES;;;;20.70;36;4849.70;4848.77;93.6;0.0;BEAR;SELL;OFF;0.88;25.44;23.74;11.11;4832.73;4879.30;4900.00;4920.70;4941.40;4962.10
2026.03.19 07:30:00;XAUUSD;PERIOD_M30;LIVE;VALID;SELL;4827.46;2026.03.19 20:30:00;4622.86;20460.0;26;WIN;NEXT_SIGNAL;2026.03.19 21:00:00;4623.26;20420.0;27;WIN;REV;YES;;;;13.50;36;4845.06;4845.63;-57.7;-14.0;BEAR;SELL;OFF;0.77;21.18;14.37;28.42;4844.33;4813.96;4800.46;4786.96;4773.46;4759.96
2026.03.19 20:30:00;XAUUSD;PERIOD_M30;LIVE;VALID;BUY;4622.86;2026.03.20 11:00:00;4692.01;6915.0;25;WIN;NEXT_SIGNAL;2026.03.20 11:30:00;4692.00;6914.0;26;WIN;REV;YES;;;;48.65;36;4610.15;4609.59;55.5;0.0;BEAR;SELL;OFF;0.74;35.29;14.22;19.06;4562.05;4671.51;4720.16;4768.81;4817.46;4866.11
2026.03.20 11:00:00;XAUUSD;PERIOD_M30;LIVE;VALID;SELL;4692.01;2026.03.23 13:00:00;4399.34;29267.0;49;WIN;NEXT_SIGNAL;2026.03.23 13:30:00;4400.36;29165.0;50;WIN;REV;YES;;;;23.61;36;4697.94;4698.96;-102.6;0.0;BULL;BUY;OFF;0.89;22.29;21.99;20.09;4721.52;4668.40;4644.80;4621.19;4597.58;4573.98
2026.03.23 13:00:00;XAUUSD;PERIOD_M30;LIVE;VALID;BUY;4399.34;2026.03.23 21:30:00;4396.48;-286.0;17;LOSS;NEXT_SIGNAL;2026.03.23 22:00:00;4396.37;-297.0;18;LOSS;REV;YES;;;;71.49;36;4293.74;4281.05;1268.3;14.0;BULL NOISE;BUY;OFF;0.86;34.04;26.02;16.73;4309.98;4470.83;4542.32;4613.81;4685.29;4756.78
2026.03.23 21:30:00;XAUUSD;PERIOD_M30;LIVE;VALID;SELL;4396.48;2026.03.24 01:00:00;4440.98;-4450.0;4;LOSS;NEXT_SIGNAL;2026.03.24 01:30:00;4441.35;-4487.0;5;LOSS;REV;YES;;;;52.23;36;4411.98;4414.11;-212.9;0.0;BULL;BUY;OFF;0.66;28.04;23.52;13.99;4461.77;4344.25;4292.02;4239.79;4187.55;4135.32
2026.03.24 01:00:00;XAUUSD;PERIOD_M30;LIVE;VALID;BUY;4440.98;2026.03.24 02:00:00;4379.61;-6137.0;2;LOSS;NEXT_SIGNAL;2026.03.24 02:30:00;4379.58;-6140.0;3;LOSS;REV;YES;;;;40.28;36;4417.49;4416.27;122.1;14.0;BULL;BUY;OFF;0.85;23.98;28.51;11.81;4390.63;4481.26;4521.54;4561.82;4602.10;4642.38
2026.03.24 02:00:00;XAUUSD;PERIOD_M30;LIVE;VALID;SELL;4379.61;2026.03.24 08:30:00;4401.26;-2165.0;13;LOSS;NEXT_SIGNAL;2026.03.24 09:00:00;4401.63;-2202.0;14;LOSS;REV;YES;;;;35.86;36;4413.37;4414.26;-89.2;-14.0;BULL;BUY;OFF;0.86;23.32;21.41;18.68;4424.43;4343.75;4307.89;4272.03;4236.18;4200.32
2026.03.24 08:30:00;XAUUSD;PERIOD_M30;LIVE;VALID;BUY;4401.26;2026.03.24 15:00:00;4366.76;-3450.0;13;LOSS;NEXT_SIGNAL;2026.03.24 15:30:00;4367.06;-3420.0;14;LOSS;REV;YES;;;;41.43;36;4366.73;4364.16;256.7;14.0;BULL;BUY;OFF;0.78;18.37;19.96;14.81;4349.47;4442.69;4484.12;4525.56;4566.99;4608.42
2026.03.24 15:00:00;XAUUSD;PERIOD_M30;LIVE;VALID;SELL;4366.76;2026.03.24 17:30:00;4411.17;-4441.0;5;LOSS;NEXT_SIGNAL;2026.03.24 18:00:00;4411.55;-4479.0;6;LOSS;REV;YES;;;;32.09;36;4394.53;4399.45;-491.8;-14.0;BULL NOISE;BUY;OFF;0.92;27.72;11.63;18.61;4406.87;4334.67;4302.59;4270.50;4238.41;4206.32
2026.03.24 17:30:00;XAUUSD;PERIOD_M30;LIVE;VALID;BUY;4411.17;2026.03.24 19:30:00;4388.78;-2239.0;4;LOSS;NEXT_SIGNAL;2026.03.24 20:00:00;4389.05;-2212.0;5;LOSS;REV;YES;;;;32.44;36;4405.91;4405.52;38.9;0.0;BULL;BUY;OFF;0.92;27.46;25.73;12.09;4370.62;4443.61;4476.05;4508.49;4540.93;4573.37
2026.03.24 19:30:00;XAUUSD;PERIOD_M30;LIVE;VALID;SELL;4388.78;2026.03.24 22:00:00;4457.43;-6865.0;5;LOSS;NEXT_SIGNAL;2026.03.24 22:30:00;4457.89;-6911.0;6;LOSS;REV;YES;;;;33.27;36;4404.43;4405.46;-103.1;-14.0;BULL;BUY;OFF;0.90;22.69;15.52;23.80;4430.36;4355.51;4322.25;4288.98;4255.72;4222.45
2026.03.24 22:00:00;XAUUSD;PERIOD_M30;LIVE;VALID;BUY;4457.43;2026.03.25 08:30:00;4546.29;8886.0;18;WIN;NEXT_SIGNAL;2026.03.25 09:00:00;4546.30;8887.0;19;WIN;REV;YES;;;;31.33;45;4414.58;4408.45;613.0;14.0;BULL;BUY;OFF;0.94;19.19;25.92;11.64;4418.27;4488.76;4520.09;4551.42;4582.74;4614.07
2026.03.25 08:30:00;XAUUSD;PERIOD_M30;LIVE;VALID;SELL;4546.29;2026.03.25 13:00:00;4582.99;-3670.0;9;LOSS;NEXT_SIGNAL;2026.03.25 13:30:00;4583.36;-3707.0;10;LOSS;REV;YES;;;;17.81;43;4556.97;4559.49;-252.1;0.0;BULL;BUY;OFF;0.89;36.63;12.87;23.98;4568.55;4528.48;4510.67;4492.86;4475.04;4457.23
2026.03.25 13:00:00;XAUUSD;PERIOD_M30;LIVE;VALID;BUY;4582.99;2026.03.25 14:30:00;4546.55;-3644.0;3;LOSS;NEXT_SIGNAL;2026.03.25 15:00:00;4546.30;-3669.0;4;LOSS;REV;YES;;;;18.98;36;4562.36;4560.40;196.0;0.0;BULL;BUY;OFF;0.84;26.57;18.71;15.26;4559.26;4601.97;4620.96;4639.94;4658.93;4677.91
2026.03.25 14:30:00;XAUUSD;PERIOD_M30;LIVE;VALID;SELL;4546.55;2026.03.25 15:00:00;4573.26;-2671.0;1;LOSS;NEXT_SIGNAL;2026.03.25 15:30:00;4573.66;-2711.0;2;LOSS;REV;YES;;;;22.12;36;4557.97;4558.50;-52.9;0.0;BULL;BUY;OFF;0.84;24.79;13.66;26.06;4574.20;4524.43;4502.31;4480.20;4458.08;4435.96
2026.03.25 15:00:00;XAUUSD;PERIOD_M30;LIVE;VALID;BUY;4573.26;2026.03.25 15:30:00;4545.81;-2745.0;1;LOSS;NEXT_SIGNAL;2026.03.25 16:00:00;4545.89;-2737.0;2;LOSS;REV;YES;;;;23.02;36;4561.37;4559.77;160.1;0.0;BULL;BUY;OFF;0.84;22.25;20.13;22.58;4544.49;4596.28;4619.30;4642.32;4665.34;4688.36
2026.03.25 15:30:00;XAUUSD;PERIOD_M30;LIVE;VALID;SELL;4545.81;2026.03.25 16:00:00;4563.35;-1754.0;1;LOSS;NEXT_SIGNAL;2026.03.25 16:30:00;4563.96;-1815.0;2;LOSS;REV;YES;;;;24.36;36;4557.91;4558.43;-51.7;0.0;BULL;BUY;OFF;0.84;20.07;17.45;19.63;4576.26;4521.45;4497.08;4472.72;4448.36;4424.00
2026.03.25 16:00:00;XAUUSD;PERIOD_M30;LIVE;VALID;BUY;4563.35;2026.03.25 18:00:00;4554.48;-887.0;4;LOSS;NEXT_SIGNAL;2026.03.25 18:30:00;4554.40;-895.0;5;LOSS;REV;YES;;;;25.26;43;4559.12;4558.87;25.2;0.0;BULL;BUY;OFF;0.84;19.38;15.12;20.41;4531.78;4588.61;4613.87;4639.13;4664.38;4689.64
2026.03.25 18:00:00;XAUUSD;PERIOD_M30;LIVE;VALID;SELL;4554.48;2026.03.26 04:00:00;4528.08;2640.0;17;WIN;NEXT_SIGNAL;2026.03.26 04:30:00;4528.34;2614.0;18;WIN;REV;YES;;;;26.23;36;4559.45;4559.86;-40.6;0.0;BULL;BUY;OFF;0.77;18.28;14.57;24.71;4587.27;4528.25;4502.02;4475.79;4449.57;4423.34
2026.03.26 04:00:00;XAUUSD;PERIOD_M30;LIVE;VALID;BUY;4528.08;2026.03.26 04:30:00;4509.33;-1875.0;1;LOSS;NEXT_SIGNAL;2026.03.26 05:00:00;4509.34;-1874.0;2;LOSS;REV;YES;;;;23.24;36;4528.51;4528.02;49.8;0.0;BULL;BUY;OFF;0.78;27.44;14.13;19.86;4499.03;4551.32;4574.56;4597.79;4621.03;4644.27
2026.03.26 04:30:00;XAUUSD;PERIOD_M30;LIVE;VALID;SELL;4509.33;2026.03.26 15:30:00;4449.99;5934.0;22;WIN;NEXT_SIGNAL;2026.03.26 16:00:00;4450.32;5901.0;23;WIN;REV;YES;;;;23.33;36;4524.25;4525.62;-136.8;-14.0;BULL;BUY;OFF;0.81;28.89;12.25;27.50;4538.49;4486.00;4462.67;4439.34;4416.01;4392.68
2026.03.26 15:30:00;XAUUSD;PERIOD_M30;LIVE;VALID;BUY;4449.99;2026.03.26 18:00:00;4389.40;-6059.0;5;LOSS;NEXT_SIGNAL;2026.03.26 18:30:00;4389.42;-6057.0;6;LOSS;REV;YES;;;;25.12;36;4441.30;4440.32;98.3;0.0;BEAR;SELL;OFF;0.82;22.27;14.87;14.24;4418.59;4475.11;4500.22;4525.34;4550.46;4575.57
2026.03.26 18:00:00;XAUUSD;PERIOD_M30;LIVE;VALID;SELL;4389.40;2026.03.27 03:00:00;4407.45;-1805.0;15;LOSS;NEXT_SIGNAL;2026.03.27 03:30:00;4407.79;-1839.0;16;LOSS;REV;YES;;;;28.34;36;4434.69;4438.53;-383.4;-14.0;BEAR;SELL;OFF;0.78;24.12;11.82;27.70;4424.82;4361.06;4332.73;4304.39;4276.05;4247.72
2026.03.27 03:00:00;XAUUSD;PERIOD_M30;LIVE;VALID;BUY;4407.45;2026.03.27 11:00:00;4433.31;2586.0;16;WIN;NEXT_SIGNAL;2026.03.27 11:30:00;4433.24;2579.0;17;WIN;REV;YES;;;;26.77;36;4396.03;4393.95;208.0;0.0;BEAR;SELL;OFF;0.82;19.22;18.60;17.30;4373.99;4434.22;4460.98;4487.75;4514.52;4541.29
2026.03.27 11:00:00;XAUUSD;PERIOD_M30;LIVE;VALID;SELL;4433.31;2026.03.27 16:00:00;4454.69;-2138.0;10;LOSS;NEXT_SIGNAL;2026.03.27 16:30:00;4455.05;-2174.0;11;LOSS;REV;YES;;;;16.22;34;4439.64;4440.78;-114.6;0.0;BEAR;SELL;OFF;0.96;35.23;13.57;22.33;4453.59;4417.09;4400.87;4384.65;4368.42;4352.20
2026.03.27 16:00:00;XAUUSD;PERIOD_M30;LIVE;VALID;BUY;4454.69;2026.03.30 01:30:00;4485.62;3093.0;15;WIN;NEXT_SIGNAL;2026.03.30 02:00:00;4485.49;3080.0;16;WIN;REV;YES;;;;19.01;34;4434.91;4433.50;141.2;0.0;BEAR NOISE;SELL;OFF;0.94;21.41;25.59;17.50;4430.93;4473.70;4492.71;4511.72;4530.74;4549.75
2026.03.30 01:30:00;XAUUSD;PERIOD_M30;LIVE;VALID;SELL;4485.62;2026.03.30 06:30:00;4496.44;-1082.0;10;LOSS;NEXT_SIGNAL;2026.03.30 07:00:00;4496.79;-1117.0;11;LOSS;REV;YES;;;;26.95;34;4501.56;4502.90;-134.2;0.0;BULL;BUY;OFF;0.84;21.10;13.33;20.91;4519.31;4458.67;4431.72;4404.77;4377.81;4350.86
2026.03.30 06:30:00;XAUUSD;PERIOD_M30;LIVE;VALID;BUY;4496.44;2026.03.30 17:30:00;4541.06;4462.0;22;WIN;NEXT_SIGNAL;2026.03.30 18:00:00;4541.20;4476.0;23;WIN;REV;YES;;;;29.67;34;4481.64;4479.29;234.6;0.0;BULL;BUY;OFF;0.88;27.58;18.48;12.60;4459.35;4526.11;4555.79;4585.46;4615.13;4644.80
2026.03.30 17:30:00;XAUUSD;PERIOD_M30;LIVE;VALID;SELL;4541.06;2026.03.31 03:30:00;4546.99;-593.0;18;LOSS;NEXT_SIGNAL;2026.03.31 04:00:00;4547.02;-596.0;19;LOSS;REV;YES;;;;21.59;34;4541.17;4541.29;-12.2;0.0;BULL;BUY;OFF;0.87;35.36;21.73;15.01;4568.04;4519.48;4497.89;4476.31;4454.72;4433.14
2026.03.31 03:30:00;XAUUSD;PERIOD_M30;LIVE;VALID;BUY;4546.99;2026.03.31 12:00:00;4561.53;1454.0;17;WIN;NEXT_SIGNAL;2026.03.31 12:30:00;4561.56;1457.0;18;WIN;REV;YES;;;;20.55;34;4519.23;4516.62;260.9;14.0;BULL;BUY;OFF;0.76;16.99;21.91;21.03;4521.31;4567.54;4588.08;4608.63;4629.17;4649.72
2026.03.31 12:00:00;XAUUSD;PERIOD_M30;LIVE;VALID;SELL;4561.53;2026.03.31 14:30:00;4582.60;-2107.0;5;LOSS;NEXT_SIGNAL;2026.03.31 15:00:00;4582.91;-2138.0;6;LOSS;REV;YES;;;;15.79;34;4563.56;4564.11;-54.5;0.0;BULL;BUY;OFF;0.82;12.97;16.83;20.26;4581.27;4545.74;4529.95;4514.16;4498.37;4482.58
2026.03.31 14:30:00;XAUUSD;PERIOD_M30;LIVE;VALID;BUY;4582.60;2026.04.01 06:30:00;4681.48;9888.0;30;WIN;NEXT_SIGNAL;2026.04.01 07:00:00;4681.47;9887.0;31;WIN;REV;YES;;;;18.31;34;4566.54;4564.04;250.3;14.0;BULL;BUY;OFF;0.84;21.80;19.68;25.19;4559.71;4600.91;4619.22;4637.53;4655.84;4674.15
2026.04.01 06:30:00;XAUUSD;PERIOD_M30;LIVE;VALID;SELL;4681.48;2026.04.01 09:00:00;4711.82;-3034.0;5;LOSS;NEXT_SIGNAL;2026.04.01 09:30:00;4712.34;-3086.0;6;LOSS;REV;YES;;;;19.94;34;4688.61;4689.07;-45.9;0.0;BULL;BUY;OFF;0.75;39.13;17.32;14.99;4706.41;4661.54;4641.60;4621.66;4601.71;4581.77
2026.04.01 09:00:00;XAUUSD;PERIOD_M30;LIVE;VALID;BUY;4711.82;2026.04.01 23:30:00;4758.74;4692.0;29;WIN;NEXT_SIGNAL;2026.04.02 01:07:42;4758.64;4682.0;30;WIN;REV;YES;;;;19.31;34;4690.82;4690.21;60.2;0.0;BULL;BUY;OFF;0.84;29.76;25.60;13.66;4687.68;4731.13;4750.44;4769.75;4789.06;4808.37
2026.04.01 23:30:00;XAUUSD;PERIOD_M30;LIVE;VALID;SELL;4758.74;2026.04.02 01:00:00;4773.29;-1455.0;1;LOSS;NEXT_SIGNAL;2026.04.02 01:30:00;4773.70;-1496.0;2;LOSS;REV;YES;;;;18.39;45;4763.36;4763.86;-49.9;0.0;BULL;BUY;OFF;0.84;24.20;16.49;25.28;4781.72;4740.35;4721.97;4703.58;4685.20;4666.81
2026.04.02 01:00:00;XAUUSD;PERIOD_M30;LIVE;VALID;BUY;4773.29;2026.04.02 04:00:00;4696.09;-7720.0;6;LOSS;NEXT_SIGNAL;2026.04.02 04:30:00;4696.19;-7710.0;7;LOSS;REV;YES;;;;17.49;39;4765.57;4765.27;29.8;0.0;BULL;BUY;OFF;0.84;21.15;22.48;21.91;4751.43;4790.78;4808.26;4825.75;4843.24;4860.73
2026.04.02 04:00:00;XAUUSD;PERIOD_M30;LIVE;VALID;SELL;4696.09;2026.04.02 16:30:00;4649.76;4633.0;25;WIN;NEXT_SIGNAL;2026.04.02 17:00:00;4650.13;4596.0;26;WIN;REV;YES;;;;23.54;39;4760.26;4767.50;-723.7;-26.6;BEAR;SELL;OFF;0.77;23.29;19.17;23.44;4725.52;4672.55;4649.01;4625.47;4601.92;4578.38
2026.04.02 16:30:00;XAUUSD;PERIOD_M30;LIVE;VALID;BUY;4649.76;2026.04.06 01:30:00;4645.90;-386.0;16;LOSS;NEXT_SIGNAL;2026.04.06 02:00:00;4645.93;-383.0;17;LOSS;REV;YES;;;;29.29;38;4619.11;4618.47;64.5;0.0;BEAR NOISE;SELL;OFF;0.96;27.10;15.81;18.88;4613.15;4679.05;4708.34;4737.62;4766.91;4796.20
2026.04.06 01:30:00;XAUUSD;PERIOD_M30;LIVE;VALID;SELL;4645.90;2026.04.06 07:00:00;4646.08;-18.0;11;LOSS;NEXT_SIGNAL;2026.04.06 07:30:00;4646.45;-55.0;12;LOSS;REV;YES;;;;22.92;39;4656.81;4658.60;-178.7;0.0;BEAR;SELL;OFF;0.87;20.74;13.73;17.33;4674.55;4622.98;4600.06;4577.14;4554.23;4531.31
2026.04.06 07:00:00;XAUUSD;PERIOD_M30;LIVE;VALID;BUY;4646.08;2026.04.06 16:00:00;4670.37;2429.0;18;WIN;NEXT_SIGNAL;2026.04.06 16:30:00;4670.42;2434.0;19;WIN;REV;YES;;;;27.89;39;4640.19;4639.43;75.7;0.0;BEAR;SELL;OFF;0.77;21.02;23.40;13.21;4611.22;4673.97;4701.86;4729.74;4757.63;4785.52
2026.04.06 16:00:00;XAUUSD;PERIOD_M30;LIVE;VALID;SELL;4670.37;2026.04.07 07:30:00;4661.04;933.0;29;WIN;NEXT_SIGNAL;2026.04.07 08:00:00;4661.55;882.0;30;WIN;REV;YES;;;;16.62;39;4677.46;4679.03;-156.8;0.0;BEAR;SELL;OFF;0.80;27.18;12.10;22.90;4691.15;4653.75;4637.12;4620.50;4603.87;4587.25
2026.04.07 07:30:00;XAUUSD;PERIOD_M30;LIVE;VALID;BUY;4661.04;2026.04.07 08:00:00;4632.55;-2849.0;1;LOSS;NEXT_SIGNAL;2026.04.07 08:30:00;4632.56;-2848.0;2;LOSS;REV;YES;;;;17.54;39;4650.19;4649.55;63.6;14.0;BEAR;SELL;OFF;0.78;27.24;22.00;9.50;4639.12;4678.58;4696.11;4713.65;4731.19;4748.73
2026.04.07 08:00:00;XAUUSD;PERIOD_M30;LIVE;VALID;SELL;4632.55;2026.04.07 11:00:00;4678.22;-4567.0;6;LOSS;NEXT_SIGNAL;2026.04.07 11:30:00;4678.85;-4630.0;7;LOSS;REV;YES;;;;18.51;39;4646.27;4647.74;-146.9;-14.0;BEAR;SELL;OFF;0.78;24.49;19.07;16.69;4655.69;4614.04;4595.53;4577.02;4558.52;4540.01
2026.04.07 11:00:00;XAUUSD;PERIOD_M30;LIVE;VALID;BUY;4678.22;2026.04.07 15:30:00;4651.02;-2720.0;9;LOSS;NEXT_SIGNAL;2026.04.07 16:00:00;4651.22;-2700.0;10;LOSS;REV;YES;;;;20.06;34;4652.69;4648.56;412.6;14.0;BEAR NOISE;SELL;OFF;0.82;19.93;26.61;12.71;4653.14;4698.28;4718.34;4738.40;4758.47;4778.53
2026.04.07 15:30:00;XAUUSD;PERIOD_M30;LIVE;VALID;SELL;4651.02;2026.04.07 20:00:00;4662.25;-1123.0;9;LOSS;NEXT_SIGNAL;2026.04.07 20:30:00;4662.63;-1161.0;10;LOSS;REV;YES;;;;20.04;38;4659.29;4659.54;-24.7;0.0;BEAR;SELL;OFF;0.88;15.33;18.47;20.63;4676.07;4630.98;4610.94;4590.90;4570.86;4550.82
2026.04.07 20:00:00;XAUUSD;PERIOD_M30;LIVE;VALID;BUY;4662.25;2026.04.08 11:00:00;4804.26;14201.0;28;WIN;NEXT_SIGNAL;2026.04.08 11:30:00;4804.17;14192.0;29;WIN;REV;YES;;;;22.38;35;4656.39;4656.15;23.9;0.0;BEAR;SELL;OFF;0.88;17.90;21.97;12.85;4634.28;4684.63;4707.01;4729.38;4751.76;4774.14
2026.04.08 11:00:00;XAUUSD;PERIOD_M30;LIVE;VALID;SELL;4804.26;2026.04.09 05:00:00;4726.13;7813.0;34;WIN;NEXT_SIGNAL;2026.04.09 05:30:00;4726.50;7776.0;35;WIN;REV;YES;;;;17.12;35;4813.16;4813.30;-14.1;0.0;BULL;BUY;OFF;0.93;21.27;15.97;22.30;4825.66;4787.14;4770.03;4752.91;4735.79;4718.67
2026.04.09 05:00:00;XAUUSD;PERIOD_M30;LIVE;VALID;BUY;4726.13;2026.04.09 06:30:00;4711.89;-1424.0;3;LOSS;NEXT_SIGNAL;2026.04.09 07:00:00;4711.89;-1424.0;4;LOSS;REV;YES;;;;16.44;36;4718.64;4718.62;1.9;0.0;BULL;BUY;OFF;0.87;39.23;11.20;17.18;4705.58;4742.57;4759.01;4775.46;4791.90;4808.34
2026.04.09 06:30:00;XAUUSD;PERIOD_M30;LIVE;VALID;SELL;4711.89;2026.04.09 07:00:00;4715.60;-371.0;1;LOSS;NEXT_SIGNAL;2026.04.09 07:30:02;4715.98;-409.0;2;LOSS;REV;YES;;;;14.66;38;4716.13;4716.19;-5.7;0.0;BULL;BUY;OFF;0.84;34.77;9.98;20.64;4730.22;4697.23;4682.57;4667.90;4653.24;4638.58
2026.04.09 07:00:00;XAUUSD;PERIOD_M30;LIVE;VALID;BUY;4715.60;2026.04.09 10:00:00;4710.43;-517.0;6;LOSS;NEXT_SIGNAL;2026.04.09 10:30:00;4710.42;-518.0;7;LOSS;REV;YES;;;;14.91;39;4716.01;4715.90;11.9;0.0;BULL;BUY;OFF;0.87;30.53;16.86;17.89;4696.97;4730.51;4745.41;4760.32;4775.22;4790.13
2026.04.09 10:00:00;XAUUSD;PERIOD_M30;LIVE;VALID;SELL;4710.43;2026.04.09 10:30:00;4725.16;-1473.0;1;LOSS;NEXT_SIGNAL;2026.04.09 11:00:00;4725.47;-1504.0;2;LOSS;REV;YES;;;;15.90;35;4715.53;4716.13;-60.7;0.0;BULL;BUY;OFF;0.81;21.49;13.15;17.01;4730.30;4694.53;4678.63;4662.73;4646.84;4630.94
2026.04.09 10:30:00;XAUUSD;PERIOD_M30;LIVE;VALID;BUY;4725.16;2026.04.09 23:00:00;4770.28;4512.0;25;WIN;NEXT_SIGNAL;2026.04.09 23:30:01;4770.25;4509.0;26;WIN;REV;YES;;;;16.42;35;4717.67;4717.03;64.2;14.0;BULL;BUY;OFF;0.83;19.99;12.02;14.74;4704.63;4741.58;4758.01;4774.43;4790.85;4807.27
2026.04.09 23:00:00;XAUUSD;PERIOD_M30;LIVE;VALID;SELL;4770.28;2026.04.10 08:00:00;4761.79;849.0;16;WIN;NEXT_SIGNAL;2026.04.10 08:30:00;4762.08;820.0;17;WIN;REV;YES;;;;15.63;43;4775.38;4775.90;-51.8;0.0;BULL;BUY;OFF;0.89;28.89;15.32;18.65;4789.81;4754.65;4739.03;4723.40;4707.77;4692.15
2026.04.10 08:00:00;XAUUSD;PERIOD_M30;LIVE;VALID;BUY;4761.79;2026.04.10 09:30:00;4745.90;-1589.0;3;LOSS;NEXT_SIGNAL;2026.04.10 10:00:00;4745.89;-1590.0;4;LOSS;REV;YES;;;;10.61;39;4760.56;4760.42;13.2;0.0;BULL;BUY;OFF;0.87;15.79;21.71;23.22;4748.53;4772.40;4783.01;4793.62;4804.23;4814.84
2026.04.10 09:30:00;XAUUSD;PERIOD_M30;LIVE;VALID;SELL;4745.90;2026.04.10 14:00:00;4762.40;-1650.0;9;LOSS;NEXT_SIGNAL;2026.04.10 14:30:00;4762.81;-1691.0;10;LOSS;REV;YES;;;;11.76;35;4756.84;4758.43;-158.5;0.0;BULL NOISE;BUY;OFF;0.82;15.37;20.04;30.82;4760.59;4734.14;4722.39;4710.63;4698.88;4687.12
2026.04.10 14:00:00;XAUUSD;PERIOD_M30;LIVE;VALID;BUY;4762.40;2026.04.10 19:30:00;4761.96;-44.0;11;LOSS;NEXT_SIGNAL;2026.04.10 20:00:00;4761.93;-47.0;12;LOSS;REV;YES;;;;12.01;39;4755.38;4754.39;99.2;14.0;BULL;BUY;OFF;0.86;16.79;17.71;15.51;4747.39;4774.41;4786.41;4798.42;4810.43;4822.44
2026.04.10 19:30:00;XAUUSD;PERIOD_M30;LIVE;VALID;SELL;4761.96;2026.04.13 06:00:00;4718.98;4298.0;19;WIN;NEXT_SIGNAL;2026.04.13 06:30:00;4719.52;4244.0;20;WIN;REV;YES;;;;16.14;35;4766.74;4767.03;-29.7;0.0;BULL;BUY;OFF;0.73;27.07;13.96;15.67;4782.14;4745.82;4729.68;4713.54;4697.40;4681.26
2026.04.13 06:00:00;XAUUSD;PERIOD_M30;LIVE;VALID;BUY;4718.98;2026.04.13 12:30:00;4715.33;-365.0;13;LOSS;NEXT_SIGNAL;2026.04.13 13:00:00;4715.26;-372.0;14;LOSS;REV;YES;;;;21.98;39;4711.55;4709.17;237.6;0.0;BEAR;SELL;OFF;0.84;31.68;20.90;13.90;4691.51;4740.96;4762.94;4784.91;4806.89;4828.87
2026.04.13 12:30:00;XAUUSD;PERIOD_M30;LIVE;VALID;SELL;4715.33;2026.04.13 16:00:00;4734.82;-1949.0;7;LOSS;NEXT_SIGNAL;2026.04.13 16:30:00;4735.29;-1996.0;8;LOSS;REV;YES;;;;11.35;34;4722.36;4723.21;-84.5;0.0;BEAR;SELL;OFF;0.92;23.49;11.81;22.28;4729.52;4703.98;4692.63;4681.28;4669.93;4658.58
2026.04.13 16:00:00;XAUUSD;PERIOD_M30;LIVE;VALID;BUY;4734.82;2026.04.13 17:00:00;4714.17;-2065.0;2;LOSS;NEXT_SIGNAL;2026.04.13 17:30:00;4714.14;-2068.0;3;LOSS;REV;YES;;;;13.55;35;4722.22;4722.05;17.3;0.0;BEAR NOISE;SELL;OFF;0.84;19.81;23.44;16.34;4717.89;4748.37;4761.91;4775.46;4789.00;4802.55
2026.04.13 17:00:00;XAUUSD;PERIOD_M30;LIVE;VALID;SELL;4714.17;2026.04.13 19:30:00;4734.62;-2045.0;5;LOSS;NEXT_SIGNAL;2026.04.13 20:00:00;4734.99;-2082.0;6;LOSS;REV;YES;;;;14.91;35;4721.87;4721.96;-8.4;-14.0;BEAR;SELL;OFF;0.88;18.46;21.09;19.47;4732.81;4699.26;4684.35;4669.44;4654.52;4639.61
2026.04.13 19:30:00;XAUUSD;PERIOD_M30;LIVE;VALID;BUY;4734.62;2026.04.15 05:30:00;4824.00;8938.0;49;WIN;NEXT_SIGNAL;2026.04.15 06:00:00;4823.99;8937.0;50;WIN;REV;YES;;;;17.18;34;4722.90;4721.02;187.9;14.0;BEAR;SELL;OFF;0.89;17.63;26.93;13.77;4713.14;4751.80;4768.99;4786.17;4803.36;4820.54
2026.04.15 05:30:00;XAUUSD;PERIOD_M30;LIVE;VALID;SELL;4824.00;2026.04.15 16:00:00;4818.84;516.0;21;WIN;NEXT_SIGNAL;2026.04.15 16:30:00;4818.94;506.0;22;WIN;REV;YES;;;;12.73;34;4835.36;4836.81;-145.6;0.0;BEAR;SELL;OFF;0.89;38.27;15.35;23.10;4839.91;4811.27;4798.54;4785.82;4773.09;4760.36
2026.04.15 16:00:00;XAUUSD;PERIOD_M30;LIVE;VALID;BUY;4818.84;2026.04.15 18:30:00;4802.09;-1675.0;5;LOSS;NEXT_SIGNAL;2026.04.15 19:00:00;4802.05;-1679.0;6;LOSS;REV;YES;;;;12.98;35;4811.37;4809.96;141.3;14.0;BEAR;SELL;OFF;0.91;29.20;18.31;8.94;4802.61;4831.82;4844.80;4857.78;4870.77;4883.75
2026.04.15 18:30:00;XAUUSD;PERIOD_M30;LIVE;VALID;SELL;4802.09;2026.04.16 02:00:00;4814.63;-1254.0;13;LOSS;NEXT_SIGNAL;2026.04.16 02:30:03;4815.01;-1292.0;14;LOSS;REV;YES;;;;14.27;35;4810.01;4810.33;-31.6;0.0;BEAR;SELL;OFF;0.92;30.30;13.55;26.88;4819.92;4787.82;4773.56;4759.29;4745.02;4730.76
2026.04.16 02:00:00;XAUUSD;PERIOD_M30;LIVE;VALID;BUY;4814.63;2026.04.16 10:30:00;4820.72;609.0;17;WIN;NEXT_SIGNAL;2026.04.16 11:00:01;4820.41;578.0;18;WIN;REV;YES;;;;9.92;39;4803.36;4802.11;125.0;0.0;BEAR NOISE;SELL;OFF;0.76;26.98;29.00;21.87;4802.24;4824.55;4834.46;4844.38;4854.29;4864.21
2026.04.16 10:30:00;XAUUSD;PERIOD_M30;LIVE;VALID;SELL;4820.72;2026.04.17 03:00:00;4794.24;2648.0;31;WIN;NEXT_SIGNAL;2026.04.17 03:30:00;4794.60;2612.0;32;WIN;REV;YES;;;;10.70;35;4824.19;4824.49;-30.4;0.0;BULL;BUY;OFF;0.87;15.48;18.10;16.62;4834.10;4810.02;4799.32;4788.62;4777.92;4767.22
2026.04.17 03:00:00;XAUUSD;PERIOD_M30;LIVE;VALID;BUY;4794.24;2026.04.17 04:00:00;4769.94;-2430.0;2;LOSS;NEXT_SIGNAL;2026.04.17 04:30:00;4770.17;-2407.0;3;LOSS;REV;YES;;;;7.64;39;4792.65;4792.52;13.3;0.0;BULL;BUY;OFF;0.79;15.49;16.24;21.06;4784.69;4801.88;4809.51;4817.15;4824.79;4832.43
2026.04.17 04:00:00;XAUUSD;PERIOD_M30;LIVE;VALID;SELL;4769.94;2026.04.17 06:30:00;4793.29;-2335.0;5;LOSS;NEXT_SIGNAL;2026.04.17 07:00:00;4793.65;-2371.0;6;LOSS;REV;YES;;;;8.31;39;4787.77;4790.26;-248.7;-14.0;BEAR NOISE;SELL;OFF;0.73;15.21;22.57;28.49;4780.33;4761.63;4753.32;4745.01;4736.70;4728.39
2026.04.17 06:30:00;XAUUSD;PERIOD_M30;LIVE;VALID;BUY;4793.29;2026.04.17 09:30:00;4785.26;-803.0;6;LOSS;NEXT_SIGNAL;2026.04.17 10:00:00;4785.32;-797.0;7;LOSS;REV;YES;;;;9.70;35;4789.87;4789.71;16.6;0.0;BEAR;SELL;OFF;0.67;9.82;18.27;17.74;4781.16;4802.99;4812.70;4822.40;4832.10;4841.81
2026.04.17 09:30:00;XAUUSD;PERIOD_M30;LIVE;VALID;SELL;4785.26;2026.04.17 12:00:00;4795.06;-980.0;5;LOSS;NEXT_SIGNAL;2026.04.17 12:30:00;4795.36;-1010.0;6;LOSS;REV;YES;;;;10.81;35;4790.82;4791.27;-44.3;-14.0;BEAR;SELL;OFF;0.80;15.79;16.89;28.91;4798.77;4774.45;4763.64;4752.83;4742.02;4731.21
2026.04.17 12:00:00;XAUUSD;PERIOD_M30;LIVE;VALID;BUY;4795.06;2026.04.17 13:00:00;4789.58;-548.0;2;LOSS;NEXT_SIGNAL;2026.04.17 13:30:00;4789.57;-549.0;3;LOSS;REV;YES;;;;9.71;35;4791.59;4791.27;31.4;0.0;BEAR;SELL;OFF;0.78;13.26;24.12;17.06;4782.92;4804.77;4814.48;4824.19;4833.90;4843.61
2026.04.17 13:00:00;XAUUSD;PERIOD_M30;LIVE;VALID;SELL;4789.58;2026.04.17 14:30:00;4799.96;-1038.0;3;LOSS;NEXT_SIGNAL;2026.04.17 15:00:00;4800.36;-1078.0;4;LOSS;REV;YES;;;;9.23;35;4790.83;4791.08;-24.4;0.0;BEAR;SELL;OFF;0.78;11.38;18.12;20.22;4801.11;4780.35;4771.13;4761.90;4752.68;4743.45
2026.04.17 14:30:00;XAUUSD;PERIOD_M30;LIVE;VALID;BUY;4799.96;2026.04.17 23:00:00;4845.48;4552.0;17;WIN;NEXT_SIGNAL;2026.04.17 23:30:00;4845.44;4548.0;18;WIN;REV;YES;;;;10.81;35;4792.80;4791.91;89.5;14.0;BEAR NOISE;SELL;OFF;0.81;13.12;27.22;19.55;4786.45;4810.77;4821.57;4832.38;4843.19;4854.00
2026.04.17 23:00:00;XAUUSD;PERIOD_M30;LIVE;VALID;SELL;4845.48;2026.04.20 08:30:00;4790.67;5481.0;17;WIN;NEXT_SIGNAL;2026.04.20 09:00:00;4790.92;5456.0;18;WIN;REV;YES;;;;13.98;45;4854.88;4857.38;-250.4;0.0;BULL;BUY;OFF;0.89;21.04;12.53;24.93;4862.96;4831.50;4817.51;4803.53;4789.54;4775.56
2026.04.20 08:30:00;XAUUSD;PERIOD_M30;LIVE;VALID;BUY;4790.67;2026.04.20 12:30:00;4791.87;120.0;8;WIN;NEXT_SIGNAL;2026.04.20 13:00:00;4792.04;137.0;9;WIN;REV;YES;;;;14.45;34;4792.22;4791.70;52.2;-14.0;BEAR;SELL;OFF;0.83;34.87;9.78;29.20;4772.61;4805.12;4819.56;4834.01;4848.45;4862.90
2026.04.20 12:30:00;XAUUSD;PERIOD_M30;LIVE;VALID;SELL;4791.87;2026.04.20 13:00:00;4798.29;-642.0;1;LOSS;NEXT_SIGNAL;2026.04.20 13:30:00;4798.61;-674.0;2;LOSS;REV;YES;;;;9.59;35;4792.76;4792.80;-3.8;0.0;BEAR;SELL;OFF;0.86;21.84;16.90;23.02;4803.86;4782.28;4772.69;4763.10;4753.51;4743.92
2026.04.20 13:00:00;XAUUSD;PERIOD_M30;LIVE;VALID;BUY;4798.29;2026.04.20 14:00:00;4788.19;-1010.0;2;LOSS;NEXT_SIGNAL;2026.04.20 14:30:00;4788.21;-1008.0;3;LOSS;REV;YES;;;;9.71;34;4793.99;4793.41;57.6;0.0;BEAR;SELL;OFF;0.86;19.14;19.31;19.95;4786.16;4808.00;4817.70;4827.41;4837.11;4846.82
2026.04.20 14:00:00;XAUUSD;PERIOD_M30;LIVE;VALID;SELL;4788.19;2026.04.20 14:30:00;4809.97;-2178.0;1;LOSS;NEXT_SIGNAL;2026.04.20 15:00:00;4810.30;-2211.0;2;LOSS;REV;YES;;;;9.89;35;4793.02;4793.02;-0.1;-14.0;BEAR;SELL;OFF;0.83;18.38;14.51;26.14;4800.56;4778.30;4768.40;4758.51;4748.62;4738.73
2026.04.20 14:30:00;XAUUSD;PERIOD_M30;LIVE;VALID;BUY;4809.97;2026.04.21 04:30:00;4810.25;28.0;26;WIN;NEXT_SIGNAL;2026.04.21 05:00:00;4810.13;16.0;27;WIN;REV;YES;;;;11.05;35;4796.78;4794.54;224.4;14.0;BEAR NOISE;SELL;OFF;0.84;16.42;21.07;22.66;4796.16;4821.02;4832.06;4843.11;4854.16;4865.20
2026.04.21 04:30:00;XAUUSD;PERIOD_M30;LIVE;VALID;SELL;4810.25;2026.04.21 14:30:00;4796.77;1348.0;20;WIN;NEXT_SIGNAL;2026.04.21 15:00:00;4797.13;1312.0;21;WIN;REV;YES;;;;8.45;34;4817.98;4818.13;-15.7;0.0;BEAR;SELL;OFF;0.87;24.29;17.04;24.61;4820.81;4801.80;4793.36;4784.91;4776.47;4768.02
2026.04.21 14:30:00;XAUUSD;PERIOD_M30;LIVE;VALID;BUY;4796.77;2026.04.21 15:30:00;4781.46;-1531.0;2;LOSS;NEXT_SIGNAL;2026.04.21 16:00:00;4781.42;-1535.0;3;LOSS;REV;YES;;;;10.79;35;4787.99;4786.61;137.7;0.0;BEAR NOISE;SELL;OFF;0.86;27.05;21.17;20.44;4783.28;4807.56;4818.36;4829.15;4839.94;4850.74
2026.04.21 15:30:00;XAUUSD;PERIOD_M30;LIVE;VALID;SELL;4781.46;2026.04.22 02:00:00;4731.29;5017.0;19;WIN;NEXT_SIGNAL;2026.04.22 02:30:01;4731.14;5032.0;20;WIN;REV;YES;;;;12.41;35;4784.58;4784.86;-28.1;-14.0;BEAR;SELL;OFF;0.87;24.47;15.90;24.88;4796.98;4769.05;4756.63;4744.22;4731.81;4719.40
2026.04.22 02:00:00;XAUUSD;PERIOD_M30;LIVE;VALID;BUY;4731.29;2026.04.22 12:00:00;4756.39;2510.0;20;WIN;NEXT_SIGNAL;2026.04.22 12:30:04;4756.40;2511.0;21;WIN;REV;YES;;;;20.67;36;4717.88;4717.42;46.2;0.0;BEAR;SELL;OFF;0.76;35.56;26.98;16.73;4705.46;4751.96;4772.62;4793.29;4813.96;4834.62
2026.04.22 12:00:00;XAUUSD;PERIOD_M30;LIVE;VALID;SELL;4756.39;2026.04.22 23:00:00;4736.72;1967.0;22;WIN;NEXT_SIGNAL;2026.04.22 23:30:00;4737.15;1924.0;23;WIN;REV;YES;;;;8.32;34;4758.84;4759.31;-46.8;0.0;BEAR;SELL;OFF;0.92;26.52;22.19;21.09;4766.79;4748.07;4739.75;4731.43;4723.11;4714.79
2026.04.22 23:00:00;XAUUSD;PERIOD_M30;LIVE;VALID;BUY;4736.72;2026.04.23 01:30:00;4725.87;-1085.0;3;LOSS;NEXT_SIGNAL;2026.04.23 02:00:00;4725.98;-1074.0;4;LOSS;REV;YES;;;;11.02;45;4738.09;4738.03;5.8;-14.0;BEAR;SELL;OFF;0.88;21.10;11.26;17.60;4722.94;4747.74;4758.76;4769.78;4780.80;4791.82
2026.04.23 01:30:00;XAUUSD;PERIOD_M30;LIVE;VALID;SELL;4725.87;2026.04.23 03:30:00;4747.82;-2195.0;4;LOSS;NEXT_SIGNAL;2026.04.23 04:00:00;4748.02;-2215.0;5;LOSS;REV;YES;;;;9.55;36;4734.74;4735.88;-114.2;-14.0;BEAR;SELL;OFF;0.87;19.51;12.73;21.03;4737.81;4716.32;4706.77;4697.22;4687.67;4678.12
2026.04.23 03:30:00;XAUUSD;PERIOD_M30;LIVE;VALID;BUY;4747.82;2026.04.23 04:30:00;4723.17;-2465.0;2;LOSS;NEXT_SIGNAL;2026.04.23 05:00:00;4723.15;-2467.0;3;LOSS;REV;YES;;;;11.87;36;4737.17;4735.74;143.2;14.0;BEAR NOISE;SELL;OFF;0.85;24.23;19.15;21.90;4732.98;4759.69;4771.57;4783.44;4795.32;4807.19
2026.04.23 04:30:00;XAUUSD;PERIOD_M30;LIVE;VALID;SELL;4723.17;2026.04.23 11:00:00;4715.17;800.0;13;WIN;NEXT_SIGNAL;2026.04.23 11:30:00;4716.32;685.0;14;WIN;REV;YES;;;;13.39;36;4732.50;4733.96;-146.7;0.0;BEAR;SELL;OFF;0.86;25.25;14.39;27.91;4739.91;4709.78;4696.39;4683.00;4669.60;4656.21
2026.04.23 11:00:00;XAUUSD;PERIOD_M30;LIVE;BLOCKED;BUY;4715.17;2026.04.23 11:30:00;4703.15;-1202.0;1;LOSS;NEXT_SIGNAL;;;;;;;NO;MARKET;SPREAD;;12.48;51;4712.76;4712.67;9.3;0.0;BEAR;SELL;OFF;0.66;28.06;17.91;16.68;4699.57;4727.65;4740.12;4752.60;4765.08;4777.56
2026.04.23 11:30:00;XAUUSD;PERIOD_M30;LIVE;VALID;SELL;4703.15;2026.04.23 15:00:00;4733.42;-3027.0;7;LOSS;NEXT_SIGNAL;2026.04.23 15:30:00;4733.71;-3056.0;8;LOSS;REV;YES;;;;12.49;34;4710.62;4711.37;-74.4;-14.0;BEAR;SELL;OFF;0.69;27.85;15.52;26.70;4718.76;4690.66;4678.17;4665.68;4653.20;4640.71
2026.04.23 15:00:00;XAUUSD;PERIOD_M30;LIVE;VALID;BUY;4733.42;2026.04.23 20:30:00;4710.82;-2260.0;11;LOSS;NEXT_SIGNAL;2026.04.23 21:00:00;4710.71;-2271.0;12;LOSS;REV;YES;;;;14.11;34;4711.13;4707.79;334.6;26.6;BEAR NOISE;SELL;OFF;0.78;30.55;34.70;18.71;4715.78;4747.53;4761.65;4775.76;4789.87;4803.99
2026.04.23 20:30:00;XAUUSD;PERIOD_M30;LIVE;VALID;SELL;4710.82;2026.04.24 10:30:00;4694.22;1660.0;26;WIN;NEXT_SIGNAL;2026.04.24 11:00:00;4694.39;1643.0;27;WIN;REV;YES;;;;18.68;34;4719.96;4721.14;-117.9;-14.0;BEAR;SELL;OFF;0.90;17.34;19.29;30.21;4734.17;4692.14;4673.46;4654.78;4636.10;4617.42
2026.04.24 10:30:00;XAUUSD;PERIOD_M30;LIVE;VALID;BUY;4694.22;2026.04.24 23:00:00;4707.78;1356.0;25;WIN;NEXT_SIGNAL;2026.04.24 23:30:00;4707.82;1360.0;26;WIN;REV;YES;;;;13.41;35;4681.82;4681.75;7.6;0.0;BEAR NOISE;SELL;OFF;0.78;21.21;29.64;18.61;4677.45;4707.63;4721.05;4734.46;4747.88;4761.29
2026.04.24 23:00:00;XAUUSD;PERIOD_M30;LIVE;VALID;SELL;4707.78;2026.04.27 05:30:00;4718.62;-1084.0;11;LOSS;NEXT_SIGNAL;2026.04.27 06:00:00;4718.95;-1117.0;12;LOSS;REV;YES;;;;12.46;43;4717.23;4718.87;-163.6;0.0;BEAR;SELL;OFF;0.91;17.17;10.42;24.86;4723.36;4695.32;4682.86;4670.39;4657.93;4645.47
2026.04.27 05:30:00;XAUUSD;PERIOD_M30;LIVE;VALID;BUY;4718.62;2026.04.27 11:30:00;4706.93;-1169.0;12;LOSS;NEXT_SIGNAL;2026.04.27 12:00:00;4707.11;-1151.0;13;LOSS;REV;YES;;;;12.49;34;4702.52;4700.79;172.5;0.0;BEAR NOISE;SELL;OFF;0.93;28.72;25.09;14.56;4703.00;4731.11;4743.61;4756.10;4768.59;4781.08
2026.04.27 11:30:00;XAUUSD;PERIOD_M30;LIVE;VALID;SELL;4706.93;2026.04.28 01:00:00;4689.26;1767.0;25;WIN;NEXT_SIGNAL;2026.04.28 01:30:00;4689.61;1732.0;26;WIN;REV;YES;;;;8.92;35;4711.38;4712.37;-98.9;0.0;BEAR;SELL;OFF;0.91;23.12;10.54;19.94;4718.08;4698.01;4689.09;4680.18;4671.26;4662.34
2026.04.28 01:00:00;XAUUSD;PERIOD_M30;LIVE;VALID;BUY;4689.26;2026.04.28 04:30:00;4666.84;-2242.0;7;LOSS;NEXT_SIGNAL;2026.04.28 05:00:00;4666.83;-2243.0;8;LOSS;REV;YES;;;;8.63;36;4683.20;4682.52;67.6;0.0;BEAR;SELL;OFF;0.86;29.33;22.26;14.62;4678.48;4697.89;4706.52;4715.14;4723.77;4732.40
2026.04.28 04:30:00;XAUUSD;PERIOD_M30;LIVE;VALID;SELL;4666.84;2026.04.28 20:30:00;4594.69;7215.0;32;WIN;NEXT_SIGNAL;2026.04.28 21:00:00;4595.07;7177.0;33;WIN;REV;YES;;;;6.88;36;4683.90;4684.55;-65.0;-14.0;BEAR;SELL;OFF;0.87;29.77;22.78;28.62;4675.44;4659.96;4653.09;4646.21;4639.33;4632.45
2026.04.28 20:30:00;XAUUSD;PERIOD_M30;LIVE;VALID;BUY;4594.69;2026.04.29 04:00:00;4580.25;-1444.0;13;LOSS;NEXT_SIGNAL;2026.04.29 04:30:00;4580.26;-1443.0;14;LOSS;REV;YES;;;;20.39;34;4588.64;4587.09;154.6;0.0;BEAR;SELL;OFF;0.92;45.51;20.66;11.15;4569.21;4615.08;4635.46;4655.85;4676.24;4696.63
2026.04.29 04:00:00;XAUUSD;PERIOD_M30;LIVE;BLOCKED;SELL;4580.25;2026.04.29 06:00:00;4598.62;-1837.0;4;LOSS;NEXT_SIGNAL;;;;;;;NO;MARKET;SPREAD;;8.59;54;4592.93;4593.76;-82.9;-14.0;BEAR;SELL;OFF;0.94;22.21;17.95;21.56;4590.99;4571.66;4563.07;4554.48;4545.88;4537.29
2026.04.29 06:00:00;XAUUSD;PERIOD_M30;LIVE;VALID;BUY;4598.62;2026.04.29 09:00:00;4584.96;-1366.0;6;LOSS;NEXT_SIGNAL;2026.04.29 09:30:00;4584.98;-1364.0;7;LOSS;REV;YES;;;;10.33;36;4594.29;4594.26;2.5;0.0;BEAR;SELL;OFF;0.95;19.44;18.44;12.16;4585.70;4608.95;4619.29;4629.62;4639.95;4650.29
2026.04.29 09:00:00;XAUUSD;PERIOD_M30;LIVE;VALID;SELL;4584.96;2026.04.30 07:00:00;4547.23;3773.0;42;WIN;NEXT_SIGNAL;2026.04.30 01:00:00;4546.17;3879.0;30;WIN;REV;YES;;;;11.86;34;4594.22;4594.97;-74.6;0.0;BEAR;SELL;OFF;0.94;21.78;16.85;23.62;4599.79;4573.10;4561.23;4549.37;4537.50;4525.64
2026.04.30 07:00:00;XAUUSD;PERIOD_M30;LIVE;VALID;SELL;4547.23;2026.04.30 09:30:00;4589.53;-4230.0;5;LOSS;NEXT_SIGNAL;2026.04.30 10:00:00;4589.86;-4263.0;6;LOSS;REV;NO;POSITION_ACTIVE;;;10.00;36;4560.16;4560.20;-3.6;0.0;BEAR;SELL;OFF;0.87;39.25;15.70;30.73;4559.72;4537.23;4527.24;4517.24;4507.25;4497.25
2026.04.30 09:30:00;XAUUSD;PERIOD_M30;LIVE;VALID;BUY;4589.53;2026.04.30 18:00:00;4622.87;3334.0;17;WIN;NEXT_SIGNAL;2026.04.30 18:30:00;4622.91;3338.0;18;WIN;REV;YES;;;;12.59;35;4566.65;4563.69;296.6;14.0;BEAR NOISE;SELL;OFF;0.83;28.23;33.15;19.39;4573.79;4602.12;4614.72;4627.31;4639.91;4652.50
2026.04.30 18:00:00;XAUUSD;PERIOD_M30;LIVE;VALID;SELL;4622.87;2026.05.01 01:00:00;4631.23;-836.0;12;LOSS;NEXT_SIGNAL;2026.05.01 01:30:00;4631.67;-880.0;13;LOSS;REV;YES;;;;13.77;35;4623.72;4624.56;-84.3;0.0;BULL;BUY;OFF;0.85;26.34;14.70;14.67;4640.08;4609.10;4595.33;4581.56;4567.80;4554.03
2026.05.01 01:00:00;XAUUSD;PERIOD_M30;LIVE;VALID;BUY;4631.23;2026.05.01 04:30:00;4620.85;-1038.0;7;LOSS;NEXT_SIGNAL;2026.05.01 05:00:00;4620.73;-1050.0;8;LOSS;REV;YES;;;;9.92;36;4621.43;4619.62;181.2;14.0;BULL;BUY;OFF;0.80;22.77;24.32;7.35;4618.83;4641.15;4651.06;4660.98;4670.90;4680.81
2026.05.01 04:30:00;XAUUSD;PERIOD_M30;LIVE;VALID;SELL;4620.85;2026.05.01 05:00:00;4629.42;-857.0;1;LOSS;NEXT_SIGNAL;2026.05.01 05:30:00;4629.78;-893.0;2;LOSS;REV;YES;;;;7.53;34;4621.85;4621.87;-1.2;0.0;BULL;BUY;OFF;0.86;27.44;11.83;20.54;4630.26;4613.32;4605.79;4598.26;4590.73;4583.20
2026.05.01 05:00:00;XAUUSD;PERIOD_M30;LIVE;VALID;BUY;4629.42;2026.05.01 05:30:00;4619.03;-1039.0;1;LOSS;NEXT_SIGNAL;2026.05.01 06:00:00;4618.91;-1051.0;2;LOSS;REV;YES;;;;8.09;34;4623.54;4622.75;79.0;0.0;BULL;BUY;OFF;0.87;25.04;21.53;17.80;4619.31;4637.51;4645.60;4653.69;4661.79;4669.88
2026.05.01 05:30:00;XAUUSD;PERIOD_M30;LIVE;VALID;SELL;4619.03;2026.05.01 06:00:00;4626.17;-714.0;1;LOSS;NEXT_SIGNAL;2026.05.01 06:30:00;4626.71;-768.0;2;LOSS;REV;YES;;;;8.72;34;4622.53;4622.61;-7.0;-14.0;BULL;BUY;OFF;0.89;21.81;18.66;18.36;4629.93;4610.31;4601.58;4592.86;4584.14;4575.42
2026.05.01 06:00:00;XAUUSD;PERIOD_M30;LIVE;VALID;BUY;4626.17;2026.05.01 07:00:00;4617.54;-863.0;2;LOSS;NEXT_SIGNAL;2026.05.01 07:30:00;4617.55;-862.0;3;LOSS;REV;YES;;;;8.62;36;4623.34;4623.13;21.6;14.0;BULL;BUY;OFF;0.89;19.01;16.17;15.91;4615.40;4634.79;4643.40;4652.02;4660.64;4669.26
2026.05.01 07:00:00;XAUUSD;PERIOD_M30;LIVE;VALID;SELL;4617.54;2026.05.01 15:30:00;4591.07;2647.0;17;WIN;NEXT_SIGNAL;2026.05.01 16:00:00;4591.43;2611.0;18;WIN;REV;YES;;;;8.97;36;4622.62;4623.13;-50.6;0.0;BULL;BUY;OFF;0.90;17.52;21.26;21.27;4628.76;4608.56;4599.59;4590.61;4581.64;4572.66
2026.05.01 15:30:00;XAUUSD;PERIOD_M30;LIVE;VALID;BUY;4591.07;2026.05.01 22:30:00;4610.77;1970.0;14;WIN;NEXT_SIGNAL;2026.05.01 23:00:00;4610.64;1957.0;15;WIN;REV;YES;;;;13.24;34;4583.34;4582.34;99.7;0.0;BEAR;SELL;OFF;0.86;41.26;17.90;16.87;4574.53;4604.31;4617.54;4630.78;4644.01;4657.25
2026.05.01 22:30:00;XAUUSD;PERIOD_M30;LIVE;VALID;SELL;4610.77;2026.05.05 03:30:00;4529.97;8080.0;54;WIN;NEXT_SIGNAL;2026.05.05 04:00:00;4530.40;8037.0;55;WIN;REV;YES;;;;16.66;35;4623.05;4623.58;-53.4;0.0;BULL;BUY;OFF;0.97;28.86;12.63;28.56;4631.59;4594.11;4577.45;4560.80;4544.14;4527.48
2026.05.05 03:30:00;XAUUSD;PERIOD_M30;LIVE;VALID;BUY;4529.97;2026.05.05 20:00:00;4558.66;2869.0;33;WIN;NEXT_SIGNAL;2026.05.05 20:30:00;4558.59;2862.0;34;WIN;REV;YES;;;;10.18;45;4521.73;4520.59;114.2;14.0;BEAR;SELL;OFF;0.87;16.99;17.05;10.44;4517.24;4540.15;4550.33;4560.52;4570.70;4580.88
2026.05.05 20:00:00;XAUUSD;PERIOD_M30;LIVE;VALID;SELL;4558.66;2026.05.06 02:00:00;4582.08;-2342.0;10;LOSS;NEXT_SIGNAL;2026.05.06 02:30:00;4582.46;-2380.0;11;LOSS;REV;YES;;;;13.54;35;4566.02;4566.98;-96.2;0.0;BEAR;SELL;OFF;0.76;32.02;8.26;22.71;4575.58;4545.12;4531.59;4518.05;4504.52;4490.98
2026.05.06 02:00:00;XAUUSD;PERIOD_M30;LIVE;VALID;BUY;4582.08;2026.05.06 18:30:00;4688.16;10608.0;33;WIN;NEXT_SIGNAL;2026.05.06 19:00:07;4688.04;10596.0;34;WIN;REV;YES;;;;11.15;35;4565.14;4563.67;147.2;14.0;BEAR NOISE;SELL;OFF;0.90;31.64;20.11;17.44;4568.15;4593.23;4604.37;4615.52;4626.67;4637.81
2026.05.06 18:30:00;XAUUSD;PERIOD_M30;LIVE;VALID;SELL;4688.16;2026.05.06 23:00:00;4692.28;-412.0;9;LOSS;NEXT_SIGNAL;2026.05.06 23:30:08;4692.88;-472.0;10;LOSS;REV;YES;;;;17.68;35;4694.91;4695.32;-40.7;-14.0;BULL;BUY;OFF;0.67;33.78;16.71;23.93;4710.25;4670.48;4652.81;4635.13;4617.46;4599.78
2026.05.06 23:00:00;XAUUSD;PERIOD_M30;LIVE;VALID;BUY;4692.28;2026.05.07 08:00:00;4695.84;356.0;16;WIN;NEXT_SIGNAL;2026.05.07 08:30:05;4695.65;337.0;17;WIN;REV;YES;;;;11.30;45;4691.18;4691.00;17.9;0.0;BULL;BUY;OFF;0.86;23.14;18.21;13.41;4678.16;4703.58;4714.88;4726.17;4737.47;4748.77
2026.05.07 08:00:00;XAUUSD;PERIOD_M30;LIVE;VALID;SELL;4695.84;2026.05.07 09:00:00;4717.33;-2149.0;2;LOSS;NEXT_SIGNAL;2026.05.07 09:30:06;4717.65;-2181.0;3;LOSS;REV;YES;;;;10.55;35;4698.72;4698.98;-25.1;0.0;BULL;BUY;OFF;0.98;25.31;11.81;27.07;4709.02;4685.29;4674.74;4664.20;4653.65;4643.10
2026.05.07 09:00:00;XAUUSD;PERIOD_M30;LIVE;VALID;BUY;4717.33;2026.05.07 19:00:00;4719.96;263.0;20;WIN;NEXT_SIGNAL;2026.05.07 19:30:00;4720.03;270.0;21;WIN;REV;YES;;;;11.61;34;4703.25;4701.16;208.4;26.6;BULL;BUY;OFF;0.99;21.93;23.18;20.33;4702.82;4728.94;4740.55;4752.16;4763.77;4775.38
2026.05.07 19:00:00;XAUUSD;PERIOD_M30;LIVE;VALID;SELL;4719.96;2026.05.08 04:30:00;4722.77;-281.0;17;LOSS;NEXT_SIGNAL;2026.05.08 05:00:00;4723.12;-316.0;18;LOSS;REV;YES;;;;16.75;34;4737.76;4740.15;-239.0;-14.0;BULL NOISE;BUY;OFF;0.89;28.84;13.80;25.67;4740.90;4703.21;4686.46;4669.71;4652.96;4636.21
2026.05.08 04:30:00;XAUUSD;PERIOD_M30;LIVE;VALID;BUY;4722.77;2026.05.08 11:00:00;4716.85;-592.0;13;LOSS;NEXT_SIGNAL;2026.05.08 11:30:00;4716.93;-584.0;14;LOSS;REV;YES;;;;16.01;34;4707.16;4704.33;283.4;0.0;BULL;BUY;OFF;0.85;32.25;22.72;8.82;4702.76;4738.78;4754.79;4770.80;4786.81;4802.82
2026.05.08 11:00:00;XAUUSD;PERIOD_M30;LIVE;VALID;SELL;4716.85;2026.05.08 14:00:00;4724.01;-716.0;6;LOSS;NEXT_SIGNAL;2026.05.08 14:30:00;4724.33;-748.0;7;LOSS;REV;YES;;;;15.04;35;4716.52;4716.85;-32.4;0.0;BULL;BUY;OFF;0.90;18.55;21.70;18.04;4735.65;4701.81;4686.77;4671.74;4656.70;4641.66
2026.05.08 14:00:00;XAUUSD;PERIOD_M30;LIVE;VALID;BUY;4724.01;2026.05.08 15:00:00;4710.34;-1367.0;2;LOSS;NEXT_SIGNAL;2026.05.08 15:30:00;4710.25;-1376.0;3;LOSS;REV;YES;;;;13.38;34;4718.84;4718.32;51.8;0.0;BULL;BUY;OFF;0.91;13.80;17.45;13.49;4707.28;4737.39;4750.78;4764.16;4777.55;4790.93
2026.05.08 15:00:00;XAUUSD;PERIOD_M30;LIVE;VALID;SELL;4710.34;2026.05.08 15:30:00;4724.33;-1399.0;1;LOSS;NEXT_SIGNAL;2026.05.08 16:00:00;4724.69;-1435.0;2;LOSS;REV;YES;;;;14.04;43;4716.74;4717.46;-71.9;0.0;BULL;BUY;OFF;0.92;14.96;13.11;23.54;4727.88;4696.31;4682.27;4668.23;4654.20;4640.16
2026.05.08 15:30:00;XAUUSD;PERIOD_M30;LIVE;VALID;BUY;4724.33;2026.05.08 18:30:00;4706.95;-1738.0;6;LOSS;NEXT_SIGNAL;2026.05.08 19:00:00;4707.13;-1720.0;7;LOSS;REV;YES;;;;15.23;35;4718.43;4718.08;34.6;0.0;BULL;BUY;OFF;0.94;14.16;17.05;20.40;4705.29;4739.56;4754.80;4770.03;4785.27;4800.50
2026.05.08 18:30:00;XAUUSD;PERIOD_M30;LIVE;VALID;SELL;4706.95;2026.05.08 21:00:00;4725.63;-1868.0;5;LOSS;NEXT_SIGNAL;2026.05.08 21:30:00;4725.69;-1874.0;6;LOSS;REV;YES;;;;15.57;34;4717.65;4719.24;-158.3;0.0;BULL NOISE;BUY;OFF;0.96;15.95;14.02;24.12;4726.42;4691.38;4675.80;4660.23;4644.66;4629.09
2026.05.08 21:00:00;XAUUSD;PERIOD_M30;LIVE;VALID;BUY;4725.63;2026.05.11 15:00:00;4690.61;-3502.0;34;LOSS;NEXT_SIGNAL;2026.05.11 01:00:02;4682.82;-4281.0;6;LOSS;REV;YES;;;;14.77;34;4719.80;4719.66;14.2;0.0;BULL;BUY;OFF;0.88;15.90;24.82;11.79;4707.17;4740.40;4755.16;4769.93;4784.69;4799.46
2026.05.11 15:00:00;XAUUSD;PERIOD_M30;LIVE;VALID;BUY;4690.61;2026.05.12 05:00:00;4727.04;3643.0;26;WIN;NEXT_SIGNAL;2026.05.12 05:30:00;4727.03;3642.0;27;WIN;REV;NO;POSITION_ACTIVE;;;14.24;35;4672.99;4669.84;315.7;14.0;BULL;BUY;OFF;0.87;33.98;28.23;13.26;4672.81;4704.85;4719.09;4733.33;4747.56;4761.80
2026.05.12 05:00:00;XAUUSD;PERIOD_M30;LIVE;VALID;SELL;4727.04;2026.05.12 21:30:00;4695.89;3115.0;33;WIN;NEXT_SIGNAL;2026.05.12 22:00:00;4696.36;3068.0;34;WIN;REV;YES;;;;12.42;36;4738.64;4739.49;-85.6;0.0;BULL NOISE;BUY;OFF;0.78;36.56;19.52;20.66;4742.57;4714.62;4702.20;4689.77;4677.35;4664.93
2026.05.12 21:30:00;XAUUSD;PERIOD_M30;LIVE;VALID;BUY;4695.89;2026.05.13 05:00:00;4700.14;425.0;13;WIN;NEXT_SIGNAL;2026.05.13 05:30:00;4700.33;444.0;14;WIN;REV;YES;;;;17.22;34;4682.14;4681.61;52.5;14.0;BULL;BUY;OFF;0.86;30.04;29.40;10.75;4674.36;4713.11;4730.33;4747.55;4764.77;4781.99
2026.05.13 05:00:00;XAUUSD;PERIOD_M30;LIVE;VALID;SELL;4700.14;2026.05.13 10:30:00;4702.83;-269.0;11;LOSS;NEXT_SIGNAL;2026.05.13 11:00:00;4703.15;-301.0;12;LOSS;REV;YES;;;;9.65;34;4707.76;4707.93;-17.7;0.0;BULL;BUY;OFF;0.82;44.48;16.48;17.12;4712.20;4690.49;4680.84;4671.19;4661.54;4651.89
2026.05.13 10:30:00;XAUUSD;PERIOD_M30;LIVE;VALID;BUY;4702.83;2026.05.13 11:00:00;4697.06;-577.0;1;LOSS;NEXT_SIGNAL;2026.05.13 11:30:00;4697.10;-573.0;2;LOSS;REV;YES;;;;10.65;34;4703.48;4703.43;5.2;0.0;BULL;BUY;OFF;0.79;18.20;15.44;14.04;4689.52;4713.48;4724.12;4734.77;4745.42;4756.07
2026.05.13 11:00:00;XAUUSD;PERIOD_M30;LIVE;VALID;SELL;4697.06;2026.05.13 19:00:00;4706.72;-966.0;16;LOSS;NEXT_SIGNAL;2026.05.13 19:30:00;4707.23;-1017.0;17;LOSS;REV;YES;;;;10.33;35;4702.06;4702.55;-49.4;0.0;BULL;BUY;OFF;0.80;18.85;13.38;21.40;4709.97;4686.73;4676.40;4666.07;4655.74;4645.41
2026.05.13 19:00:00;XAUUSD;PERIOD_M30;LIVE;BLOCKED;BUY;4706.72;2026.05.13 21:30:00;4684.87;-2185.0;5;LOSS;NEXT_SIGNAL;;;;;;;NO;MARKET;SPREAD;;12.73;47;4693.03;4691.90;113.7;14.0;BULL;BUY;OFF;0.82;20.81;29.79;16.87;4690.80;4719.45;4732.19;4744.92;4757.66;4770.39
2026.05.13 21:30:00;XAUUSD;PERIOD_M30;LIVE;VALID;SELL;4684.87;2026.05.14 01:00:00;4697.05;-1218.0;5;LOSS;NEXT_SIGNAL;2026.05.14 01:30:00;4697.25;-1238.0;6;LOSS;REV;YES;;;;13.22;34;4690.78;4690.94;-15.9;0.0;BULL;BUY;OFF;0.81;18.76;14.56;22.52;4701.39;4671.65;4658.43;4645.22;4632.00;4618.78
2026.05.14 01:00:00;XAUUSD;PERIOD_M30;LIVE;VALID;BUY;4697.05;2026.05.14 05:30:00;4686.24;-1081.0;9;LOSS;NEXT_SIGNAL;2026.05.14 06:00:00;4686.41;-1064.0;10;LOSS;REV;YES;;;;10.32;36;4691.31;4690.76;55.2;0.0;BULL;BUY;OFF;0.86;17.68;19.45;11.01;4684.15;4707.37;4717.69;4728.01;4738.34;4748.66
2026.05.14 05:30:00;XAUUSD;PERIOD_M30;LIVE;VALID;SELL;4686.24;2026.05.14 07:30:00;4702.44;-1620.0;4;LOSS;NEXT_SIGNAL;2026.05.14 08:00:00;4702.77;-1653.0;5;LOSS;REV;YES;;;;9.97;36;4692.82;4693.71;-89.2;0.0;BULL NOISE;BUY;OFF;0.82;17.42;13.58;16.08;4698.70;4676.27;4666.31;4656.34;4646.37;4636.40
2026.05.14 07:30:00;XAUUSD;PERIOD_M30;LIVE;VALID;BUY;4702.44;2026.05.14 08:30:00;4689.46;-1298.0;2;LOSS;NEXT_SIGNAL;2026.05.14 09:00:00;4688.50;-1394.0;3;LOSS;REV;YES;;;;13.84;36;4694.04;4693.71;33.2;0.0;BULL;BUY;OFF;0.86;15.88;18.56;13.32;4685.15;4716.27;4730.11;4743.94;4757.78;4771.62
2026.05.14 08:30:00;XAUUSD;PERIOD_M30;LIVE;BLOCKED;SELL;4689.46;2026.05.14 09:30:00;4700.12;-1066.0;2;LOSS;NEXT_SIGNAL;;;;;;;NO;MARKET;SPREAD;;14.65;51;4692.94;4693.41;-46.5;0.0;BULL;BUY;OFF;0.89;16.79;13.94;22.72;4707.78;4674.81;4660.16;4645.50;4630.85;4616.20
2026.05.14 09:30:00;XAUUSD;PERIOD_M30;LIVE;VALID;BUY;4700.12;2026.05.14 14:00:00;4691.88;-824.0;9;LOSS;NEXT_SIGNAL;2026.05.14 14:30:00;4692.16;-796.0;10;LOSS;REV;YES;;;;15.42;34;4694.25;4693.83;41.5;0.0;BULL;BUY;OFF;0.88;17.10;19.17;21.02;4680.84;4715.54;4730.97;4746.39;4761.81;4777.23
2026.05.14 14:00:00;XAUUSD;PERIOD_M30;LIVE;VALID;SELL;4691.88;2026.05.14 15:00:00;4703.11;-1123.0;2;LOSS;NEXT_SIGNAL;2026.05.14 15:30:00;4703.55;-1167.0;3;LOSS;REV;YES;;;;12.36;35;4695.53;4695.54;-1.1;0.0;BULL;BUY;OFF;0.88;15.09;15.00;15.67;4707.33;4679.52;4667.15;4654.79;4642.43;4630.06
2026.05.14 15:00:00;XAUUSD;PERIOD_M30;LIVE;VALID;BUY;4703.11;2026.05.14 16:00:00;4688.15;-1496.0;2;LOSS;NEXT_SIGNAL;2026.05.14 16:30:00;4687.74;-1537.0;3;LOSS;REV;YES;;;;12.87;45;4697.01;4696.37;64.1;0.0;BULL;BUY;OFF;0.82;16.18;18.59;11.77;4687.03;4715.98;4728.84;4741.71;4754.57;4767.44
2026.05.14 16:00:00;XAUUSD;PERIOD_M30;LIVE;VALID;SELL;4688.15;2026.05.15 20:30:00;4559.45;12870.0;55;WIN;NEXT_SIGNAL;2026.05.15 21:00:00;4559.80;12835.0;56;WIN;REV;YES;;;;13.65;35;4696.40;4696.56;-16.5;0.0;BULL;BUY;OFF;0.83;16.35;16.12;14.23;4705.21;4674.50;4660.86;4647.21;4633.56;4619.92
2026.05.15 20:30:00;XAUUSD;PERIOD_M30;LIVE;VALID;BUY;4559.45;2026.05.15 23:00:00;4538.97;-2048.0;5;LOSS;NEXT_SIGNAL;2026.05.15 23:30:00;4539.04;-2041.0;6;LOSS;REV;YES;;;;18.14;34;4551.46;4550.57;88.8;0.0;BEAR;SELL;OFF;0.86;36.79;20.54;18.20;4536.77;4577.59;4595.73;4613.87;4632.01;4650.15
2026.05.15 23:00:00;XAUUSD;PERIOD_M30;LIVE;VALID;SELL;4538.97;2026.05.18 07:00:00;4532.61;636.0;14;WIN;NEXT_SIGNAL;2026.05.18 07:30:00;4532.95;602.0;15;WIN;REV;YES;;;;17.08;45;4548.87;4549.94;-107.3;0.0;BEAR;SELL;OFF;0.85;32.72;10.04;31.90;4560.32;4521.89;4504.80;4487.72;4470.64;4453.56
2026.05.18 07:00:00;XAUUSD;PERIOD_M30;LIVE;VALID;BUY;4532.61;2026.05.18 14:00:00;4536.24;363.0;14;WIN;NEXT_SIGNAL;2026.05.18 14:30:00;4535.79;318.0;15;WIN;REV;YES;;;;20.33;36;4532.68;4532.57;10.7;-14.0;BEAR;SELL;OFF;0.82;30.45;15.45;16.28;4507.19;4552.94;4573.28;4593.61;4613.94;4634.27
2026.05.18 14:00:00;XAUUSD;PERIOD_M30;LIVE;VALID;SELL;4536.24;2026.05.18 14:30:00;4550.56;-1432.0;1;LOSS;NEXT_SIGNAL;2026.05.18 15:00:00;4550.92;-1468.0;2;LOSS;REV;YES;;;;13.67;34;4541.26;4542.15;-88.9;0.0;BEAR;SELL;OFF;0.93;24.06;9.23;17.20;4553.33;4522.57;4508.89;4495.22;4481.55;4467.87
2026.05.18 14:30:00;XAUUSD;PERIOD_M30;LIVE;VALID;BUY;4550.56;2026.05.18 18:30:00;4543.42;-714.0;8;LOSS;NEXT_SIGNAL;2026.05.18 19:00:00;4543.44;-712.0;9;LOSS;REV;YES;;;;14.96;34;4543.33;4543.14;19.3;14.0;BEAR;SELL;OFF;0.93;22.35;18.67;14.90;4531.86;4565.52;4580.47;4595.43;4610.39;4625.35
2026.05.18 18:30:00;XAUUSD;PERIOD_M30;LIVE;VALID;SELL;4543.42;2026.05.18 23:00:00;4563.17;-1975.0;9;LOSS;NEXT_SIGNAL;2026.05.18 23:30:00;4563.64;-2022.0;10;LOSS;REV;YES;;;;16.49;35;4550.27;4551.34;-107.2;0.0;BEAR;SELL;OFF;0.91;22.84;13.73;19.44;4564.03;4526.93;4510.45;4493.96;4477.48;4460.99
2026.05.18 23:00:00;XAUUSD;PERIOD_M30;LIVE;VALID;BUY;4563.17;2026.05.19 05:30:00;4547.67;-1550.0;11;LOSS;NEXT_SIGNAL;2026.05.19 06:00:08;4547.04;-1613.0;12;LOSS;REV;YES;;;;15.93;45;4552.08;4550.72;136.5;0.0;BEAR;SELL;OFF;0.92;15.08;20.40;15.36;4543.26;4579.10;4595.03;4610.96;4626.89;4642.82
2026.05.19 05:30:00;XAUUSD;PERIOD_M30;LIVE;VALID;SELL;4547.67;2026.05.20 03:30:00;4500.88;4679.0;42;WIN;NEXT_SIGNAL;2026.05.20 04:00:00;4501.28;4639.0;43;WIN;REV;YES;;;;13.48;34;4561.06;4563.15;-209.1;0.0;BEAR;SELL;OFF;0.90;21.33;15.14;23.21;4564.52;4534.19;4520.71;4507.23;4493.75;4480.27
2026.05.20 03:30:00;XAUUSD;PERIOD_M30;LIVE;VALID;BUY;4500.88;2026.05.20 04:00:00;4473.57;-2731.0;1;LOSS;NEXT_SIGNAL;2026.05.20 04:30:00;4473.70;-2718.0;2;LOSS;REV;YES;;;;9.77;36;4492.99;4492.10;89.3;0.0;BEAR;SELL;OFF;0.96;37.80;20.19;16.33;4488.66;4510.65;4520.43;4530.20;4539.98;4549.76
2026.05.20 04:00:00;XAUUSD;PERIOD_M30;LIVE;VALID;SELL;4473.57;2026.05.20 10:30:00;4478.53;-496.0;13;LOSS;NEXT_SIGNAL;2026.05.20 11:00:00;4478.98;-541.0;14;LOSS;REV;YES;;;;11.61;36;4488.68;4490.13;-145.3;-14.0;BEAR;SELL;OFF;0.92;34.93;17.50;24.30;4488.08;4461.96;4450.35;4438.74;4427.14;4415.53
2026.05.20 10:30:00;XAUUSD;PERIOD_M30;LIVE;VALID;BUY;4478.53;2026.05.21 06:00:00;4535.80;5727.0;37;WIN;NEXT_SIGNAL;2026.05.21 06:30:00;4535.65;5712.0;38;WIN;REV;YES;;;;15.90;34;4474.89;4474.11;78.0;0.0;BEAR;SELL;OFF;0.91;19.81;18.50;15.54;4458.65;4494.43;4510.33;4526.23;4542.13;4558.03
2026.05.21 06:00:00;XAUUSD;PERIOD_M30;LIVE;VALID;SELL;4535.80;2026.05.21 19:30:00;4519.38;1642.0;27;WIN;NEXT_SIGNAL;2026.05.21 20:00:00;4519.77;1603.0;28;WIN;REV;YES;;;;11.86;36;4542.98;4544.07;-108.6;0.0;BULL;BUY;OFF;0.87;26.96;15.88;21.55;4550.63;4523.94;4512.08;4500.22;4488.36;4476.50
2026.05.21 19:30:00;XAUUSD;PERIOD_M30;LIVE;VALID;BUY;4519.38;2026.05.22 03:30:00;4526.57;719.0;14;WIN;NEXT_SIGNAL;2026.05.22 04:00:00;4526.54;716.0;15;WIN;REV;YES;;;;14.81;34;4512.84;4512.73;10.3;0.0;BULL;BUY;OFF;0.77;26.75;15.49;11.51;4500.87;4534.19;4549.00;4563.80;4578.61;4593.42
2026.05.22 03:30:00;XAUUSD;PERIOD_M30;LIVE;VALID;SELL;4526.57;2026.05.22 12:30:00;4532.15;-558.0;18;LOSS;NEXT_SIGNAL;2026.05.22 13:00:00;4532.61;-604.0;19;LOSS;REV;YES;;;;11.79;36;4535.66;4536.50;-84.0;0.0;BULL;BUY;OFF;0.88;28.15;10.03;21.52;4541.31;4514.78;4502.99;4491.20;4479.40;4467.61
2026.05.22 12:30:00;XAUUSD;PERIOD_M30;LIVE;VALID;BUY;4532.15;2026.05.22 13:30:00;4514.66;-1749.0;2;LOSS;NEXT_SIGNAL;2026.05.22 14:00:00;4514.65;-1750.0;3;LOSS;REV;YES;;;;10.75;34;4524.83;4524.63;20.1;0.0;BULL;BUY;OFF;0.91;20.56;17.13;18.12;4518.72;4542.90;4553.64;4564.39;4575.14;4585.88
2026.05.22 13:30:00;XAUUSD;PERIOD_M30;LIVE;VALID;SELL;4514.66;2026.05.22 20:00:00;4525.23;-1057.0;13;LOSS;NEXT_SIGNAL;2026.05.22 20:30:00;4525.63;-1097.0;14;LOSS;REV;YES;;;;11.69;34;4522.55;4523.57;-101.5;0.0;BULL NOISE;BUY;OFF;0.91;19.64;13.68;26.13;4529.28;4502.97;4491.28;4479.58;4467.89;4456.20
2026.05.22 20:00:00;XAUUSD;PERIOD_M30;LIVE;VALID;BUY;4525.23;2026.05.22 22:00:00;4507.05;-1818.0;4;LOSS;NEXT_SIGNAL;2026.05.22 22:30:00;4507.06;-1817.0;5;LOSS;REV;YES;;;;13.53;35;4518.48;4517.75;73.3;14.0;BULL;BUY;OFF;0.89;12.84;18.32;16.61;4508.32;4538.76;4552.28;4565.81;4579.33;4592.86
2026.05.22 22:00:00;XAUUSD;PERIOD_M30;LIVE;VALID;SELL;4507.05;2026.05.25 01:00:00;4552.17;-4512.0;4;LOSS;NEXT_SIGNAL;2026.05.25 01:30:00;4552.06;-4501.0;5;LOSS;REV;YES;;;;12.23;34;4514.94;4516.04;-110.4;0.0;BULL;BUY;OFF;0.87;17.16;13.02;27.62;4522.34;4494.82;4482.58;4470.35;4458.12;4445.88
2026.05.25 01:00:00;XAUUSD;PERIOD_M30;LIVE;VALID;BUY;4552.17;2026.05.25 08:30:00;4553.30;113.0;15;WIN;NEXT_SIGNAL;2026.05.25 09:00:00;4553.29;112.0;16;WIN;REV;YES;;;;12.21;36;4520.86;4517.50;336.2;14.0;BULL;BUY;OFF;0.92;23.23;20.33;19.44;4536.91;4564.38;4576.58;4588.79;4601.00;4613.20
2026.05.25 08:30:00;XAUUSD;PERIOD_M30;LIVE;VALID;SELL;4553.30;2026.05.25 12:30:00;4567.50;-1420.0;8;LOSS;NEXT_SIGNAL;2026.05.25 13:00:00;4567.84;-1454.0;9;LOSS;REV;YES;;;;10.45;36;4558.93;4560.07;-114.8;0.0;BULL;BUY;OFF;0.77;21.63;10.03;16.66;4566.37;4542.85;4532.39;4521.94;4511.48;4501.03
2026.05.25 12:30:00;XAUUSD;PERIOD_M30;LIVE;VALID;BUY;4567.50;2026.05.26 02:30:00;4559.66;-784.0;22;LOSS;NEXT_SIGNAL;2026.05.26 03:00:00;4559.65;-785.0;23;LOSS;REV;YES;;;;8.23;36;4560.19;4559.88;30.6;0.0;BULL;BUY;OFF;0.86;19.29;22.85;7.49;4557.21;4575.73;4583.97;4592.20;4600.44;4608.67
2026.05.26 02:30:00;XAUUSD;PERIOD_M30;LIVE;VALID;SELL;4559.66;2026.05.27 01:30:00;4510.94;4872.0;44;WIN;NEXT_SIGNAL;2026.05.27 02:00:00;4511.35;4831.0;45;WIN;REV;YES;;;;7.20;36;4568.20;4568.91;-70.2;0.0;BULL NOISE;BUY;OFF;0.79;34.77;19.75;18.57;4568.67;4552.45;4545.25;4538.05;4530.84;4523.64
2026.05.27 01:30:00;XAUUSD;PERIOD_M30;LIVE;VALID;BUY;4510.94;2026.05.27 06:00:00;4507.04;-390.0;9;LOSS;NEXT_SIGNAL;2026.05.27 06:30:00;4507.08;-386.0;10;LOSS;REV;YES;;;;8.99;36;4506.11;4505.30;81.3;0.0;BULL;BUY;OFF;0.98;17.47;20.45;19.77;4499.71;4519.93;4528.91;4537.90;4546.89;4555.87
2026.05.27 06:00:00;XAUUSD;PERIOD_M30;LIVE;VALID;SELL;4507.04;2026.05.27 20:00:00;4449.78;5726.0;28;WIN;NEXT_SIGNAL;2026.05.27 20:30:00;4450.41;5663.0;29;WIN;REV;YES;;;;9.66;36;4508.97;4509.17;-19.8;0.0;BULL;BUY;OFF;0.94;19.61;20.13;20.79;4519.12;4497.38;4487.71;4478.05;4468.38;4458.72
2026.05.27 20:00:00;XAUUSD;PERIOD_M30;LIVE;VALID;BUY;4449.78;2026.05.28 03:00:00;4446.22;-356.0;12;LOSS;NEXT_SIGNAL;2026.05.28 03:30:00;4446.20;-358.0;13;LOSS;REV;YES;;;;21.00;35;4444.13;4444.05;7.6;-14.0;BEAR;SELL;OFF;0.79;26.85;22.59;20.99;4423.54;4470.78;4491.77;4512.77;4533.76;4554.76
2026.05.28 03:00:00;XAUUSD;PERIOD_M30;LIVE;VALID;SELL;4446.22;2026.05.28 03:30:00;4457.01;-1079.0;1;LOSS;NEXT_SIGNAL;2026.05.28 04:00:00;4457.33;-1111.0;2;LOSS;REV;YES;;;;7.85;34;4450.91;4451.09;-17.8;0.0;BEAR;SELL;OFF;0.94;21.95;16.40;19.45;4456.04;4438.37;4430.51;4422.66;4414.80;4406.95
2026.05.28 03:30:00;XAUUSD;PERIOD_M30;LIVE;VALID;BUY;4457.01;2026.05.28 04:00:00;4419.29;-3772.0;1;LOSS;NEXT_SIGNAL;2026.05.28 04:30:00;4419.09;-3792.0;2;LOSS;REV;YES;;;;8.30;36;4452.27;4451.95;31.9;14.0;BEAR;SELL;OFF;0.96;19.43;17.89;16.85;4446.63;4465.31;4473.62;4481.92;4490.22;4498.53
2026.05.28 04:00:00;XAUUSD;PERIOD_M30;LIVE;VALID;SELL;4419.29;2026.05.28 12:00:00;4396.37;2292.0;16;WIN;NEXT_SIGNAL;2026.05.28 12:30:00;4396.42;2287.0;17;WIN;REV;YES;;;;10.54;36;4444.94;4449.07;-413.3;-36.9;BEAR;SELL;OFF;0.97;19.45;15.51;23.07;4432.47;4408.75;4398.21;4387.67;4377.12;4366.58
2026.05.28 12:00:00;XAUUSD;PERIOD_M30;LIVE;VALID;BUY;4396.37;2026.05.29 02:30:00;4495.07;9870.0;27;WIN;NEXT_SIGNAL;2026.05.29 03:00:00;4495.14;9877.0;28;WIN;REV;YES;;;;13.34;34;4389.68;4389.13;55.4;0.0;BEAR;SELL;OFF;0.90;27.66;19.07;10.28;4379.70;4409.71;4423.04;4436.38;4449.72;4463.06
2026.05.29 02:30:00;XAUUSD;PERIOD_M30;LIVE;VALID;SELL;4495.07;2026.05.29 04:30:00;4506.39;-1132.0;4;LOSS;NEXT_SIGNAL;2026.05.29 05:00:00;4506.76;-1169.0;5;LOSS;REV;YES;;;;8.99;36;4494.44;4495.28;-84.0;14.0;BULL;BUY;OFF;0.78;28.77;10.52;17.55;4506.30;4486.08;4477.09;4468.11;4459.12;4450.13
2026.05.29 04:30:00;XAUUSD;PERIOD_M30;LIVE;VALID;BUY;4506.39;2026.05.29 23:00:00;4542.60;3621.0;37;WIN;NEXT_SIGNAL;2026.05.29 23:30:00;4542.59;3620.0;38;WIN;REV;YES;;;;8.41;36;4499.77;4499.03;73.5;0.0;BULL;BUY;OFF;0.84;24.26;18.65;9.90;4495.88;4514.80;4523.20;4531.61;4540.02;4548.43
2026.05.29 23:00:00;XAUUSD;PERIOD_M30;LIVE;VALID;SELL;4542.60;;;;;OPEN;TEST_END;;;;;;;YES;;;;16.83;45;4551.37;4552.72;-135.2;0.0;BULL;BUY;OFF;0.76;27.70;9.40;19.54;4563.64;4525.77;4508.94;4492.11;4475.27;4458.44
